#usda 1.0
(
    defaultPrim = "Court"
    metersPerUnit = 1
    upAxis = "Y"
)

def Xform "Court"
{
    def Mesh "dais"
    {
        uniform token subdivisionScheme = "none"
        point3f[] points = [(2.7, 0.0, 0.0), (2.7, 0.18, 0.0), (2.6769, 0.0, 0.35242), (2.6769, 0.18, 0.35242), (2.608, 0.0, 0.69881), (2.608, 0.18, 0.69881), (2.49447, 0.0, 1.03325), (2.49447, 0.18, 1.03325), (2.33827, 0.0, 1.35), (2.33827, 0.18, 1.35), (2.14205, 0.0, 1.64366), (2.14205, 0.18, 1.64366), (1.90919, 0.0, 1.90919), (1.90919, 0.18, 1.90919), (1.64366, 0.0, 2.14205), (1.64366, 0.18, 2.14205), (1.35, 0.0, 2.33827), (1.35, 0.18, 2.33827), (1.03325, 0.0, 2.49447), (1.03325, 0.18, 2.49447), (0.69881, 0.0, 2.608), (0.69881, 0.18, 2.608), (0.35242, 0.0, 2.6769), (0.35242, 0.18, 2.6769), (0.0, 0.0, 2.7), (0.0, 0.18, 2.7), (-0.35242, 0.0, 2.6769), (-0.35242, 0.18, 2.6769), (-0.69881, 0.0, 2.608), (-0.69881, 0.18, 2.608), (-1.03324, 0.0, 2.49447), (-1.03324, 0.18, 2.49447), (-1.35, 0.0, 2.33827), (-1.35, 0.18, 2.33827), (-1.64366, 0.0, 2.14205), (-1.64366, 0.18, 2.14205), (-1.90919, 0.0, 1.90919), (-1.90919, 0.18, 1.90919), (-2.14205, 0.0, 1.64366), (-2.14205, 0.18, 1.64366), (-2.33827, 0.0, 1.35), (-2.33827, 0.18, 1.35), (-2.49447, 0.0, 1.03325), (-2.49447, 0.18, 1.03325), (-2.608, 0.0, 0.69881), (-2.608, 0.18, 0.69881), (-2.6769, 0.0, 0.35242), (-2.6769, 0.18, 0.35242), (-2.7, 0.0, 0.0), (-2.7, 0.18, 0.0), (-2.6769, 0.0, -0.35242), (-2.6769, 0.18, -0.35242), (-2.608, 0.0, -0.69881), (-2.608, 0.18, -0.69881), (-2.49448, 0.0, -1.03324), (-2.49448, 0.18, -1.03324), (-2.33827, 0.0, -1.35), (-2.33827, 0.18, -1.35), (-2.14205, 0.0, -1.64366), (-2.14205, 0.18, -1.64366), (-1.90919, 0.0, -1.90919), (-1.90919, 0.18, -1.90919), (-1.64366, 0.0, -2.14205), (-1.64366, 0.18, -2.14205), (-1.35, 0.0, -2.33827), (-1.35, 0.18, -2.33827), (-1.03325, 0.0, -2.49447), (-1.03325, 0.18, -2.49447), (-0.69881, 0.0, -2.608), (-0.69881, 0.18, -2.608), (-0.35242, 0.0, -2.6769), (-0.35242, 0.18, -2.6769), (0.0, 0.0, -2.7), (0.0, 0.18, -2.7), (0.35242, 0.0, -2.6769), (0.35242, 0.18, -2.6769), (0.69881, 0.0, -2.608), (0.69881, 0.18, -2.608), (1.03324, 0.0, -2.49448), (1.03324, 0.18, -2.49448), (1.35, 0.0, -2.33827), (1.35, 0.18, -2.33827), (1.64366, 0.0, -2.14205), (1.64366, 0.18, -2.14205), (1.90919, 0.0, -1.90919), (1.90919, 0.18, -1.90919), (2.14205, 0.0, -1.64366), (2.14205, 0.18, -1.64366), (2.33827, 0.0, -1.35), (2.33827, 0.18, -1.35), (2.49447, 0.0, -1.03325), (2.49447, 0.18, -1.03325), (2.608, 0.0, -0.69881), (2.608, 0.18, -0.69881), (2.6769, 0.0, -0.35242), (2.6769, 0.18, -0.35242), (0.0, 0.0, 0.0), (0.0, 0.18, 0.0), (2.7, 0.0, 0.0), (2.7, 0.18, 0.0), (2.6769, 0.0, 0.35242), (2.6769, 0.18, 0.35242), (2.608, 0.0, 0.69881), (2.608, 0.18, 0.69881), (2.49447, 0.0, 1.03325), (2.49447, 0.18, 1.03325), (2.33827, 0.0, 1.35), (2.33827, 0.18, 1.35), (2.14205, 0.0, 1.64366), (2.14205, 0.18, 1.64366), (1.90919, 0.0, 1.90919), (1.90919, 0.18, 1.90919), (1.64366, 0.0, 2.14205), (1.64366, 0.18, 2.14205), (1.35, 0.0, 2.33827), (1.35, 0.18, 2.33827), (1.03325, 0.0, 2.49447), (1.03325, 0.18, 2.49447), (0.69881, 0.0, 2.608), (0.69881, 0.18, 2.608), (0.35242, 0.0, 2.6769), (0.35242, 0.18, 2.6769), (0.0, 0.0, 2.7), (0.0, 0.18, 2.7), (-0.35242, 0.0, 2.6769), (-0.35242, 0.18, 2.6769), (-0.69881, 0.0, 2.608), (-0.69881, 0.18, 2.608), (-1.03324, 0.0, 2.49447), (-1.03324, 0.18, 2.49447), (-1.35, 0.0, 2.33827), (-1.35, 0.18, 2.33827), (-1.64366, 0.0, 2.14205), (-1.64366, 0.18, 2.14205), (-1.90919, 0.0, 1.90919), (-1.90919, 0.18, 1.90919), (-2.14205, 0.0, 1.64366), (-2.14205, 0.18, 1.64366), (-2.33827, 0.0, 1.35), (-2.33827, 0.18, 1.35), (-2.49447, 0.0, 1.03325), (-2.49447, 0.18, 1.03325), (-2.608, 0.0, 0.69881), (-2.608, 0.18, 0.69881), (-2.6769, 0.0, 0.35242), (-2.6769, 0.18, 0.35242), (-2.7, 0.0, 0.0), (-2.7, 0.18, 0.0), (-2.6769, 0.0, -0.35242), (-2.6769, 0.18, -0.35242), (-2.608, 0.0, -0.69881), (-2.608, 0.18, -0.69881), (-2.49448, 0.0, -1.03324), (-2.49448, 0.18, -1.03324), (-2.33827, 0.0, -1.35), (-2.33827, 0.18, -1.35), (-2.14205, 0.0, -1.64366), (-2.14205, 0.18, -1.64366), (-1.90919, 0.0, -1.90919), (-1.90919, 0.18, -1.90919), (-1.64366, 0.0, -2.14205), (-1.64366, 0.18, -2.14205), (-1.35, 0.0, -2.33827), (-1.35, 0.18, -2.33827), (-1.03325, 0.0, -2.49447), (-1.03325, 0.18, -2.49447), (-0.69881, 0.0, -2.608), (-0.69881, 0.18, -2.608), (-0.35242, 0.0, -2.6769), (-0.35242, 0.18, -2.6769), (0.0, 0.0, -2.7), (0.0, 0.18, -2.7), (0.35242, 0.0, -2.6769), (0.35242, 0.18, -2.6769), (0.69881, 0.0, -2.608), (0.69881, 0.18, -2.608), (1.03324, 0.0, -2.49448), (1.03324, 0.18, -2.49448), (1.35, 0.0, -2.33827), (1.35, 0.18, -2.33827), (1.64366, 0.0, -2.14205), (1.64366, 0.18, -2.14205), (1.90919, 0.0, -1.90919), (1.90919, 0.18, -1.90919), (2.14205, 0.0, -1.64366), (2.14205, 0.18, -1.64366), (2.33827, 0.0, -1.35), (2.33827, 0.18, -1.35), (2.49447, 0.0, -1.03325), (2.49447, 0.18, -1.03325), (2.608, 0.0, -0.69881), (2.608, 0.18, -0.69881), (2.6769, 0.0, -0.35242), (2.6769, 0.18, -0.35242)]
        normal3f[] normals = [(1.0, 0.0, 0.0), (1.0, 0.0, 0.0), (0.99144, 0.0, 0.13053), (0.99144, 0.0, 0.13053), (0.96593, 0.0, 0.25882), (0.96593, 0.0, 0.25882), (0.92388, 0.0, 0.38268), (0.92388, 0.0, 0.38268), (0.86603, 0.0, 0.5), (0.86603, 0.0, 0.5), (0.79335, 0.0, 0.60876), (0.79335, 0.0, 0.60876), (0.70711, 0.0, 0.70711), (0.70711, 0.0, 0.70711), (0.60876, 0.0, 0.79335), (0.60876, 0.0, 0.79335), (0.5, 0.0, 0.86603), (0.5, 0.0, 0.86603), (0.38268, 0.0, 0.92388), (0.38268, 0.0, 0.92388), (0.25882, 0.0, 0.96593), (0.25882, 0.0, 0.96593), (0.13053, 0.0, 0.99144), (0.13053, 0.0, 0.99144), (0.0, 0.0, 1.0), (0.0, 0.0, 1.0), (-0.13053, 0.0, 0.99144), (-0.13053, 0.0, 0.99144), (-0.25882, 0.0, 0.96593), (-0.25882, 0.0, 0.96593), (-0.38268, 0.0, 0.92388), (-0.38268, 0.0, 0.92388), (-0.5, 0.0, 0.86603), (-0.5, 0.0, 0.86603), (-0.60876, 0.0, 0.79335), (-0.60876, 0.0, 0.79335), (-0.70711, 0.0, 0.70711), (-0.70711, 0.0, 0.70711), (-0.79335, 0.0, 0.60876), (-0.79335, 0.0, 0.60876), (-0.86603, 0.0, 0.5), (-0.86603, 0.0, 0.5), (-0.92388, 0.0, 0.38268), (-0.92388, 0.0, 0.38268), (-0.96593, 0.0, 0.25882), (-0.96593, 0.0, 0.25882), (-0.99144, 0.0, 0.13053), (-0.99144, 0.0, 0.13053), (-1.0, 0.0, 0.0), (-1.0, 0.0, 0.0), (-0.99144, 0.0, -0.13053), (-0.99144, 0.0, -0.13053), (-0.96593, 0.0, -0.25882), (-0.96593, 0.0, -0.25882), (-0.92388, 0.0, -0.38268), (-0.92388, 0.0, -0.38268), (-0.86603, 0.0, -0.5), (-0.86603, 0.0, -0.5), (-0.79335, 0.0, -0.60876), (-0.79335, 0.0, -0.60876), (-0.70711, 0.0, -0.70711), (-0.70711, 0.0, -0.70711), (-0.60876, 0.0, -0.79335), (-0.60876, 0.0, -0.79335), (-0.5, 0.0, -0.86603), (-0.5, 0.0, -0.86603), (-0.38268, 0.0, -0.92388), (-0.38268, 0.0, -0.92388), (-0.25882, 0.0, -0.96593), (-0.25882, 0.0, -0.96593), (-0.13053, 0.0, -0.99144), (-0.13053, 0.0, -0.99144), (0.0, 0.0, -1.0), (0.0, 0.0, -1.0), (0.13053, 0.0, -0.99144), (0.13053, 0.0, -0.99144), (0.25882, 0.0, -0.96593), (0.25882, 0.0, -0.96593), (0.38268, 0.0, -0.92388), (0.38268, 0.0, -0.92388), (0.5, 0.0, -0.86603), (0.5, 0.0, -0.86603), (0.60876, 0.0, -0.79335), (0.60876, 0.0, -0.79335), (0.70711, 0.0, -0.70711), (0.70711, 0.0, -0.70711), (0.79335, 0.0, -0.60876), (0.79335, 0.0, -0.60876), (0.86603, 0.0, -0.5), (0.86603, 0.0, -0.5), (0.92388, 0.0, -0.38268), (0.92388, 0.0, -0.38268), (0.96593, 0.0, -0.25882), (0.96593, 0.0, -0.25882), (0.99144, 0.0, -0.13053), (0.99144, 0.0, -0.13053), (0.0, -1.0, 0.0), (0.0, 1.0, 0.0), (0.0, -1.0, 0.0), (0.0, 1.0, 0.0), (0.0, -1.0, 0.0), (0.0, 1.0, 0.0), (0.0, -1.0, 0.0), (0.0, 1.0, 0.0), (0.0, -1.0, 0.0), (0.0, 1.0, 0.0), (0.0, -1.0, 0.0), (0.0, 1.0, 0.0), (0.0, -1.0, 0.0), (0.0, 1.0, 0.0), (0.0, -1.0, 0.0), (0.0, 1.0, 0.0), (0.0, -1.0, 0.0), (0.0, 1.0, 0.0), (0.0, -1.0, 0.0), (0.0, 1.0, 0.0), (0.0, -1.0, 0.0), (0.0, 1.0, 0.0), (0.0, -1.0, 0.0), (0.0, 1.0, 0.0), (0.0, -1.0, 0.0), (0.0, 1.0, 0.0), (0.0, -1.0, 0.0), (0.0, 1.0, 0.0), (0.0, -1.0, 0.0), (0.0, 1.0, 0.0), (0.0, -1.0, 0.0), (0.0, 1.0, 0.0), (0.0, -1.0, 0.0), (0.0, 1.0, 0.0), (0.0, -1.0, 0.0), (0.0, 1.0, 0.0), (0.0, -1.0, 0.0), (0.0, 1.0, 0.0), (0.0, -1.0, 0.0), (0.0, 1.0, 0.0), (0.0, -1.0, 0.0), (0.0, 1.0, 0.0), (0.0, -1.0, 0.0), (0.0, 1.0, 0.0), (0.0, -1.0, 0.0), (0.0, 1.0, 0.0), (0.0, -1.0, 0.0), (0.0, 1.0, 0.0), (0.0, -1.0, 0.0), (0.0, 1.0, 0.0), (0.0, -1.0, 0.0), (0.0, 1.0, 0.0), (0.0, -1.0, 0.0), (0.0, 1.0, 0.0), (0.0, -1.0, 0.0), (0.0, 1.0, 0.0), (0.0, -1.0, 0.0), (0.0, 1.0, 0.0), (0.0, -1.0, 0.0), (0.0, 1.0, 0.0), (0.0, -1.0, 0.0), (0.0, 1.0, 0.0), (0.0, -1.0, 0.0), (0.0, 1.0, 0.0), (0.0, -1.0, 0.0), (0.0, 1.0, 0.0), (0.0, -1.0, 0.0), (0.0, 1.0, 0.0), (0.0, -1.0, 0.0), (0.0, 1.0, 0.0), (0.0, -1.0, 0.0), (0.0, 1.0, 0.0), (0.0, -1.0, 0.0), (0.0, 1.0, 0.0), (0.0, -1.0, 0.0), (0.0, 1.0, 0.0), (0.0, -1.0, 0.0), (0.0, 1.0, 0.0), (0.0, -1.0, 0.0), (0.0, 1.0, 0.0), (0.0, -1.0, 0.0), (0.0, 1.0, 0.0), (0.0, -1.0, 0.0), (0.0, 1.0, 0.0), (0.0, -1.0, 0.0), (0.0, 1.0, 0.0), (0.0, -1.0, 0.0), (0.0, 1.0, 0.0), (0.0, -1.0, 0.0), (0.0, 1.0, 0.0), (0.0, -1.0, 0.0), (0.0, 1.0, 0.0), (0.0, -1.0, 0.0), (0.0, 1.0, 0.0), (0.0, -1.0, 0.0), (0.0, 1.0, 0.0), (0.0, -1.0, 0.0), (0.0, 1.0, 0.0)] (
            interpolation = "vertex"
        )
        int[] faceVertexCounts = [4, 4, 4, 4, 4, 4, 4, 4, 4, 4, 4, 4, 4, 4, 4, 4, 4, 4, 4, 4, 4, 4, 4, 4, 4, 4, 4, 4, 4, 4, 4, 4, 4, 4, 4, 4, 4, 4, 4, 4, 4, 4, 4, 4, 4, 4, 4, 4, 3, 3, 3, 3, 3, 3, 3, 3, 3, 3, 3, 3, 3, 3, 3, 3, 3, 3, 3, 3, 3, 3, 3, 3, 3, 3, 3, 3, 3, 3, 3, 3, 3, 3, 3, 3, 3, 3, 3, 3, 3, 3, 3, 3, 3, 3, 3, 3, 3, 3, 3, 3, 3, 3, 3, 3, 3, 3, 3, 3, 3, 3, 3, 3, 3, 3, 3, 3, 3, 3, 3, 3, 3, 3, 3, 3, 3, 3, 3, 3, 3, 3, 3, 3, 3, 3, 3, 3, 3, 3, 3, 3, 3, 3, 3, 3]
        int[] faceVertexIndices = [0, 2, 3, 1, 2, 4, 5, 3, 4, 6, 7, 5, 6, 8, 9, 7, 8, 10, 11, 9, 10, 12, 13, 11, 12, 14, 15, 13, 14, 16, 17, 15, 16, 18, 19, 17, 18, 20, 21, 19, 20, 22, 23, 21, 22, 24, 25, 23, 24, 26, 27, 25, 26, 28, 29, 27, 28, 30, 31, 29, 30, 32, 33, 31, 32, 34, 35, 33, 34, 36, 37, 35, 36, 38, 39, 37, 38, 40, 41, 39, 40, 42, 43, 41, 42, 44, 45, 43, 44, 46, 47, 45, 46, 48, 49, 47, 48, 50, 51, 49, 50, 52, 53, 51, 52, 54, 55, 53, 54, 56, 57, 55, 56, 58, 59, 57, 58, 60, 61, 59, 60, 62, 63, 61, 62, 64, 65, 63, 64, 66, 67, 65, 66, 68, 69, 67, 68, 70, 71, 69, 70, 72, 73, 71, 72, 74, 75, 73, 74, 76, 77, 75, 76, 78, 79, 77, 78, 80, 81, 79, 80, 82, 83, 81, 82, 84, 85, 83, 84, 86, 87, 85, 86, 88, 89, 87, 88, 90, 91, 89, 90, 92, 93, 91, 92, 94, 95, 93, 94, 0, 1, 95, 96, 98, 100, 97, 101, 99, 96, 100, 102, 97, 103, 101, 96, 102, 104, 97, 105, 103, 96, 104, 106, 97, 107, 105, 96, 106, 108, 97, 109, 107, 96, 108, 110, 97, 111, 109, 96, 110, 112, 97, 113, 111, 96, 112, 114, 97, 115, 113, 96, 114, 116, 97, 117, 115, 96, 116, 118, 97, 119, 117, 96, 118, 120, 97, 121, 119, 96, 120, 122, 97, 123, 121, 96, 122, 124, 97, 125, 123, 96, 124, 126, 97, 127, 125, 96, 126, 128, 97, 129, 127, 96, 128, 130, 97, 131, 129, 96, 130, 132, 97, 133, 131, 96, 132, 134, 97, 135, 133, 96, 134, 136, 97, 137, 135, 96, 136, 138, 97, 139, 137, 96, 138, 140, 97, 141, 139, 96, 140, 142, 97, 143, 141, 96, 142, 144, 97, 145, 143, 96, 144, 146, 97, 147, 145, 96, 146, 148, 97, 149, 147, 96, 148, 150, 97, 151, 149, 96, 150, 152, 97, 153, 151, 96, 152, 154, 97, 155, 153, 96, 154, 156, 97, 157, 155, 96, 156, 158, 97, 159, 157, 96, 158, 160, 97, 161, 159, 96, 160, 162, 97, 163, 161, 96, 162, 164, 97, 165, 163, 96, 164, 166, 97, 167, 165, 96, 166, 168, 97, 169, 167, 96, 168, 170, 97, 171, 169, 96, 170, 172, 97, 173, 171, 96, 172, 174, 97, 175, 173, 96, 174, 176, 97, 177, 175, 96, 176, 178, 97, 179, 177, 96, 178, 180, 97, 181, 179, 96, 180, 182, 97, 183, 181, 96, 182, 184, 97, 185, 183, 96, 184, 186, 97, 187, 185, 96, 186, 188, 97, 189, 187, 96, 188, 190, 97, 191, 189, 96, 190, 192, 97, 193, 191, 96, 192, 98, 97, 99, 193]
        rel material:binding = </Court/Materials/stone>
    }

    def Xform "plinths"
    {
        double3 xformOp:translate = (0, 0.18, 0)
        uniform token[] xformOpOrder = ["xformOp:translate"]

        def Xform "plinthOrb"
        {
            double3 xformOp:translate = (-1.35, 0, 0.4)
            uniform token[] xformOpOrder = ["xformOp:translate"]

            def Mesh "base"
            {
                uniform token subdivisionScheme = "none"
                point3f[] points = [(-0.31, 0.0, 0.31), (0.31, 0.0, 0.31), (0.31, 0.62, 0.31), (-0.31, 0.62, 0.31), (0.31, 0.0, -0.31), (-0.31, 0.0, -0.31), (-0.31, 0.62, -0.31), (0.31, 0.62, -0.31), (0.31, 0.0, 0.31), (0.31, 0.0, -0.31), (0.31, 0.62, -0.31), (0.31, 0.62, 0.31), (-0.31, 0.0, -0.31), (-0.31, 0.0, 0.31), (-0.31, 0.62, 0.31), (-0.31, 0.62, -0.31), (-0.31, 0.62, 0.31), (0.31, 0.62, 0.31), (0.31, 0.62, -0.31), (-0.31, 0.62, -0.31), (-0.31, 0.0, -0.31), (0.31, 0.0, -0.31), (0.31, 0.0, 0.31), (-0.31, 0.0, 0.31)]
                normal3f[] normals = [(0.0, 0.0, 1.0), (0.0, 0.0, 1.0), (0.0, 0.0, 1.0), (0.0, 0.0, 1.0), (0.0, 0.0, -1.0), (0.0, 0.0, -1.0), (0.0, 0.0, -1.0), (0.0, 0.0, -1.0), (1.0, 0.0, 0.0), (1.0, 0.0, 0.0), (1.0, 0.0, 0.0), (1.0, 0.0, 0.0), (-1.0, 0.0, 0.0), (-1.0, 0.0, 0.0), (-1.0, 0.0, 0.0), (-1.0, 0.0, 0.0), (0.0, 1.0, 0.0), (0.0, 1.0, 0.0), (0.0, 1.0, 0.0), (0.0, 1.0, 0.0), (0.0, -1.0, 0.0), (0.0, -1.0, 0.0), (0.0, -1.0, 0.0), (0.0, -1.0, 0.0)] (
                    interpolation = "vertex"
                )
                int[] faceVertexCounts = [4, 4, 4, 4, 4, 4]
                int[] faceVertexIndices = [0, 1, 2, 3, 4, 5, 6, 7, 8, 9, 10, 11, 12, 13, 14, 15, 16, 17, 18, 19, 20, 21, 22, 23]
                rel material:binding = </Court/Materials/stone>
            }

            def Mesh "orb"
            {
                double3 xformOp:translate = (0.0, 1.06, 0.0)
                uniform token[] xformOpOrder = ["xformOp:translate"]
                uniform token subdivisionScheme = "none"
                point3f[] points = [(0.0, 0.42, 0.0), (0.0, 0.42, 0.0), (0.0, 0.42, 0.0), (0.0, 0.42, 0.0), (0.0, 0.42, 0.0), (0.0, 0.42, 0.0), (0.0, 0.42, 0.0), (0.0, 0.42, 0.0), (0.0, 0.42, 0.0), (-0.0, 0.42, 0.0), (-0.0, 0.42, 0.0), (-0.0, 0.42, 0.0), (-0.0, 0.42, 0.0), (-0.0, 0.42, 0.0), (-0.0, 0.42, 0.0), (-0.0, 0.42, 0.0), (-0.0, 0.42, 0.0), (-0.0, 0.42, -0.0), (-0.0, 0.42, -0.0), (-0.0, 0.42, -0.0), (-0.0, 0.42, -0.0), (-0.0, 0.42, -0.0), (-0.0, 0.42, -0.0), (-0.0, 0.42, -0.0), (0.0, 0.42, -0.0), (0.0, 0.42, -0.0), (0.0, 0.42, -0.0), (0.0, 0.42, -0.0), (0.0, 0.42, -0.0), (0.0, 0.42, -0.0), (0.0, 0.42, -0.0), (0.0, 0.42, -0.0), (0.0657, 0.41483, 0.0), (0.06444, 0.41483, 0.01282), (0.0607, 0.41483, 0.02514), (0.05463, 0.41483, 0.0365), (0.04646, 0.41483, 0.04646), (0.0365, 0.41483, 0.05463), (0.02514, 0.41483, 0.0607), (0.01282, 0.41483, 0.06444), (0.0, 0.41483, 0.0657), (-0.01282, 0.41483, 0.06444), (-0.02514, 0.41483, 0.0607), (-0.0365, 0.41483, 0.05463), (-0.04646, 0.41483, 0.04646), (-0.05463, 0.41483, 0.0365), (-0.0607, 0.41483, 0.02514), (-0.06444, 0.41483, 0.01282), (-0.0657, 0.41483, 0.0), (-0.06444, 0.41483, -0.01282), (-0.0607, 0.41483, -0.02514), (-0.05463, 0.41483, -0.0365), (-0.04646, 0.41483, -0.04646), (-0.0365, 0.41483, -0.05463), (-0.02514, 0.41483, -0.0607), (-0.01282, 0.41483, -0.06444), (0.0, 0.41483, -0.0657), (0.01282, 0.41483, -0.06444), (0.02514, 0.41483, -0.0607), (0.0365, 0.41483, -0.05463), (0.04646, 0.41483, -0.04646), (0.05463, 0.41483, -0.0365), (0.0607, 0.41483, -0.02514), (0.06444, 0.41483, -0.01282), (0.12979, 0.39944, 0.0), (0.12729, 0.39944, 0.02532), (0.11991, 0.39944, 0.04967), (0.10791, 0.39944, 0.07211), (0.09177, 0.39944, 0.09177), (0.07211, 0.39944, 0.10791), (0.04967, 0.39944, 0.11991), (0.02532, 0.39944, 0.12729), (0.0, 0.39944, 0.12979), (-0.02532, 0.39944, 0.12729), (-0.04967, 0.39944, 0.11991), (-0.07211, 0.39944, 0.10791), (-0.09177, 0.39944, 0.09177), (-0.10791, 0.39944, 0.07211), (-0.11991, 0.39944, 0.04967), (-0.12729, 0.39944, 0.02532), (-0.12979, 0.39944, 0.0), (-0.12729, 0.39944, -0.02532), (-0.11991, 0.39944, -0.04967), (-0.10791, 0.39944, -0.07211), (-0.09177, 0.39944, -0.09177), (-0.07211, 0.39944, -0.10791), (-0.04967, 0.39944, -0.11991), (-0.02532, 0.39944, -0.12729), (0.0, 0.39944, -0.12979), (0.02532, 0.39944, -0.12729), (0.04967, 0.39944, -0.11991), (0.07211, 0.39944, -0.10791), (0.09177, 0.39944, -0.09177), (0.10791, 0.39944, -0.07211), (0.11991, 0.39944, -0.04967), (0.12729, 0.39944, -0.02532), (0.19068, 0.37422, 0.0), (0.18701, 0.37422, 0.0372), (0.17616, 0.37422, 0.07297), (0.15854, 0.37422, 0.10593), (0.13483, 0.37422, 0.13483), (0.10593, 0.37422, 0.15854), (0.07297, 0.37422, 0.17616), (0.0372, 0.37422, 0.18701), (0.0, 0.37422, 0.19068), (-0.0372, 0.37422, 0.18701), (-0.07297, 0.37422, 0.17616), (-0.10593, 0.37422, 0.15854), (-0.13483, 0.37422, 0.13483), (-0.15854, 0.37422, 0.10593), (-0.17616, 0.37422, 0.07297), (-0.18701, 0.37422, 0.0372), (-0.19068, 0.37422, 0.0), (-0.18701, 0.37422, -0.0372), (-0.17616, 0.37422, -0.07297), (-0.15854, 0.37422, -0.10593), (-0.13483, 0.37422, -0.13483), (-0.10593, 0.37422, -0.15854), (-0.07297, 0.37422, -0.17616), (-0.0372, 0.37422, -0.18701), (0.0, 0.37422, -0.19068), (0.0372, 0.37422, -0.18701), (0.07297, 0.37422, -0.17616), (0.10593, 0.37422, -0.15854), (0.13483, 0.37422, -0.13483), (0.15854, 0.37422, -0.10593), (0.17616, 0.37422, -0.07297), (0.18701, 0.37422, -0.0372), (0.24687, 0.33979, 0.0), (0.24213, 0.33979, 0.04816), (0.22808, 0.33979, 0.09447), (0.20526, 0.33979, 0.13715), (0.17456, 0.33979, 0.17456), (0.13715, 0.33979, 0.20526), (0.09447, 0.33979, 0.22808), (0.04816, 0.33979, 0.24213), (0.0, 0.33979, 0.24687), (-0.04816, 0.33979, 0.24213), (-0.09447, 0.33979, 0.22808), (-0.13715, 0.33979, 0.20526), (-0.17456, 0.33979, 0.17456), (-0.20526, 0.33979, 0.13715), (-0.22808, 0.33979, 0.09447), (-0.24213, 0.33979, 0.04816), (-0.24687, 0.33979, 0.0), (-0.24213, 0.33979, -0.04816), (-0.22808, 0.33979, -0.09447), (-0.20526, 0.33979, -0.13715), (-0.17456, 0.33979, -0.17456), (-0.13715, 0.33979, -0.20526), (-0.09447, 0.33979, -0.22808), (-0.04816, 0.33979, -0.24213), (0.0, 0.33979, -0.24687), (0.04816, 0.33979, -0.24213), (0.09447, 0.33979, -0.22808), (0.13715, 0.33979, -0.20526), (0.17456, 0.33979, -0.17456), (0.20526, 0.33979, -0.13715), (0.22808, 0.33979, -0.09447), (0.24213, 0.33979, -0.04816), (0.29698, 0.29698, 0.0), (0.29128, 0.29698, 0.05794), (0.27438, 0.29698, 0.11365), (0.24693, 0.29698, 0.165), (0.21, 0.29698, 0.21), (0.165, 0.29698, 0.24693), (0.11365, 0.29698, 0.27438), (0.05794, 0.29698, 0.29128), (0.0, 0.29698, 0.29698), (-0.05794, 0.29698, 0.29128), (-0.11365, 0.29698, 0.27438), (-0.165, 0.29698, 0.24693), (-0.21, 0.29698, 0.21), (-0.24693, 0.29698, 0.165), (-0.27438, 0.29698, 0.11365), (-0.29128, 0.29698, 0.05794), (-0.29698, 0.29698, 0.0), (-0.29128, 0.29698, -0.05794), (-0.27438, 0.29698, -0.11365), (-0.24693, 0.29698, -0.165), (-0.21, 0.29698, -0.21), (-0.165, 0.29698, -0.24693), (-0.11365, 0.29698, -0.27438), (-0.05794, 0.29698, -0.29128), (0.0, 0.29698, -0.29698), (0.05794, 0.29698, -0.29128), (0.11365, 0.29698, -0.27438), (0.165, 0.29698, -0.24693), (0.21, 0.29698, -0.21), (0.24693, 0.29698, -0.165), (0.27438, 0.29698, -0.11365), (0.29128, 0.29698, -0.05794), (0.33979, 0.24687, 0.0), (0.33326, 0.24687, 0.06629), (0.31392, 0.24687, 0.13003), (0.28252, 0.24687, 0.18878), (0.24027, 0.24687, 0.24027), (0.18878, 0.24687, 0.28252), (0.13003, 0.24687, 0.31392), (0.06629, 0.24687, 0.33326), (0.0, 0.24687, 0.33979), (-0.06629, 0.24687, 0.33326), (-0.13003, 0.24687, 0.31392), (-0.18878, 0.24687, 0.28252), (-0.24027, 0.24687, 0.24027), (-0.28252, 0.24687, 0.18878), (-0.31392, 0.24687, 0.13003), (-0.33326, 0.24687, 0.06629), (-0.33979, 0.24687, 0.0), (-0.33326, 0.24687, -0.06629), (-0.31392, 0.24687, -0.13003), (-0.28252, 0.24687, -0.18878), (-0.24027, 0.24687, -0.24027), (-0.18878, 0.24687, -0.28252), (-0.13003, 0.24687, -0.31392), (-0.06629, 0.24687, -0.33326), (0.0, 0.24687, -0.33979), (0.06629, 0.24687, -0.33326), (0.13003, 0.24687, -0.31392), (0.18878, 0.24687, -0.28252), (0.24027, 0.24687, -0.24027), (0.28252, 0.24687, -0.18878), (0.31392, 0.24687, -0.13003), (0.33326, 0.24687, -0.06629), (0.37422, 0.19068, 0.0), (0.36703, 0.19068, 0.07301), (0.34574, 0.19068, 0.14321), (0.31115, 0.19068, 0.20791), (0.26462, 0.19068, 0.26462), (0.20791, 0.19068, 0.31115), (0.14321, 0.19068, 0.34574), (0.07301, 0.19068, 0.36703), (0.0, 0.19068, 0.37422), (-0.07301, 0.19068, 0.36703), (-0.14321, 0.19068, 0.34574), (-0.20791, 0.19068, 0.31115), (-0.26462, 0.19068, 0.26462), (-0.31115, 0.19068, 0.20791), (-0.34574, 0.19068, 0.14321), (-0.36703, 0.19068, 0.07301), (-0.37422, 0.19068, 0.0), (-0.36703, 0.19068, -0.07301), (-0.34574, 0.19068, -0.14321), (-0.31115, 0.19068, -0.20791), (-0.26462, 0.19068, -0.26462), (-0.20791, 0.19068, -0.31115), (-0.14321, 0.19068, -0.34574), (-0.07301, 0.19068, -0.36703), (0.0, 0.19068, -0.37422), (0.07301, 0.19068, -0.36703), (0.14321, 0.19068, -0.34574), (0.20791, 0.19068, -0.31115), (0.26462, 0.19068, -0.26462), (0.31115, 0.19068, -0.20791), (0.34574, 0.19068, -0.14321), (0.36703, 0.19068, -0.07301), (0.39944, 0.12979, 0.0), (0.39177, 0.12979, 0.07793), (0.36904, 0.12979, 0.15286), (0.33213, 0.12979, 0.22192), (0.28245, 0.12979, 0.28245), (0.22192, 0.12979, 0.33213), (0.15286, 0.12979, 0.36904), (0.07793, 0.12979, 0.39177), (0.0, 0.12979, 0.39944), (-0.07793, 0.12979, 0.39177), (-0.15286, 0.12979, 0.36904), (-0.22192, 0.12979, 0.33213), (-0.28245, 0.12979, 0.28245), (-0.33213, 0.12979, 0.22192), (-0.36904, 0.12979, 0.15286), (-0.39177, 0.12979, 0.07793), (-0.39944, 0.12979, 0.0), (-0.39177, 0.12979, -0.07793), (-0.36904, 0.12979, -0.15286), (-0.33213, 0.12979, -0.22192), (-0.28245, 0.12979, -0.28245), (-0.22192, 0.12979, -0.33213), (-0.15286, 0.12979, -0.36904), (-0.07793, 0.12979, -0.39177), (0.0, 0.12979, -0.39944), (0.07793, 0.12979, -0.39177), (0.15286, 0.12979, -0.36904), (0.22192, 0.12979, -0.33213), (0.28245, 0.12979, -0.28245), (0.33213, 0.12979, -0.22192), (0.36904, 0.12979, -0.15286), (0.39177, 0.12979, -0.07793), (0.41483, 0.0657, 0.0), (0.40686, 0.0657, 0.08093), (0.38325, 0.0657, 0.15875), (0.34492, 0.0657, 0.23047), (0.29333, 0.0657, 0.29333), (0.23047, 0.0657, 0.34492), (0.15875, 0.0657, 0.38325), (0.08093, 0.0657, 0.40686), (0.0, 0.0657, 0.41483), (-0.08093, 0.0657, 0.40686), (-0.15875, 0.0657, 0.38325), (-0.23047, 0.0657, 0.34492), (-0.29333, 0.0657, 0.29333), (-0.34492, 0.0657, 0.23047), (-0.38325, 0.0657, 0.15875), (-0.40686, 0.0657, 0.08093), (-0.41483, 0.0657, 0.0), (-0.40686, 0.0657, -0.08093), (-0.38325, 0.0657, -0.15875), (-0.34492, 0.0657, -0.23047), (-0.29333, 0.0657, -0.29333), (-0.23047, 0.0657, -0.34492), (-0.15875, 0.0657, -0.38325), (-0.08093, 0.0657, -0.40686), (0.0, 0.0657, -0.41483), (0.08093, 0.0657, -0.40686), (0.15875, 0.0657, -0.38325), (0.23047, 0.0657, -0.34492), (0.29333, 0.0657, -0.29333), (0.34492, 0.0657, -0.23047), (0.38325, 0.0657, -0.15875), (0.40686, 0.0657, -0.08093), (0.42, 0.0, 0.0), (0.41193, 0.0, 0.08194), (0.38803, 0.0, 0.16073), (0.34922, 0.0, 0.23334), (0.29698, 0.0, 0.29698), (0.23334, 0.0, 0.34922), (0.16073, 0.0, 0.38803), (0.08194, 0.0, 0.41193), (0.0, 0.0, 0.42), (-0.08194, 0.0, 0.41193), (-0.16073, 0.0, 0.38803), (-0.23334, 0.0, 0.34922), (-0.29698, 0.0, 0.29698), (-0.34922, 0.0, 0.23334), (-0.38803, 0.0, 0.16073), (-0.41193, 0.0, 0.08194), (-0.42, 0.0, 0.0), (-0.41193, 0.0, -0.08194), (-0.38803, 0.0, -0.16073), (-0.34922, 0.0, -0.23334), (-0.29698, 0.0, -0.29698), (-0.23334, 0.0, -0.34922), (-0.16073, 0.0, -0.38803), (-0.08194, 0.0, -0.41193), (0.0, 0.0, -0.42), (0.08194, 0.0, -0.41193), (0.16073, 0.0, -0.38803), (0.23334, 0.0, -0.34922), (0.29698, 0.0, -0.29698), (0.34922, 0.0, -0.23334), (0.38803, 0.0, -0.16073), (0.41193, 0.0, -0.08194), (0.41483, -0.0657, 0.0), (0.40686, -0.0657, 0.08093), (0.38325, -0.0657, 0.15875), (0.34492, -0.0657, 0.23047), (0.29333, -0.0657, 0.29333), (0.23047, -0.0657, 0.34492), (0.15875, -0.0657, 0.38325), (0.08093, -0.0657, 0.40686), (0.0, -0.0657, 0.41483), (-0.08093, -0.0657, 0.40686), (-0.15875, -0.0657, 0.38325), (-0.23047, -0.0657, 0.34492), (-0.29333, -0.0657, 0.29333), (-0.34492, -0.0657, 0.23047), (-0.38325, -0.0657, 0.15875), (-0.40686, -0.0657, 0.08093), (-0.41483, -0.0657, 0.0), (-0.40686, -0.0657, -0.08093), (-0.38325, -0.0657, -0.15875), (-0.34492, -0.0657, -0.23047), (-0.29333, -0.0657, -0.29333), (-0.23047, -0.0657, -0.34492), (-0.15875, -0.0657, -0.38325), (-0.08093, -0.0657, -0.40686), (0.0, -0.0657, -0.41483), (0.08093, -0.0657, -0.40686), (0.15875, -0.0657, -0.38325), (0.23047, -0.0657, -0.34492), (0.29333, -0.0657, -0.29333), (0.34492, -0.0657, -0.23047), (0.38325, -0.0657, -0.15875), (0.40686, -0.0657, -0.08093), (0.39944, -0.12979, 0.0), (0.39177, -0.12979, 0.07793), (0.36904, -0.12979, 0.15286), (0.33213, -0.12979, 0.22192), (0.28245, -0.12979, 0.28245), (0.22192, -0.12979, 0.33213), (0.15286, -0.12979, 0.36904), (0.07793, -0.12979, 0.39177), (0.0, -0.12979, 0.39944), (-0.07793, -0.12979, 0.39177), (-0.15286, -0.12979, 0.36904), (-0.22192, -0.12979, 0.33213), (-0.28245, -0.12979, 0.28245), (-0.33213, -0.12979, 0.22192), (-0.36904, -0.12979, 0.15286), (-0.39177, -0.12979, 0.07793), (-0.39944, -0.12979, 0.0), (-0.39177, -0.12979, -0.07793), (-0.36904, -0.12979, -0.15286), (-0.33213, -0.12979, -0.22192), (-0.28245, -0.12979, -0.28245), (-0.22192, -0.12979, -0.33213), (-0.15286, -0.12979, -0.36904), (-0.07793, -0.12979, -0.39177), (0.0, -0.12979, -0.39944), (0.07793, -0.12979, -0.39177), (0.15286, -0.12979, -0.36904), (0.22192, -0.12979, -0.33213), (0.28245, -0.12979, -0.28245), (0.33213, -0.12979, -0.22192), (0.36904, -0.12979, -0.15286), (0.39177, -0.12979, -0.07793), (0.37422, -0.19068, 0.0), (0.36703, -0.19068, 0.07301), (0.34574, -0.19068, 0.14321), (0.31115, -0.19068, 0.20791), (0.26462, -0.19068, 0.26462), (0.20791, -0.19068, 0.31115), (0.14321, -0.19068, 0.34574), (0.07301, -0.19068, 0.36703), (0.0, -0.19068, 0.37422), (-0.07301, -0.19068, 0.36703), (-0.14321, -0.19068, 0.34574), (-0.20791, -0.19068, 0.31115), (-0.26462, -0.19068, 0.26462), (-0.31115, -0.19068, 0.20791), (-0.34574, -0.19068, 0.14321), (-0.36703, -0.19068, 0.07301), (-0.37422, -0.19068, 0.0), (-0.36703, -0.19068, -0.07301), (-0.34574, -0.19068, -0.14321), (-0.31115, -0.19068, -0.20791), (-0.26462, -0.19068, -0.26462), (-0.20791, -0.19068, -0.31115), (-0.14321, -0.19068, -0.34574), (-0.07301, -0.19068, -0.36703), (0.0, -0.19068, -0.37422), (0.07301, -0.19068, -0.36703), (0.14321, -0.19068, -0.34574), (0.20791, -0.19068, -0.31115), (0.26462, -0.19068, -0.26462), (0.31115, -0.19068, -0.20791), (0.34574, -0.19068, -0.14321), (0.36703, -0.19068, -0.07301), (0.33979, -0.24687, 0.0), (0.33326, -0.24687, 0.06629), (0.31392, -0.24687, 0.13003), (0.28252, -0.24687, 0.18878), (0.24027, -0.24687, 0.24027), (0.18878, -0.24687, 0.28252), (0.13003, -0.24687, 0.31392), (0.06629, -0.24687, 0.33326), (0.0, -0.24687, 0.33979), (-0.06629, -0.24687, 0.33326), (-0.13003, -0.24687, 0.31392), (-0.18878, -0.24687, 0.28252), (-0.24027, -0.24687, 0.24027), (-0.28252, -0.24687, 0.18878), (-0.31392, -0.24687, 0.13003), (-0.33326, -0.24687, 0.06629), (-0.33979, -0.24687, 0.0), (-0.33326, -0.24687, -0.06629), (-0.31392, -0.24687, -0.13003), (-0.28252, -0.24687, -0.18878), (-0.24027, -0.24687, -0.24027), (-0.18878, -0.24687, -0.28252), (-0.13003, -0.24687, -0.31392), (-0.06629, -0.24687, -0.33326), (0.0, -0.24687, -0.33979), (0.06629, -0.24687, -0.33326), (0.13003, -0.24687, -0.31392), (0.18878, -0.24687, -0.28252), (0.24027, -0.24687, -0.24027), (0.28252, -0.24687, -0.18878), (0.31392, -0.24687, -0.13003), (0.33326, -0.24687, -0.06629), (0.29698, -0.29698, 0.0), (0.29128, -0.29698, 0.05794), (0.27438, -0.29698, 0.11365), (0.24693, -0.29698, 0.165), (0.21, -0.29698, 0.21), (0.165, -0.29698, 0.24693), (0.11365, -0.29698, 0.27438), (0.05794, -0.29698, 0.29128), (0.0, -0.29698, 0.29698), (-0.05794, -0.29698, 0.29128), (-0.11365, -0.29698, 0.27438), (-0.165, -0.29698, 0.24693), (-0.21, -0.29698, 0.21), (-0.24693, -0.29698, 0.165), (-0.27438, -0.29698, 0.11365), (-0.29128, -0.29698, 0.05794), (-0.29698, -0.29698, 0.0), (-0.29128, -0.29698, -0.05794), (-0.27438, -0.29698, -0.11365), (-0.24693, -0.29698, -0.165), (-0.21, -0.29698, -0.21), (-0.165, -0.29698, -0.24693), (-0.11365, -0.29698, -0.27438), (-0.05794, -0.29698, -0.29128), (0.0, -0.29698, -0.29698), (0.05794, -0.29698, -0.29128), (0.11365, -0.29698, -0.27438), (0.165, -0.29698, -0.24693), (0.21, -0.29698, -0.21), (0.24693, -0.29698, -0.165), (0.27438, -0.29698, -0.11365), (0.29128, -0.29698, -0.05794), (0.24687, -0.33979, 0.0), (0.24213, -0.33979, 0.04816), (0.22808, -0.33979, 0.09447), (0.20526, -0.33979, 0.13715), (0.17456, -0.33979, 0.17456), (0.13715, -0.33979, 0.20526), (0.09447, -0.33979, 0.22808), (0.04816, -0.33979, 0.24213), (0.0, -0.33979, 0.24687), (-0.04816, -0.33979, 0.24213), (-0.09447, -0.33979, 0.22808), (-0.13715, -0.33979, 0.20526), (-0.17456, -0.33979, 0.17456), (-0.20526, -0.33979, 0.13715), (-0.22808, -0.33979, 0.09447), (-0.24213, -0.33979, 0.04816), (-0.24687, -0.33979, 0.0), (-0.24213, -0.33979, -0.04816), (-0.22808, -0.33979, -0.09447), (-0.20526, -0.33979, -0.13715), (-0.17456, -0.33979, -0.17456), (-0.13715, -0.33979, -0.20526), (-0.09447, -0.33979, -0.22808), (-0.04816, -0.33979, -0.24213), (0.0, -0.33979, -0.24687), (0.04816, -0.33979, -0.24213), (0.09447, -0.33979, -0.22808), (0.13715, -0.33979, -0.20526), (0.17456, -0.33979, -0.17456), (0.20526, -0.33979, -0.13715), (0.22808, -0.33979, -0.09447), (0.24213, -0.33979, -0.04816), (0.19068, -0.37422, 0.0), (0.18701, -0.37422, 0.0372), (0.17616, -0.37422, 0.07297), (0.15854, -0.37422, 0.10593), (0.13483, -0.37422, 0.13483), (0.10593, -0.37422, 0.15854), (0.07297, -0.37422, 0.17616), (0.0372, -0.37422, 0.18701), (0.0, -0.37422, 0.19068), (-0.0372, -0.37422, 0.18701), (-0.07297, -0.37422, 0.17616), (-0.10593, -0.37422, 0.15854), (-0.13483, -0.37422, 0.13483), (-0.15854, -0.37422, 0.10593), (-0.17616, -0.37422, 0.07297), (-0.18701, -0.37422, 0.0372), (-0.19068, -0.37422, 0.0), (-0.18701, -0.37422, -0.0372), (-0.17616, -0.37422, -0.07297), (-0.15854, -0.37422, -0.10593), (-0.13483, -0.37422, -0.13483), (-0.10593, -0.37422, -0.15854), (-0.07297, -0.37422, -0.17616), (-0.0372, -0.37422, -0.18701), (0.0, -0.37422, -0.19068), (0.0372, -0.37422, -0.18701), (0.07297, -0.37422, -0.17616), (0.10593, -0.37422, -0.15854), (0.13483, -0.37422, -0.13483), (0.15854, -0.37422, -0.10593), (0.17616, -0.37422, -0.07297), (0.18701, -0.37422, -0.0372), (0.12979, -0.39944, 0.0), (0.12729, -0.39944, 0.02532), (0.11991, -0.39944, 0.04967), (0.10791, -0.39944, 0.07211), (0.09177, -0.39944, 0.09177), (0.07211, -0.39944, 0.10791), (0.04967, -0.39944, 0.11991), (0.02532, -0.39944, 0.12729), (0.0, -0.39944, 0.12979), (-0.02532, -0.39944, 0.12729), (-0.04967, -0.39944, 0.11991), (-0.07211, -0.39944, 0.10791), (-0.09177, -0.39944, 0.09177), (-0.10791, -0.39944, 0.07211), (-0.11991, -0.39944, 0.04967), (-0.12729, -0.39944, 0.02532), (-0.12979, -0.39944, 0.0), (-0.12729, -0.39944, -0.02532), (-0.11991, -0.39944, -0.04967), (-0.10791, -0.39944, -0.07211), (-0.09177, -0.39944, -0.09177), (-0.07211, -0.39944, -0.10791), (-0.04967, -0.39944, -0.11991), (-0.02532, -0.39944, -0.12729), (0.0, -0.39944, -0.12979), (0.02532, -0.39944, -0.12729), (0.04967, -0.39944, -0.11991), (0.07211, -0.39944, -0.10791), (0.09177, -0.39944, -0.09177), (0.10791, -0.39944, -0.07211), (0.11991, -0.39944, -0.04967), (0.12729, -0.39944, -0.02532), (0.0657, -0.41483, 0.0), (0.06444, -0.41483, 0.01282), (0.0607, -0.41483, 0.02514), (0.05463, -0.41483, 0.0365), (0.04646, -0.41483, 0.04646), (0.0365, -0.41483, 0.05463), (0.02514, -0.41483, 0.0607), (0.01282, -0.41483, 0.06444), (0.0, -0.41483, 0.0657), (-0.01282, -0.41483, 0.06444), (-0.02514, -0.41483, 0.0607), (-0.0365, -0.41483, 0.05463), (-0.04646, -0.41483, 0.04646), (-0.05463, -0.41483, 0.0365), (-0.0607, -0.41483, 0.02514), (-0.06444, -0.41483, 0.01282), (-0.0657, -0.41483, 0.0), (-0.06444, -0.41483, -0.01282), (-0.0607, -0.41483, -0.02514), (-0.05463, -0.41483, -0.0365), (-0.04646, -0.41483, -0.04646), (-0.0365, -0.41483, -0.05463), (-0.02514, -0.41483, -0.0607), (-0.01282, -0.41483, -0.06444), (0.0, -0.41483, -0.0657), (0.01282, -0.41483, -0.06444), (0.02514, -0.41483, -0.0607), (0.0365, -0.41483, -0.05463), (0.04646, -0.41483, -0.04646), (0.05463, -0.41483, -0.0365), (0.0607, -0.41483, -0.02514), (0.06444, -0.41483, -0.01282), (0.0, -0.42, 0.0), (0.0, -0.42, 0.0), (0.0, -0.42, 0.0), (0.0, -0.42, 0.0), (0.0, -0.42, 0.0), (0.0, -0.42, 0.0), (0.0, -0.42, 0.0), (0.0, -0.42, 0.0), (0.0, -0.42, 0.0), (-0.0, -0.42, 0.0), (-0.0, -0.42, 0.0), (-0.0, -0.42, 0.0), (-0.0, -0.42, 0.0), (-0.0, -0.42, 0.0), (-0.0, -0.42, 0.0), (-0.0, -0.42, 0.0), (-0.0, -0.42, 0.0), (-0.0, -0.42, -0.0), (-0.0, -0.42, -0.0), (-0.0, -0.42, -0.0), (-0.0, -0.42, -0.0), (-0.0, -0.42, -0.0), (-0.0, -0.42, -0.0), (-0.0, -0.42, -0.0), (0.0, -0.42, -0.0), (0.0, -0.42, -0.0), (0.0, -0.42, -0.0), (0.0, -0.42, -0.0), (0.0, -0.42, -0.0), (0.0, -0.42, -0.0), (0.0, -0.42, -0.0), (0.0, -0.42, -0.0)]
                normal3f[] normals = [(0.0, 1.0, 0.0), (0.0, 1.0, 0.0), (0.0, 1.0, 0.0), (0.0, 1.0, 0.0), (0.0, 1.0, 0.0), (0.0, 1.0, 0.0), (0.0, 1.0, 0.0), (0.0, 1.0, 0.0), (0.0, 1.0, 0.0), (-0.0, 1.0, 0.0), (-0.0, 1.0, 0.0), (-0.0, 1.0, 0.0), (-0.0, 1.0, 0.0), (-0.0, 1.0, 0.0), (-0.0, 1.0, 0.0), (-0.0, 1.0, 0.0), (-0.0, 1.0, 0.0), (-0.0, 1.0, -0.0), (-0.0, 1.0, -0.0), (-0.0, 1.0, -0.0), (-0.0, 1.0, -0.0), (-0.0, 1.0, -0.0), (-0.0, 1.0, -0.0), (-0.0, 1.0, -0.0), (0.0, 1.0, -0.0), (0.0, 1.0, -0.0), (0.0, 1.0, -0.0), (0.0, 1.0, -0.0), (0.0, 1.0, -0.0), (0.0, 1.0, -0.0), (0.0, 1.0, -0.0), (0.0, 1.0, -0.0), (0.15643, 0.98769, 0.0), (0.15343, 0.98769, 0.03052), (0.14453, 0.98769, 0.05986), (0.13007, 0.98769, 0.08691), (0.11062, 0.98769, 0.11062), (0.08691, 0.98769, 0.13007), (0.05986, 0.98769, 0.14453), (0.03052, 0.98769, 0.15343), (0.0, 0.98769, 0.15643), (-0.03052, 0.98769, 0.15343), (-0.05986, 0.98769, 0.14453), (-0.08691, 0.98769, 0.13007), (-0.11062, 0.98769, 0.11062), (-0.13007, 0.98769, 0.08691), (-0.14453, 0.98769, 0.05986), (-0.15343, 0.98769, 0.03052), (-0.15643, 0.98769, 0.0), (-0.15343, 0.98769, -0.03052), (-0.14453, 0.98769, -0.05986), (-0.13007, 0.98769, -0.08691), (-0.11062, 0.98769, -0.11062), (-0.08691, 0.98769, -0.13007), (-0.05986, 0.98769, -0.14453), (-0.03052, 0.98769, -0.15343), (0.0, 0.98769, -0.15643), (0.03052, 0.98769, -0.15343), (0.05986, 0.98769, -0.14453), (0.08691, 0.98769, -0.13007), (0.11062, 0.98769, -0.11062), (0.13007, 0.98769, -0.08691), (0.14453, 0.98769, -0.05986), (0.15343, 0.98769, -0.03052), (0.30902, 0.95106, 0.0), (0.30308, 0.95106, 0.06029), (0.28549, 0.95106, 0.11826), (0.25694, 0.95106, 0.17168), (0.21851, 0.95106, 0.21851), (0.17168, 0.95106, 0.25694), (0.11826, 0.95106, 0.28549), (0.06029, 0.95106, 0.30308), (0.0, 0.95106, 0.30902), (-0.06029, 0.95106, 0.30308), (-0.11826, 0.95106, 0.28549), (-0.17168, 0.95106, 0.25694), (-0.21851, 0.95106, 0.21851), (-0.25694, 0.95106, 0.17168), (-0.28549, 0.95106, 0.11826), (-0.30308, 0.95106, 0.06029), (-0.30902, 0.95106, 0.0), (-0.30308, 0.95106, -0.06029), (-0.28549, 0.95106, -0.11826), (-0.25694, 0.95106, -0.17168), (-0.21851, 0.95106, -0.21851), (-0.17168, 0.95106, -0.25694), (-0.11826, 0.95106, -0.28549), (-0.06029, 0.95106, -0.30308), (0.0, 0.95106, -0.30902), (0.06029, 0.95106, -0.30308), (0.11826, 0.95106, -0.28549), (0.17168, 0.95106, -0.25694), (0.21851, 0.95106, -0.21851), (0.25694, 0.95106, -0.17168), (0.28549, 0.95106, -0.11826), (0.30308, 0.95106, -0.06029), (0.45399, 0.89101, 0.0), (0.44527, 0.89101, 0.08857), (0.41943, 0.89101, 0.17373), (0.37748, 0.89101, 0.25222), (0.32102, 0.89101, 0.32102), (0.25222, 0.89101, 0.37748), (0.17373, 0.89101, 0.41943), (0.08857, 0.89101, 0.44527), (0.0, 0.89101, 0.45399), (-0.08857, 0.89101, 0.44527), (-0.17373, 0.89101, 0.41943), (-0.25222, 0.89101, 0.37748), (-0.32102, 0.89101, 0.32102), (-0.37748, 0.89101, 0.25222), (-0.41943, 0.89101, 0.17373), (-0.44527, 0.89101, 0.08857), (-0.45399, 0.89101, 0.0), (-0.44527, 0.89101, -0.08857), (-0.41943, 0.89101, -0.17373), (-0.37748, 0.89101, -0.25222), (-0.32102, 0.89101, -0.32102), (-0.25222, 0.89101, -0.37748), (-0.17373, 0.89101, -0.41943), (-0.08857, 0.89101, -0.44527), (0.0, 0.89101, -0.45399), (0.08857, 0.89101, -0.44527), (0.17373, 0.89101, -0.41943), (0.25222, 0.89101, -0.37748), (0.32102, 0.89101, -0.32102), (0.37748, 0.89101, -0.25222), (0.41943, 0.89101, -0.17373), (0.44527, 0.89101, -0.08857), (0.58779, 0.80902, 0.0), (0.57649, 0.80902, 0.11467), (0.54304, 0.80902, 0.22494), (0.48873, 0.80902, 0.32656), (0.41563, 0.80902, 0.41563), (0.32656, 0.80902, 0.48873), (0.22494, 0.80902, 0.54304), (0.11467, 0.80902, 0.57649), (0.0, 0.80902, 0.58779), (-0.11467, 0.80902, 0.57649), (-0.22494, 0.80902, 0.54304), (-0.32656, 0.80902, 0.48873), (-0.41563, 0.80902, 0.41563), (-0.48873, 0.80902, 0.32656), (-0.54304, 0.80902, 0.22494), (-0.57649, 0.80902, 0.11467), (-0.58779, 0.80902, 0.0), (-0.57649, 0.80902, -0.11467), (-0.54304, 0.80902, -0.22494), (-0.48873, 0.80902, -0.32656), (-0.41563, 0.80902, -0.41563), (-0.32656, 0.80902, -0.48873), (-0.22494, 0.80902, -0.54304), (-0.11467, 0.80902, -0.57649), (0.0, 0.80902, -0.58779), (0.11467, 0.80902, -0.57649), (0.22494, 0.80902, -0.54304), (0.32656, 0.80902, -0.48873), (0.41563, 0.80902, -0.41563), (0.48873, 0.80902, -0.32656), (0.54304, 0.80902, -0.22494), (0.57649, 0.80902, -0.11467), (0.70711, 0.70711, 0.0), (0.69352, 0.70711, 0.13795), (0.65328, 0.70711, 0.2706), (0.58794, 0.70711, 0.39285), (0.5, 0.70711, 0.5), (0.39285, 0.70711, 0.58794), (0.2706, 0.70711, 0.65328), (0.13795, 0.70711, 0.69352), (0.0, 0.70711, 0.70711), (-0.13795, 0.70711, 0.69352), (-0.2706, 0.70711, 0.65328), (-0.39285, 0.70711, 0.58794), (-0.5, 0.70711, 0.5), (-0.58794, 0.70711, 0.39285), (-0.65328, 0.70711, 0.2706), (-0.69352, 0.70711, 0.13795), (-0.70711, 0.70711, 0.0), (-0.69352, 0.70711, -0.13795), (-0.65328, 0.70711, -0.2706), (-0.58794, 0.70711, -0.39285), (-0.5, 0.70711, -0.5), (-0.39285, 0.70711, -0.58794), (-0.2706, 0.70711, -0.65328), (-0.13795, 0.70711, -0.69352), (0.0, 0.70711, -0.70711), (0.13795, 0.70711, -0.69352), (0.2706, 0.70711, -0.65328), (0.39285, 0.70711, -0.58794), (0.5, 0.70711, -0.5), (0.58794, 0.70711, -0.39285), (0.65328, 0.70711, -0.2706), (0.69352, 0.70711, -0.13795), (0.80902, 0.58779, 0.0), (0.79347, 0.58779, 0.15783), (0.74743, 0.58779, 0.3096), (0.67267, 0.58779, 0.44947), (0.57206, 0.58779, 0.57206), (0.44947, 0.58779, 0.67267), (0.3096, 0.58779, 0.74743), (0.15783, 0.58779, 0.79347), (0.0, 0.58779, 0.80902), (-0.15783, 0.58779, 0.79347), (-0.3096, 0.58779, 0.74743), (-0.44947, 0.58779, 0.67267), (-0.57206, 0.58779, 0.57206), (-0.67267, 0.58779, 0.44947), (-0.74743, 0.58779, 0.3096), (-0.79347, 0.58779, 0.15783), (-0.80902, 0.58779, 0.0), (-0.79347, 0.58779, -0.15783), (-0.74743, 0.58779, -0.3096), (-0.67267, 0.58779, -0.44947), (-0.57206, 0.58779, -0.57206), (-0.44947, 0.58779, -0.67267), (-0.3096, 0.58779, -0.74743), (-0.15783, 0.58779, -0.79347), (0.0, 0.58779, -0.80902), (0.15783, 0.58779, -0.79347), (0.3096, 0.58779, -0.74743), (0.44947, 0.58779, -0.67267), (0.57206, 0.58779, -0.57206), (0.67267, 0.58779, -0.44947), (0.74743, 0.58779, -0.3096), (0.79347, 0.58779, -0.15783), (0.89101, 0.45399, 0.0), (0.87389, 0.45399, 0.17383), (0.82318, 0.45399, 0.34097), (0.74084, 0.45399, 0.49502), (0.63004, 0.45399, 0.63004), (0.49502, 0.45399, 0.74084), (0.34097, 0.45399, 0.82318), (0.17383, 0.45399, 0.87389), (0.0, 0.45399, 0.89101), (-0.17383, 0.45399, 0.87389), (-0.34097, 0.45399, 0.82318), (-0.49502, 0.45399, 0.74084), (-0.63004, 0.45399, 0.63004), (-0.74084, 0.45399, 0.49502), (-0.82318, 0.45399, 0.34097), (-0.87389, 0.45399, 0.17383), (-0.89101, 0.45399, 0.0), (-0.87389, 0.45399, -0.17383), (-0.82318, 0.45399, -0.34097), (-0.74084, 0.45399, -0.49502), (-0.63004, 0.45399, -0.63004), (-0.49502, 0.45399, -0.74084), (-0.34097, 0.45399, -0.82318), (-0.17383, 0.45399, -0.87389), (0.0, 0.45399, -0.89101), (0.17383, 0.45399, -0.87389), (0.34097, 0.45399, -0.82318), (0.49502, 0.45399, -0.74084), (0.63004, 0.45399, -0.63004), (0.74084, 0.45399, -0.49502), (0.82318, 0.45399, -0.34097), (0.87389, 0.45399, -0.17383), (0.95106, 0.30902, 0.0), (0.93278, 0.30902, 0.18554), (0.87866, 0.30902, 0.36395), (0.79077, 0.30902, 0.52838), (0.6725, 0.30902, 0.6725), (0.52838, 0.30902, 0.79077), (0.36395, 0.30902, 0.87866), (0.18554, 0.30902, 0.93278), (0.0, 0.30902, 0.95106), (-0.18554, 0.30902, 0.93278), (-0.36395, 0.30902, 0.87866), (-0.52838, 0.30902, 0.79077), (-0.6725, 0.30902, 0.6725), (-0.79077, 0.30902, 0.52838), (-0.87866, 0.30902, 0.36395), (-0.93278, 0.30902, 0.18554), (-0.95106, 0.30902, 0.0), (-0.93278, 0.30902, -0.18554), (-0.87866, 0.30902, -0.36395), (-0.79077, 0.30902, -0.52838), (-0.6725, 0.30902, -0.6725), (-0.52838, 0.30902, -0.79077), (-0.36395, 0.30902, -0.87866), (-0.18554, 0.30902, -0.93278), (0.0, 0.30902, -0.95106), (0.18554, 0.30902, -0.93278), (0.36395, 0.30902, -0.87866), (0.52838, 0.30902, -0.79077), (0.6725, 0.30902, -0.6725), (0.79077, 0.30902, -0.52838), (0.87866, 0.30902, -0.36395), (0.93278, 0.30902, -0.18554), (0.98769, 0.15643, 0.0), (0.96871, 0.15643, 0.19269), (0.91251, 0.15643, 0.37797), (0.82123, 0.15643, 0.54873), (0.6984, 0.15643, 0.6984), (0.54873, 0.15643, 0.82123), (0.37797, 0.15643, 0.91251), (0.19269, 0.15643, 0.96871), (0.0, 0.15643, 0.98769), (-0.19269, 0.15643, 0.96871), (-0.37797, 0.15643, 0.91251), (-0.54873, 0.15643, 0.82123), (-0.6984, 0.15643, 0.6984), (-0.82123, 0.15643, 0.54873), (-0.91251, 0.15643, 0.37797), (-0.96871, 0.15643, 0.19269), (-0.98769, 0.15643, 0.0), (-0.96871, 0.15643, -0.19269), (-0.91251, 0.15643, -0.37797), (-0.82123, 0.15643, -0.54873), (-0.6984, 0.15643, -0.6984), (-0.54873, 0.15643, -0.82123), (-0.37797, 0.15643, -0.9125), (-0.19269, 0.15643, -0.96871), (0.0, 0.15643, -0.98769), (0.19269, 0.15643, -0.96871), (0.37797, 0.15643, -0.91251), (0.54873, 0.15643, -0.82123), (0.6984, 0.15643, -0.6984), (0.82123, 0.15643, -0.54873), (0.9125, 0.15643, -0.37797), (0.96871, 0.15643, -0.19269), (1.0, 0.0, 0.0), (0.98079, 0.0, 0.19509), (0.92388, 0.0, 0.38268), (0.83147, 0.0, 0.55557), (0.70711, 0.0, 0.70711), (0.55557, 0.0, 0.83147), (0.38268, 0.0, 0.92388), (0.19509, 0.0, 0.98079), (0.0, 0.0, 1.0), (-0.19509, 0.0, 0.98079), (-0.38268, 0.0, 0.92388), (-0.55557, 0.0, 0.83147), (-0.70711, 0.0, 0.70711), (-0.83147, 0.0, 0.55557), (-0.92388, 0.0, 0.38268), (-0.98079, 0.0, 0.19509), (-1.0, 0.0, 0.0), (-0.98079, 0.0, -0.19509), (-0.92388, 0.0, -0.38268), (-0.83147, 0.0, -0.55557), (-0.70711, 0.0, -0.70711), (-0.55557, 0.0, -0.83147), (-0.38268, 0.0, -0.92388), (-0.19509, 0.0, -0.98079), (0.0, 0.0, -1.0), (0.19509, 0.0, -0.98079), (0.38268, 0.0, -0.92388), (0.55557, 0.0, -0.83147), (0.70711, 0.0, -0.70711), (0.83147, 0.0, -0.55557), (0.92388, 0.0, -0.38268), (0.98079, 0.0, -0.19509), (0.98769, -0.15643, 0.0), (0.96871, -0.15643, 0.19269), (0.91251, -0.15643, 0.37797), (0.82123, -0.15643, 0.54873), (0.6984, -0.15643, 0.6984), (0.54873, -0.15643, 0.82123), (0.37797, -0.15643, 0.91251), (0.19269, -0.15643, 0.96871), (0.0, -0.15643, 0.98769), (-0.19269, -0.15643, 0.96871), (-0.37797, -0.15643, 0.91251), (-0.54873, -0.15643, 0.82123), (-0.6984, -0.15643, 0.6984), (-0.82123, -0.15643, 0.54873), (-0.91251, -0.15643, 0.37797), (-0.96871, -0.15643, 0.19269), (-0.98769, -0.15643, 0.0), (-0.96871, -0.15643, -0.19269), (-0.91251, -0.15643, -0.37797), (-0.82123, -0.15643, -0.54873), (-0.6984, -0.15643, -0.6984), (-0.54873, -0.15643, -0.82123), (-0.37797, -0.15643, -0.91251), (-0.19269, -0.15643, -0.96871), (0.0, -0.15643, -0.98769), (0.19269, -0.15643, -0.96871), (0.37797, -0.15643, -0.91251), (0.54873, -0.15643, -0.82123), (0.6984, -0.15643, -0.6984), (0.82123, -0.15643, -0.54873), (0.9125, -0.15643, -0.37797), (0.96871, -0.15643, -0.19269), (0.95106, -0.30902, 0.0), (0.93278, -0.30902, 0.18554), (0.87866, -0.30902, 0.36395), (0.79077, -0.30902, 0.52838), (0.6725, -0.30902, 0.6725), (0.52838, -0.30902, 0.79077), (0.36395, -0.30902, 0.87866), (0.18554, -0.30902, 0.93278), (0.0, -0.30902, 0.95106), (-0.18554, -0.30902, 0.93278), (-0.36395, -0.30902, 0.87866), (-0.52838, -0.30902, 0.79077), (-0.6725, -0.30902, 0.6725), (-0.79077, -0.30902, 0.52838), (-0.87866, -0.30902, 0.36395), (-0.93278, -0.30902, 0.18554), (-0.95106, -0.30902, 0.0), (-0.93278, -0.30902, -0.18554), (-0.87866, -0.30902, -0.36395), (-0.79077, -0.30902, -0.52838), (-0.6725, -0.30902, -0.6725), (-0.52838, -0.30902, -0.79077), (-0.36395, -0.30902, -0.87866), (-0.18554, -0.30902, -0.93278), (0.0, -0.30902, -0.95106), (0.18554, -0.30902, -0.93278), (0.36395, -0.30902, -0.87866), (0.52838, -0.30902, -0.79077), (0.6725, -0.30902, -0.6725), (0.79077, -0.30902, -0.52838), (0.87866, -0.30902, -0.36395), (0.93278, -0.30902, -0.18554), (0.89101, -0.45399, 0.0), (0.87389, -0.45399, 0.17383), (0.82318, -0.45399, 0.34097), (0.74084, -0.45399, 0.49502), (0.63004, -0.45399, 0.63004), (0.49502, -0.45399, 0.74084), (0.34097, -0.45399, 0.82318), (0.17383, -0.45399, 0.87389), (0.0, -0.45399, 0.89101), (-0.17383, -0.45399, 0.87389), (-0.34097, -0.45399, 0.82318), (-0.49502, -0.45399, 0.74084), (-0.63004, -0.45399, 0.63004), (-0.74084, -0.45399, 0.49502), (-0.82318, -0.45399, 0.34097), (-0.87389, -0.45399, 0.17383), (-0.89101, -0.45399, 0.0), (-0.87389, -0.45399, -0.17383), (-0.82318, -0.45399, -0.34097), (-0.74084, -0.45399, -0.49502), (-0.63004, -0.45399, -0.63004), (-0.49502, -0.45399, -0.74084), (-0.34097, -0.45399, -0.82318), (-0.17383, -0.45399, -0.87389), (0.0, -0.45399, -0.89101), (0.17383, -0.45399, -0.87389), (0.34097, -0.45399, -0.82318), (0.49502, -0.45399, -0.74085), (0.63004, -0.45399, -0.63004), (0.74084, -0.45399, -0.49502), (0.82318, -0.45399, -0.34097), (0.87389, -0.45399, -0.17383), (0.80902, -0.58779, 0.0), (0.79347, -0.58779, 0.15783), (0.74743, -0.58779, 0.3096), (0.67267, -0.58779, 0.44947), (0.57206, -0.58779, 0.57206), (0.44947, -0.58779, 0.67267), (0.3096, -0.58779, 0.74743), (0.15783, -0.58779, 0.79347), (0.0, -0.58779, 0.80902), (-0.15783, -0.58779, 0.79347), (-0.3096, -0.58779, 0.74743), (-0.44947, -0.58779, 0.67267), (-0.57206, -0.58779, 0.57206), (-0.67267, -0.58779, 0.44947), (-0.74743, -0.58779, 0.3096), (-0.79347, -0.58779, 0.15783), (-0.80902, -0.58779, 0.0), (-0.79347, -0.58779, -0.15783), (-0.74743, -0.58779, -0.3096), (-0.67267, -0.58779, -0.44947), (-0.57206, -0.58779, -0.57206), (-0.44947, -0.58779, -0.67267), (-0.3096, -0.58779, -0.74743), (-0.15783, -0.58779, -0.79347), (0.0, -0.58779, -0.80902), (0.15783, -0.58779, -0.79347), (0.3096, -0.58779, -0.74743), (0.44947, -0.58779, -0.67267), (0.57206, -0.58779, -0.57206), (0.67267, -0.58779, -0.44947), (0.74743, -0.58779, -0.3096), (0.79347, -0.58779, -0.15783), (0.70711, -0.70711, 0.0), (0.69352, -0.70711, 0.13795), (0.65328, -0.70711, 0.2706), (0.58794, -0.70711, 0.39285), (0.5, -0.70711, 0.5), (0.39285, -0.70711, 0.58794), (0.2706, -0.70711, 0.65328), (0.13795, -0.70711, 0.69352), (0.0, -0.70711, 0.70711), (-0.13795, -0.70711, 0.69352), (-0.2706, -0.70711, 0.65328), (-0.39285, -0.70711, 0.58794), (-0.5, -0.70711, 0.5), (-0.58794, -0.70711, 0.39285), (-0.65328, -0.70711, 0.2706), (-0.69352, -0.70711, 0.13795), (-0.70711, -0.70711, 0.0), (-0.69352, -0.70711, -0.13795), (-0.65328, -0.70711, -0.2706), (-0.58794, -0.70711, -0.39285), (-0.5, -0.70711, -0.5), (-0.39285, -0.70711, -0.58794), (-0.2706, -0.70711, -0.65328), (-0.13795, -0.70711, -0.69352), (0.0, -0.70711, -0.70711), (0.13795, -0.70711, -0.69352), (0.2706, -0.70711, -0.65328), (0.39285, -0.70711, -0.58794), (0.5, -0.70711, -0.5), (0.58794, -0.70711, -0.39285), (0.65328, -0.70711, -0.2706), (0.69352, -0.70711, -0.13795), (0.58779, -0.80902, 0.0), (0.57649, -0.80902, 0.11467), (0.54304, -0.80902, 0.22494), (0.48873, -0.80902, 0.32656), (0.41563, -0.80902, 0.41563), (0.32656, -0.80902, 0.48873), (0.22494, -0.80902, 0.54304), (0.11467, -0.80902, 0.57649), (0.0, -0.80902, 0.58779), (-0.11467, -0.80902, 0.57649), (-0.22494, -0.80902, 0.54304), (-0.32656, -0.80902, 0.48873), (-0.41563, -0.80902, 0.41563), (-0.48873, -0.80902, 0.32656), (-0.54304, -0.80902, 0.22494), (-0.57649, -0.80902, 0.11467), (-0.58779, -0.80902, 0.0), (-0.57649, -0.80902, -0.11467), (-0.54304, -0.80902, -0.22494), (-0.48873, -0.80902, -0.32656), (-0.41563, -0.80902, -0.41563), (-0.32656, -0.80902, -0.48873), (-0.22494, -0.80902, -0.54304), (-0.11467, -0.80902, -0.57649), (0.0, -0.80902, -0.58779), (0.11467, -0.80902, -0.57649), (0.22494, -0.80902, -0.54304), (0.32656, -0.80902, -0.48873), (0.41563, -0.80902, -0.41563), (0.48873, -0.80902, -0.32656), (0.54304, -0.80902, -0.22494), (0.57649, -0.80902, -0.11467), (0.45399, -0.89101, 0.0), (0.44527, -0.89101, 0.08857), (0.41943, -0.89101, 0.17373), (0.37748, -0.89101, 0.25222), (0.32102, -0.89101, 0.32102), (0.25222, -0.89101, 0.37748), (0.17373, -0.89101, 0.41943), (0.08857, -0.89101, 0.44527), (0.0, -0.89101, 0.45399), (-0.08857, -0.89101, 0.44527), (-0.17373, -0.89101, 0.41943), (-0.25222, -0.89101, 0.37748), (-0.32102, -0.89101, 0.32102), (-0.37748, -0.89101, 0.25222), (-0.41943, -0.89101, 0.17373), (-0.44527, -0.89101, 0.08857), (-0.45399, -0.89101, 0.0), (-0.44527, -0.89101, -0.08857), (-0.41943, -0.89101, -0.17373), (-0.37748, -0.89101, -0.25222), (-0.32102, -0.89101, -0.32102), (-0.25222, -0.89101, -0.37748), (-0.17373, -0.89101, -0.41943), (-0.08857, -0.89101, -0.44527), (0.0, -0.89101, -0.45399), (0.08857, -0.89101, -0.44527), (0.17373, -0.89101, -0.41943), (0.25222, -0.89101, -0.37748), (0.32102, -0.89101, -0.32102), (0.37748, -0.89101, -0.25222), (0.41943, -0.89101, -0.17373), (0.44527, -0.89101, -0.08857), (0.30902, -0.95106, 0.0), (0.30308, -0.95106, 0.06029), (0.28549, -0.95106, 0.11826), (0.25694, -0.95106, 0.17168), (0.21851, -0.95106, 0.21851), (0.17168, -0.95106, 0.25694), (0.11826, -0.95106, 0.28549), (0.06029, -0.95106, 0.30308), (0.0, -0.95106, 0.30902), (-0.06029, -0.95106, 0.30308), (-0.11826, -0.95106, 0.28549), (-0.17168, -0.95106, 0.25694), (-0.21851, -0.95106, 0.21851), (-0.25694, -0.95106, 0.17168), (-0.28549, -0.95106, 0.11826), (-0.30308, -0.95106, 0.06029), (-0.30902, -0.95106, 0.0), (-0.30308, -0.95106, -0.06029), (-0.28549, -0.95106, -0.11826), (-0.25694, -0.95106, -0.17168), (-0.21851, -0.95106, -0.21851), (-0.17168, -0.95106, -0.25694), (-0.11826, -0.95106, -0.28549), (-0.06029, -0.95106, -0.30308), (0.0, -0.95106, -0.30902), (0.06029, -0.95106, -0.30308), (0.11826, -0.95106, -0.28549), (0.17168, -0.95106, -0.25694), (0.21851, -0.95106, -0.21851), (0.25694, -0.95106, -0.17168), (0.28549, -0.95106, -0.11826), (0.30308, -0.95106, -0.06029), (0.15643, -0.98769, 0.0), (0.15343, -0.98769, 0.03052), (0.14453, -0.98769, 0.05986), (0.13007, -0.98769, 0.08691), (0.11062, -0.98769, 0.11062), (0.08691, -0.98769, 0.13007), (0.05986, -0.98769, 0.14453), (0.03052, -0.98769, 0.15343), (0.0, -0.98769, 0.15643), (-0.03052, -0.98769, 0.15343), (-0.05986, -0.98769, 0.14453), (-0.08691, -0.98769, 0.13007), (-0.11062, -0.98769, 0.11062), (-0.13007, -0.98769, 0.08691), (-0.14453, -0.98769, 0.05986), (-0.15343, -0.98769, 0.03052), (-0.15643, -0.98769, 0.0), (-0.15343, -0.98769, -0.03052), (-0.14453, -0.98769, -0.05986), (-0.13007, -0.98769, -0.08691), (-0.11062, -0.98769, -0.11062), (-0.08691, -0.98769, -0.13007), (-0.05986, -0.98769, -0.14453), (-0.03052, -0.98769, -0.15343), (0.0, -0.98769, -0.15643), (0.03052, -0.98769, -0.15343), (0.05986, -0.98769, -0.14453), (0.08691, -0.98769, -0.13007), (0.11062, -0.98769, -0.11062), (0.13007, -0.98769, -0.08691), (0.14453, -0.98769, -0.05987), (0.15343, -0.98769, -0.03052), (0.0, -1.0, 0.0), (0.0, -1.0, 0.0), (0.0, -1.0, 0.0), (0.0, -1.0, 0.0), (0.0, -1.0, 0.0), (0.0, -1.0, 0.0), (0.0, -1.0, 0.0), (0.0, -1.0, 0.0), (0.0, -1.0, 0.0), (-0.0, -1.0, 0.0), (-0.0, -1.0, 0.0), (-0.0, -1.0, 0.0), (-0.0, -1.0, 0.0), (-0.0, -1.0, 0.0), (-0.0, -1.0, 0.0), (-0.0, -1.0, 0.0), (-0.0, -1.0, 0.0), (-0.0, -1.0, -0.0), (-0.0, -1.0, -0.0), (-0.0, -1.0, -0.0), (-0.0, -1.0, -0.0), (-0.0, -1.0, -0.0), (-0.0, -1.0, -0.0), (-0.0, -1.0, -0.0), (0.0, -1.0, -0.0), (0.0, -1.0, -0.0), (0.0, -1.0, -0.0), (0.0, -1.0, -0.0), (0.0, -1.0, -0.0), (0.0, -1.0, -0.0), (0.0, -1.0, -0.0), (0.0, -1.0, -0.0)] (
                    interpolation = "vertex"
                )
                int[] faceVertexCounts = [3, 3, 3, 3, 3, 3, 3, 3, 3, 3, 3, 3, 3, 3, 3, 3, 3, 3, 3, 3, 3, 3, 3, 3, 3, 3, 3, 3, 3, 3, 3, 3, 4, 4, 4, 4, 4, 4, 4, 4, 4, 4, 4, 4, 4, 4, 4, 4, 4, 4, 4, 4, 4, 4, 4, 4, 4, 4, 4, 4, 4, 4, 4, 4, 4, 4, 4, 4, 4, 4, 4, 4, 4, 4, 4, 4, 4, 4, 4, 4, 4, 4, 4, 4, 4, 4, 4, 4, 4, 4, 4, 4, 4, 4, 4, 4, 4, 4, 4, 4, 4, 4, 4, 4, 4, 4, 4, 4, 4, 4, 4, 4, 4, 4, 4, 4, 4, 4, 4, 4, 4, 4, 4, 4, 4, 4, 4, 4, 4, 4, 4, 4, 4, 4, 4, 4, 4, 4, 4, 4, 4, 4, 4, 4, 4, 4, 4, 4, 4, 4, 4, 4, 4, 4, 4, 4, 4, 4, 4, 4, 4, 4, 4, 4, 4, 4, 4, 4, 4, 4, 4, 4, 4, 4, 4, 4, 4, 4, 4, 4, 4, 4, 4, 4, 4, 4, 4, 4, 4, 4, 4, 4, 4, 4, 4, 4, 4, 4, 4, 4, 4, 4, 4, 4, 4, 4, 4, 4, 4, 4, 4, 4, 4, 4, 4, 4, 4, 4, 4, 4, 4, 4, 4, 4, 4, 4, 4, 4, 4, 4, 4, 4, 4, 4, 4, 4, 4, 4, 4, 4, 4, 4, 4, 4, 4, 4, 4, 4, 4, 4, 4, 4, 4, 4, 4, 4, 4, 4, 4, 4, 4, 4, 4, 4, 4, 4, 4, 4, 4, 4, 4, 4, 4, 4, 4, 4, 4, 4, 4, 4, 4, 4, 4, 4, 4, 4, 4, 4, 4, 4, 4, 4, 4, 4, 4, 4, 4, 4, 4, 4, 4, 4, 4, 4, 4, 4, 4, 4, 4, 4, 4, 4, 4, 4, 4, 4, 4, 4, 4, 4, 4, 4, 4, 4, 4, 4, 4, 4, 4, 4, 4, 4, 4, 4, 4, 4, 4, 4, 4, 4, 4, 4, 4, 4, 4, 4, 4, 4, 4, 4, 4, 4, 4, 4, 4, 4, 4, 4, 4, 4, 4, 4, 4, 4, 4, 4, 4, 4, 4, 4, 4, 4, 4, 4, 4, 4, 4, 4, 4, 4, 4, 4, 4, 4, 4, 4, 4, 4, 4, 4, 4, 4, 4, 4, 4, 4, 4, 4, 4, 4, 4, 4, 4, 4, 4, 4, 4, 4, 4, 4, 4, 4, 4, 4, 4, 4, 4, 4, 4, 4, 4, 4, 4, 4, 4, 4, 4, 4, 4, 4, 4, 4, 4, 4, 4, 4, 4, 4, 4, 4, 4, 4, 4, 4, 4, 4, 4, 4, 4, 4, 4, 4, 4, 4, 4, 4, 4, 4, 4, 4, 4, 4, 4, 4, 4, 4, 4, 4, 4, 4, 4, 4, 4, 4, 4, 4, 4, 4, 4, 4, 4, 4, 4, 4, 4, 4, 4, 4, 4, 4, 4, 4, 4, 4, 4, 4, 4, 4, 4, 4, 4, 4, 4, 4, 4, 4, 4, 4, 4, 4, 4, 4, 4, 4, 4, 4, 4, 4, 4, 4, 4, 4, 4, 4, 4, 4, 4, 4, 4, 4, 4, 4, 4, 4, 4, 4, 4, 4, 4, 4, 4, 4, 4, 4, 4, 4, 4, 4, 4, 4, 4, 4, 4, 4, 4, 4, 4, 4, 4, 4, 4, 4, 4, 4, 4, 4, 4, 4, 4, 4, 4, 4, 4, 4, 4, 4, 4, 4, 4, 4, 4, 4, 4, 4, 4, 4, 4, 4, 4, 4, 4, 4, 4, 4, 4, 4, 4, 4, 4, 4, 4, 4, 4, 4, 4, 4, 4, 4, 3, 3, 3, 3, 3, 3, 3, 3, 3, 3, 3, 3, 3, 3, 3, 3, 3, 3, 3, 3, 3, 3, 3, 3, 3, 3, 3, 3, 3, 3, 3, 3]
                int[] faceVertexIndices = [0, 33, 32, 1, 34, 33, 2, 35, 34, 3, 36, 35, 4, 37, 36, 5, 38, 37, 6, 39, 38, 7, 40, 39, 8, 41, 40, 9, 42, 41, 10, 43, 42, 11, 44, 43, 12, 45, 44, 13, 46, 45, 14, 47, 46, 15, 48, 47, 16, 49, 48, 17, 50, 49, 18, 51, 50, 19, 52, 51, 20, 53, 52, 21, 54, 53, 22, 55, 54, 23, 56, 55, 24, 57, 56, 25, 58, 57, 26, 59, 58, 27, 60, 59, 28, 61, 60, 29, 62, 61, 30, 63, 62, 31, 32, 63, 32, 33, 65, 64, 33, 34, 66, 65, 34, 35, 67, 66, 35, 36, 68, 67, 36, 37, 69, 68, 37, 38, 70, 69, 38, 39, 71, 70, 39, 40, 72, 71, 40, 41, 73, 72, 41, 42, 74, 73, 42, 43, 75, 74, 43, 44, 76, 75, 44, 45, 77, 76, 45, 46, 78, 77, 46, 47, 79, 78, 47, 48, 80, 79, 48, 49, 81, 80, 49, 50, 82, 81, 50, 51, 83, 82, 51, 52, 84, 83, 52, 53, 85, 84, 53, 54, 86, 85, 54, 55, 87, 86, 55, 56, 88, 87, 56, 57, 89, 88, 57, 58, 90, 89, 58, 59, 91, 90, 59, 60, 92, 91, 60, 61, 93, 92, 61, 62, 94, 93, 62, 63, 95, 94, 63, 32, 64, 95, 64, 65, 97, 96, 65, 66, 98, 97, 66, 67, 99, 98, 67, 68, 100, 99, 68, 69, 101, 100, 69, 70, 102, 101, 70, 71, 103, 102, 71, 72, 104, 103, 72, 73, 105, 104, 73, 74, 106, 105, 74, 75, 107, 106, 75, 76, 108, 107, 76, 77, 109, 108, 77, 78, 110, 109, 78, 79, 111, 110, 79, 80, 112, 111, 80, 81, 113, 112, 81, 82, 114, 113, 82, 83, 115, 114, 83, 84, 116, 115, 84, 85, 117, 116, 85, 86, 118, 117, 86, 87, 119, 118, 87, 88, 120, 119, 88, 89, 121, 120, 89, 90, 122, 121, 90, 91, 123, 122, 91, 92, 124, 123, 92, 93, 125, 124, 93, 94, 126, 125, 94, 95, 127, 126, 95, 64, 96, 127, 96, 97, 129, 128, 97, 98, 130, 129, 98, 99, 131, 130, 99, 100, 132, 131, 100, 101, 133, 132, 101, 102, 134, 133, 102, 103, 135, 134, 103, 104, 136, 135, 104, 105, 137, 136, 105, 106, 138, 137, 106, 107, 139, 138, 107, 108, 140, 139, 108, 109, 141, 140, 109, 110, 142, 141, 110, 111, 143, 142, 111, 112, 144, 143, 112, 113, 145, 144, 113, 114, 146, 145, 114, 115, 147, 146, 115, 116, 148, 147, 116, 117, 149, 148, 117, 118, 150, 149, 118, 119, 151, 150, 119, 120, 152, 151, 120, 121, 153, 152, 121, 122, 154, 153, 122, 123, 155, 154, 123, 124, 156, 155, 124, 125, 157, 156, 125, 126, 158, 157, 126, 127, 159, 158, 127, 96, 128, 159, 128, 129, 161, 160, 129, 130, 162, 161, 130, 131, 163, 162, 131, 132, 164, 163, 132, 133, 165, 164, 133, 134, 166, 165, 134, 135, 167, 166, 135, 136, 168, 167, 136, 137, 169, 168, 137, 138, 170, 169, 138, 139, 171, 170, 139, 140, 172, 171, 140, 141, 173, 172, 141, 142, 174, 173, 142, 143, 175, 174, 143, 144, 176, 175, 144, 145, 177, 176, 145, 146, 178, 177, 146, 147, 179, 178, 147, 148, 180, 179, 148, 149, 181, 180, 149, 150, 182, 181, 150, 151, 183, 182, 151, 152, 184, 183, 152, 153, 185, 184, 153, 154, 186, 185, 154, 155, 187, 186, 155, 156, 188, 187, 156, 157, 189, 188, 157, 158, 190, 189, 158, 159, 191, 190, 159, 128, 160, 191, 160, 161, 193, 192, 161, 162, 194, 193, 162, 163, 195, 194, 163, 164, 196, 195, 164, 165, 197, 196, 165, 166, 198, 197, 166, 167, 199, 198, 167, 168, 200, 199, 168, 169, 201, 200, 169, 170, 202, 201, 170, 171, 203, 202, 171, 172, 204, 203, 172, 173, 205, 204, 173, 174, 206, 205, 174, 175, 207, 206, 175, 176, 208, 207, 176, 177, 209, 208, 177, 178, 210, 209, 178, 179, 211, 210, 179, 180, 212, 211, 180, 181, 213, 212, 181, 182, 214, 213, 182, 183, 215, 214, 183, 184, 216, 215, 184, 185, 217, 216, 185, 186, 218, 217, 186, 187, 219, 218, 187, 188, 220, 219, 188, 189, 221, 220, 189, 190, 222, 221, 190, 191, 223, 222, 191, 160, 192, 223, 192, 193, 225, 224, 193, 194, 226, 225, 194, 195, 227, 226, 195, 196, 228, 227, 196, 197, 229, 228, 197, 198, 230, 229, 198, 199, 231, 230, 199, 200, 232, 231, 200, 201, 233, 232, 201, 202, 234, 233, 202, 203, 235, 234, 203, 204, 236, 235, 204, 205, 237, 236, 205, 206, 238, 237, 206, 207, 239, 238, 207, 208, 240, 239, 208, 209, 241, 240, 209, 210, 242, 241, 210, 211, 243, 242, 211, 212, 244, 243, 212, 213, 245, 244, 213, 214, 246, 245, 214, 215, 247, 246, 215, 216, 248, 247, 216, 217, 249, 248, 217, 218, 250, 249, 218, 219, 251, 250, 219, 220, 252, 251, 220, 221, 253, 252, 221, 222, 254, 253, 222, 223, 255, 254, 223, 192, 224, 255, 224, 225, 257, 256, 225, 226, 258, 257, 226, 227, 259, 258, 227, 228, 260, 259, 228, 229, 261, 260, 229, 230, 262, 261, 230, 231, 263, 262, 231, 232, 264, 263, 232, 233, 265, 264, 233, 234, 266, 265, 234, 235, 267, 266, 235, 236, 268, 267, 236, 237, 269, 268, 237, 238, 270, 269, 238, 239, 271, 270, 239, 240, 272, 271, 240, 241, 273, 272, 241, 242, 274, 273, 242, 243, 275, 274, 243, 244, 276, 275, 244, 245, 277, 276, 245, 246, 278, 277, 246, 247, 279, 278, 247, 248, 280, 279, 248, 249, 281, 280, 249, 250, 282, 281, 250, 251, 283, 282, 251, 252, 284, 283, 252, 253, 285, 284, 253, 254, 286, 285, 254, 255, 287, 286, 255, 224, 256, 287, 256, 257, 289, 288, 257, 258, 290, 289, 258, 259, 291, 290, 259, 260, 292, 291, 260, 261, 293, 292, 261, 262, 294, 293, 262, 263, 295, 294, 263, 264, 296, 295, 264, 265, 297, 296, 265, 266, 298, 297, 266, 267, 299, 298, 267, 268, 300, 299, 268, 269, 301, 300, 269, 270, 302, 301, 270, 271, 303, 302, 271, 272, 304, 303, 272, 273, 305, 304, 273, 274, 306, 305, 274, 275, 307, 306, 275, 276, 308, 307, 276, 277, 309, 308, 277, 278, 310, 309, 278, 279, 311, 310, 279, 280, 312, 311, 280, 281, 313, 312, 281, 282, 314, 313, 282, 283, 315, 314, 283, 284, 316, 315, 284, 285, 317, 316, 285, 286, 318, 317, 286, 287, 319, 318, 287, 256, 288, 319, 288, 289, 321, 320, 289, 290, 322, 321, 290, 291, 323, 322, 291, 292, 324, 323, 292, 293, 325, 324, 293, 294, 326, 325, 294, 295, 327, 326, 295, 296, 328, 327, 296, 297, 329, 328, 297, 298, 330, 329, 298, 299, 331, 330, 299, 300, 332, 331, 300, 301, 333, 332, 301, 302, 334, 333, 302, 303, 335, 334, 303, 304, 336, 335, 304, 305, 337, 336, 305, 306, 338, 337, 306, 307, 339, 338, 307, 308, 340, 339, 308, 309, 341, 340, 309, 310, 342, 341, 310, 311, 343, 342, 311, 312, 344, 343, 312, 313, 345, 344, 313, 314, 346, 345, 314, 315, 347, 346, 315, 316, 348, 347, 316, 317, 349, 348, 317, 318, 350, 349, 318, 319, 351, 350, 319, 288, 320, 351, 320, 321, 353, 352, 321, 322, 354, 353, 322, 323, 355, 354, 323, 324, 356, 355, 324, 325, 357, 356, 325, 326, 358, 357, 326, 327, 359, 358, 327, 328, 360, 359, 328, 329, 361, 360, 329, 330, 362, 361, 330, 331, 363, 362, 331, 332, 364, 363, 332, 333, 365, 364, 333, 334, 366, 365, 334, 335, 367, 366, 335, 336, 368, 367, 336, 337, 369, 368, 337, 338, 370, 369, 338, 339, 371, 370, 339, 340, 372, 371, 340, 341, 373, 372, 341, 342, 374, 373, 342, 343, 375, 374, 343, 344, 376, 375, 344, 345, 377, 376, 345, 346, 378, 377, 346, 347, 379, 378, 347, 348, 380, 379, 348, 349, 381, 380, 349, 350, 382, 381, 350, 351, 383, 382, 351, 320, 352, 383, 352, 353, 385, 384, 353, 354, 386, 385, 354, 355, 387, 386, 355, 356, 388, 387, 356, 357, 389, 388, 357, 358, 390, 389, 358, 359, 391, 390, 359, 360, 392, 391, 360, 361, 393, 392, 361, 362, 394, 393, 362, 363, 395, 394, 363, 364, 396, 395, 364, 365, 397, 396, 365, 366, 398, 397, 366, 367, 399, 398, 367, 368, 400, 399, 368, 369, 401, 400, 369, 370, 402, 401, 370, 371, 403, 402, 371, 372, 404, 403, 372, 373, 405, 404, 373, 374, 406, 405, 374, 375, 407, 406, 375, 376, 408, 407, 376, 377, 409, 408, 377, 378, 410, 409, 378, 379, 411, 410, 379, 380, 412, 411, 380, 381, 413, 412, 381, 382, 414, 413, 382, 383, 415, 414, 383, 352, 384, 415, 384, 385, 417, 416, 385, 386, 418, 417, 386, 387, 419, 418, 387, 388, 420, 419, 388, 389, 421, 420, 389, 390, 422, 421, 390, 391, 423, 422, 391, 392, 424, 423, 392, 393, 425, 424, 393, 394, 426, 425, 394, 395, 427, 426, 395, 396, 428, 427, 396, 397, 429, 428, 397, 398, 430, 429, 398, 399, 431, 430, 399, 400, 432, 431, 400, 401, 433, 432, 401, 402, 434, 433, 402, 403, 435, 434, 403, 404, 436, 435, 404, 405, 437, 436, 405, 406, 438, 437, 406, 407, 439, 438, 407, 408, 440, 439, 408, 409, 441, 440, 409, 410, 442, 441, 410, 411, 443, 442, 411, 412, 444, 443, 412, 413, 445, 444, 413, 414, 446, 445, 414, 415, 447, 446, 415, 384, 416, 447, 416, 417, 449, 448, 417, 418, 450, 449, 418, 419, 451, 450, 419, 420, 452, 451, 420, 421, 453, 452, 421, 422, 454, 453, 422, 423, 455, 454, 423, 424, 456, 455, 424, 425, 457, 456, 425, 426, 458, 457, 426, 427, 459, 458, 427, 428, 460, 459, 428, 429, 461, 460, 429, 430, 462, 461, 430, 431, 463, 462, 431, 432, 464, 463, 432, 433, 465, 464, 433, 434, 466, 465, 434, 435, 467, 466, 435, 436, 468, 467, 436, 437, 469, 468, 437, 438, 470, 469, 438, 439, 471, 470, 439, 440, 472, 471, 440, 441, 473, 472, 441, 442, 474, 473, 442, 443, 475, 474, 443, 444, 476, 475, 444, 445, 477, 476, 445, 446, 478, 477, 446, 447, 479, 478, 447, 416, 448, 479, 448, 449, 481, 480, 449, 450, 482, 481, 450, 451, 483, 482, 451, 452, 484, 483, 452, 453, 485, 484, 453, 454, 486, 485, 454, 455, 487, 486, 455, 456, 488, 487, 456, 457, 489, 488, 457, 458, 490, 489, 458, 459, 491, 490, 459, 460, 492, 491, 460, 461, 493, 492, 461, 462, 494, 493, 462, 463, 495, 494, 463, 464, 496, 495, 464, 465, 497, 496, 465, 466, 498, 497, 466, 467, 499, 498, 467, 468, 500, 499, 468, 469, 501, 500, 469, 470, 502, 501, 470, 471, 503, 502, 471, 472, 504, 503, 472, 473, 505, 504, 473, 474, 506, 505, 474, 475, 507, 506, 475, 476, 508, 507, 476, 477, 509, 508, 477, 478, 510, 509, 478, 479, 511, 510, 479, 448, 480, 511, 480, 481, 513, 512, 481, 482, 514, 513, 482, 483, 515, 514, 483, 484, 516, 515, 484, 485, 517, 516, 485, 486, 518, 517, 486, 487, 519, 518, 487, 488, 520, 519, 488, 489, 521, 520, 489, 490, 522, 521, 490, 491, 523, 522, 491, 492, 524, 523, 492, 493, 525, 524, 493, 494, 526, 525, 494, 495, 527, 526, 495, 496, 528, 527, 496, 497, 529, 528, 497, 498, 530, 529, 498, 499, 531, 530, 499, 500, 532, 531, 500, 501, 533, 532, 501, 502, 534, 533, 502, 503, 535, 534, 503, 504, 536, 535, 504, 505, 537, 536, 505, 506, 538, 537, 506, 507, 539, 538, 507, 508, 540, 539, 508, 509, 541, 540, 509, 510, 542, 541, 510, 511, 543, 542, 511, 480, 512, 543, 512, 513, 545, 544, 513, 514, 546, 545, 514, 515, 547, 546, 515, 516, 548, 547, 516, 517, 549, 548, 517, 518, 550, 549, 518, 519, 551, 550, 519, 520, 552, 551, 520, 521, 553, 552, 521, 522, 554, 553, 522, 523, 555, 554, 523, 524, 556, 555, 524, 525, 557, 556, 525, 526, 558, 557, 526, 527, 559, 558, 527, 528, 560, 559, 528, 529, 561, 560, 529, 530, 562, 561, 530, 531, 563, 562, 531, 532, 564, 563, 532, 533, 565, 564, 533, 534, 566, 565, 534, 535, 567, 566, 535, 536, 568, 567, 536, 537, 569, 568, 537, 538, 570, 569, 538, 539, 571, 570, 539, 540, 572, 571, 540, 541, 573, 572, 541, 542, 574, 573, 542, 543, 575, 574, 543, 512, 544, 575, 544, 545, 577, 576, 545, 546, 578, 577, 546, 547, 579, 578, 547, 548, 580, 579, 548, 549, 581, 580, 549, 550, 582, 581, 550, 551, 583, 582, 551, 552, 584, 583, 552, 553, 585, 584, 553, 554, 586, 585, 554, 555, 587, 586, 555, 556, 588, 587, 556, 557, 589, 588, 557, 558, 590, 589, 558, 559, 591, 590, 559, 560, 592, 591, 560, 561, 593, 592, 561, 562, 594, 593, 562, 563, 595, 594, 563, 564, 596, 595, 564, 565, 597, 596, 565, 566, 598, 597, 566, 567, 599, 598, 567, 568, 600, 599, 568, 569, 601, 600, 569, 570, 602, 601, 570, 571, 603, 602, 571, 572, 604, 603, 572, 573, 605, 604, 573, 574, 606, 605, 574, 575, 607, 606, 575, 544, 576, 607, 576, 577, 609, 608, 577, 578, 610, 609, 578, 579, 611, 610, 579, 580, 612, 611, 580, 581, 613, 612, 581, 582, 614, 613, 582, 583, 615, 614, 583, 584, 616, 615, 584, 585, 617, 616, 585, 586, 618, 617, 586, 587, 619, 618, 587, 588, 620, 619, 588, 589, 621, 620, 589, 590, 622, 621, 590, 591, 623, 622, 591, 592, 624, 623, 592, 593, 625, 624, 593, 594, 626, 625, 594, 595, 627, 626, 595, 596, 628, 627, 596, 597, 629, 628, 597, 598, 630, 629, 598, 599, 631, 630, 599, 600, 632, 631, 600, 601, 633, 632, 601, 602, 634, 633, 602, 603, 635, 634, 603, 604, 636, 635, 604, 605, 637, 636, 605, 606, 638, 637, 606, 607, 639, 638, 607, 576, 608, 639, 608, 609, 640, 609, 610, 641, 610, 611, 642, 611, 612, 643, 612, 613, 644, 613, 614, 645, 614, 615, 646, 615, 616, 647, 616, 617, 648, 617, 618, 649, 618, 619, 650, 619, 620, 651, 620, 621, 652, 621, 622, 653, 622, 623, 654, 623, 624, 655, 624, 625, 656, 625, 626, 657, 626, 627, 658, 627, 628, 659, 628, 629, 660, 629, 630, 661, 630, 631, 662, 631, 632, 663, 632, 633, 664, 633, 634, 665, 634, 635, 666, 635, 636, 667, 636, 637, 668, 637, 638, 669, 638, 639, 670, 639, 608, 671]
                rel material:binding = </Court/Materials/lapis>
            }
        }

        def Xform "plinthGem"
        {
            double3 xformOp:translate = (0, 0, -0.55)
            uniform token[] xformOpOrder = ["xformOp:translate"]

            def Mesh "base"
            {
                uniform token subdivisionScheme = "none"
                point3f[] points = [(-0.28, 0.0, 0.28), (0.28, 0.0, 0.28), (0.28, 0.95, 0.28), (-0.28, 0.95, 0.28), (0.28, 0.0, -0.28), (-0.28, 0.0, -0.28), (-0.28, 0.95, -0.28), (0.28, 0.95, -0.28), (0.28, 0.0, 0.28), (0.28, 0.0, -0.28), (0.28, 0.95, -0.28), (0.28, 0.95, 0.28), (-0.28, 0.0, -0.28), (-0.28, 0.0, 0.28), (-0.28, 0.95, 0.28), (-0.28, 0.95, -0.28), (-0.28, 0.95, 0.28), (0.28, 0.95, 0.28), (0.28, 0.95, -0.28), (-0.28, 0.95, -0.28), (-0.28, 0.0, -0.28), (0.28, 0.0, -0.28), (0.28, 0.0, 0.28), (-0.28, 0.0, 0.28)]
                normal3f[] normals = [(0.0, 0.0, 1.0), (0.0, 0.0, 1.0), (0.0, 0.0, 1.0), (0.0, 0.0, 1.0), (0.0, 0.0, -1.0), (0.0, 0.0, -1.0), (0.0, 0.0, -1.0), (0.0, 0.0, -1.0), (1.0, 0.0, 0.0), (1.0, 0.0, 0.0), (1.0, 0.0, 0.0), (1.0, 0.0, 0.0), (-1.0, 0.0, 0.0), (-1.0, 0.0, 0.0), (-1.0, 0.0, 0.0), (-1.0, 0.0, 0.0), (0.0, 1.0, 0.0), (0.0, 1.0, 0.0), (0.0, 1.0, 0.0), (0.0, 1.0, 0.0), (0.0, -1.0, 0.0), (0.0, -1.0, 0.0), (0.0, -1.0, 0.0), (0.0, -1.0, 0.0)] (
                    interpolation = "vertex"
                )
                int[] faceVertexCounts = [4, 4, 4, 4, 4, 4]
                int[] faceVertexIndices = [0, 1, 2, 3, 4, 5, 6, 7, 8, 9, 10, 11, 12, 13, 14, 15, 16, 17, 18, 19, 20, 21, 22, 23]
                rel material:binding = </Court/Materials/stone>
            }

            def Mesh "gem"
            {
                double3 xformOp:translate = (0.0, 0.97, 0.0)
                uniform token[] xformOpOrder = ["xformOp:translate"]
                uniform token subdivisionScheme = "none"
                point3f[] points = [(0.0, 0.78, 0.0), (0.15, 0.28, 0.25981), (0.3, 0.28, 0.0), (0.0, 0.0, 0.0), (0.3, 0.28, 0.0), (0.15, 0.28, 0.25981), (0.0, 0.78, 0.0), (-0.15, 0.28, 0.25981), (0.15, 0.28, 0.25981), (0.0, 0.0, 0.0), (0.15, 0.28, 0.25981), (-0.15, 0.28, 0.25981), (0.0, 0.78, 0.0), (-0.3, 0.28, 0.0), (-0.15, 0.28, 0.25981), (0.0, 0.0, 0.0), (-0.15, 0.28, 0.25981), (-0.3, 0.28, 0.0), (0.0, 0.78, 0.0), (-0.15, 0.28, -0.25981), (-0.3, 0.28, 0.0), (0.0, 0.0, 0.0), (-0.3, 0.28, 0.0), (-0.15, 0.28, -0.25981), (0.0, 0.78, 0.0), (0.15, 0.28, -0.25981), (-0.15, 0.28, -0.25981), (0.0, 0.0, 0.0), (-0.15, 0.28, -0.25981), (0.15, 0.28, -0.25981), (0.0, 0.78, 0.0), (0.3, 0.28, 0.0), (0.15, 0.28, -0.25981), (0.0, 0.0, 0.0), (0.15, 0.28, -0.25981), (0.3, 0.28, 0.0)]
                normal3f[] normals = [(0.76847, 0.46108, 0.44368), (0.76847, 0.46108, 0.44368), (0.76847, 0.46108, 0.44368), (0.63484, -0.68018, 0.36652), (0.63484, -0.68018, 0.36652), (0.63484, -0.68018, 0.36652), (-0.0, 0.46108, 0.88736), (-0.0, 0.46108, 0.88736), (-0.0, 0.46108, 0.88736), (-0.0, -0.68018, 0.73304), (-0.0, -0.68018, 0.73304), (-0.0, -0.68018, 0.73304), (-0.76847, 0.46108, 0.44368), (-0.76847, 0.46108, 0.44368), (-0.76847, 0.46108, 0.44368), (-0.63484, -0.68018, 0.36652), (-0.63484, -0.68018, 0.36652), (-0.63484, -0.68018, 0.36652), (-0.76847, 0.46108, -0.44368), (-0.76847, 0.46108, -0.44368), (-0.76847, 0.46108, -0.44368), (-0.63484, -0.68018, -0.36652), (-0.63484, -0.68018, -0.36652), (-0.63484, -0.68018, -0.36652), (-0.0, 0.46108, -0.88736), (-0.0, 0.46108, -0.88736), (-0.0, 0.46108, -0.88736), (-0.0, -0.68018, -0.73304), (-0.0, -0.68018, -0.73304), (-0.0, -0.68018, -0.73304), (0.76847, 0.46108, -0.44368), (0.76847, 0.46108, -0.44368), (0.76847, 0.46108, -0.44368), (0.63484, -0.68018, -0.36652), (0.63484, -0.68018, -0.36652), (0.63484, -0.68018, -0.36652)] (
                    interpolation = "vertex"
                )
                int[] faceVertexCounts = [3, 3, 3, 3, 3, 3, 3, 3, 3, 3, 3, 3]
                int[] faceVertexIndices = [0, 1, 2, 3, 4, 5, 6, 7, 8, 9, 10, 11, 12, 13, 14, 15, 16, 17, 18, 19, 20, 21, 22, 23, 24, 25, 26, 27, 28, 29, 30, 31, 32, 33, 34, 35]
                rel material:binding = </Court/Materials/amber>

                def GeomSubset "pavilion"
                {
                    uniform token elementType = "face"
                    uniform token familyName = "materialBind"
                    int[] indices = [1, 3, 5, 7, 9, 11]
                    rel material:binding = </Court/Materials/garnet>
                }
            }
        }

        def Xform "plinthRing"
        {
            double3 xformOp:translate = (1.35, 0, 0.45)
            uniform token[] xformOpOrder = ["xformOp:translate"]

            def Mesh "base"
            {
                uniform token subdivisionScheme = "none"
                point3f[] points = [(-0.31, 0.0, 0.31), (0.31, 0.0, 0.31), (0.31, 0.62, 0.31), (-0.31, 0.62, 0.31), (0.31, 0.0, -0.31), (-0.31, 0.0, -0.31), (-0.31, 0.62, -0.31), (0.31, 0.62, -0.31), (0.31, 0.0, 0.31), (0.31, 0.0, -0.31), (0.31, 0.62, -0.31), (0.31, 0.62, 0.31), (-0.31, 0.0, -0.31), (-0.31, 0.0, 0.31), (-0.31, 0.62, 0.31), (-0.31, 0.62, -0.31), (-0.31, 0.62, 0.31), (0.31, 0.62, 0.31), (0.31, 0.62, -0.31), (-0.31, 0.62, -0.31), (-0.31, 0.0, -0.31), (0.31, 0.0, -0.31), (0.31, 0.0, 0.31), (-0.31, 0.0, 0.31)]
                normal3f[] normals = [(0.0, 0.0, 1.0), (0.0, 0.0, 1.0), (0.0, 0.0, 1.0), (0.0, 0.0, 1.0), (0.0, 0.0, -1.0), (0.0, 0.0, -1.0), (0.0, 0.0, -1.0), (0.0, 0.0, -1.0), (1.0, 0.0, 0.0), (1.0, 0.0, 0.0), (1.0, 0.0, 0.0), (1.0, 0.0, 0.0), (-1.0, 0.0, 0.0), (-1.0, 0.0, 0.0), (-1.0, 0.0, 0.0), (-1.0, 0.0, 0.0), (0.0, 1.0, 0.0), (0.0, 1.0, 0.0), (0.0, 1.0, 0.0), (0.0, 1.0, 0.0), (0.0, -1.0, 0.0), (0.0, -1.0, 0.0), (0.0, -1.0, 0.0), (0.0, -1.0, 0.0)] (
                    interpolation = "vertex"
                )
                int[] faceVertexCounts = [4, 4, 4, 4, 4, 4]
                int[] faceVertexIndices = [0, 1, 2, 3, 4, 5, 6, 7, 8, 9, 10, 11, 12, 13, 14, 15, 16, 17, 18, 19, 20, 21, 22, 23]
                rel material:binding = </Court/Materials/stone>
            }

            def Mesh "ring"
            {
                double3 xformOp:translate = (0.0, 1.08, 0.0)
                uniform token[] xformOpOrder = ["xformOp:translate"]
                uniform token subdivisionScheme = "none"
                point3f[] points = [(0.44, 0.0, 0.0), (0.43397, 0.0, 0.0342), (0.4166, 0.0, 0.06428), (0.39, 0.0, 0.0866), (0.35736, 0.0, 0.09848), (0.32264, 0.0, 0.09848), (0.29, 0.0, 0.0866), (0.2634, 0.0, 0.06428), (0.24603, 0.0, 0.0342), (0.24, 0.0, 0.0), (0.24603, 0.0, -0.0342), (0.2634, 0.0, -0.06428), (0.29, 0.0, -0.0866), (0.32264, 0.0, -0.09848), (0.35736, 0.0, -0.09848), (0.39, 0.0, -0.0866), (0.4166, 0.0, -0.06428), (0.43397, 0.0, -0.0342), (0.43332, 0.07641, 0.0), (0.42738, 0.07536, 0.0342), (0.41028, 0.07234, 0.06428), (0.38408, 0.06772, 0.0866), (0.35194, 0.06206, 0.09848), (0.31773, 0.05603, 0.09848), (0.28559, 0.05036, 0.0866), (0.25939, 0.04574, 0.06428), (0.24229, 0.04272, 0.0342), (0.23635, 0.04168, 0.0), (0.24229, 0.04272, -0.0342), (0.25939, 0.04574, -0.06428), (0.28559, 0.05036, -0.0866), (0.31773, 0.05603, -0.09848), (0.35194, 0.06206, -0.09848), (0.38407, 0.06772, -0.0866), (0.41028, 0.07234, -0.06428), (0.42738, 0.07536, -0.0342), (0.41346, 0.15049, 0.0), (0.4078, 0.14843, 0.0342), (0.39148, 0.14249, 0.06428), (0.36648, 0.13339, 0.0866), (0.33581, 0.12223, 0.09848), (0.30318, 0.11035, 0.09848), (0.27251, 0.09919, 0.0866), (0.24751, 0.09009, 0.06428), (0.23119, 0.08415, 0.0342), (0.22553, 0.08208, 0.0), (0.23119, 0.08415, -0.0342), (0.24751, 0.09009, -0.06428), (0.27251, 0.09919, -0.0866), (0.30318, 0.11035, -0.09848), (0.33581, 0.12223, -0.09848), (0.36648, 0.13339, -0.0866), (0.39148, 0.14249, -0.06428), (0.4078, 0.14843, -0.0342), (0.38105, 0.22, 0.0), (0.37583, 0.21698, 0.0342), (0.36079, 0.2083, 0.06428), (0.33775, 0.195, 0.0866), (0.30949, 0.17868, 0.09848), (0.27941, 0.16132, 0.09848), (0.25115, 0.145, 0.0866), (0.22811, 0.1317, 0.06428), (0.21307, 0.12302, 0.0342), (0.20785, 0.12, 0.0), (0.21307, 0.12302, -0.0342), (0.22811, 0.1317, -0.06428), (0.25115, 0.145, -0.0866), (0.27941, 0.16132, -0.09848), (0.30949, 0.17868, -0.09848), (0.33775, 0.195, -0.0866), (0.36079, 0.2083, -0.06428), (0.37583, 0.21698, -0.0342), (0.33706, 0.28283, 0.0), (0.33244, 0.27895, 0.0342), (0.31914, 0.26779, 0.06428), (0.29876, 0.25069, 0.0866), (0.27376, 0.22971, 0.09848), (0.24715, 0.20739, 0.09848), (0.22215, 0.18641, 0.0866), (0.20177, 0.16931, 0.06428), (0.18847, 0.15815, 0.0342), (0.18385, 0.15427, 0.0), (0.18847, 0.15815, -0.0342), (0.20177, 0.16931, -0.06428), (0.22215, 0.18641, -0.0866), (0.24715, 0.20739, -0.09848), (0.27376, 0.22971, -0.09848), (0.29876, 0.25069, -0.0866), (0.31914, 0.26779, -0.06428), (0.33244, 0.27895, -0.0342), (0.28283, 0.33706, 0.0), (0.27895, 0.33244, 0.0342), (0.26779, 0.31914, 0.06428), (0.25069, 0.29876, 0.0866), (0.22971, 0.27376, 0.09848), (0.20739, 0.24715, 0.09848), (0.18641, 0.22215, 0.0866), (0.16931, 0.20177, 0.06428), (0.15815, 0.18847, 0.0342), (0.15427, 0.18385, 0.0), (0.15815, 0.18847, -0.0342), (0.16931, 0.20177, -0.06428), (0.18641, 0.22215, -0.0866), (0.20739, 0.24715, -0.09848), (0.22971, 0.27376, -0.09848), (0.25069, 0.29876, -0.0866), (0.26779, 0.31914, -0.06428), (0.27895, 0.33244, -0.0342), (0.22, 0.38105, 0.0), (0.21698, 0.37583, 0.0342), (0.2083, 0.36079, 0.06428), (0.195, 0.33775, 0.0866), (0.17868, 0.30949, 0.09848), (0.16132, 0.27941, 0.09848), (0.145, 0.25115, 0.0866), (0.1317, 0.22811, 0.06428), (0.12302, 0.21307, 0.0342), (0.12, 0.20785, 0.0), (0.12302, 0.21307, -0.0342), (0.1317, 0.22811, -0.06428), (0.145, 0.25115, -0.0866), (0.16132, 0.27941, -0.09848), (0.17868, 0.30949, -0.09848), (0.195, 0.33775, -0.0866), (0.2083, 0.36079, -0.06428), (0.21698, 0.37583, -0.0342), (0.15049, 0.41346, 0.0), (0.14843, 0.4078, 0.0342), (0.14249, 0.39148, 0.06428), (0.13339, 0.36648, 0.0866), (0.12223, 0.33581, 0.09848), (0.11035, 0.30318, 0.09848), (0.09919, 0.27251, 0.0866), (0.09009, 0.24751, 0.06428), (0.08415, 0.23119, 0.0342), (0.08208, 0.22553, 0.0), (0.08415, 0.23119, -0.0342), (0.09009, 0.24751, -0.06428), (0.09919, 0.27251, -0.0866), (0.11035, 0.30318, -0.09848), (0.12223, 0.33581, -0.09848), (0.13339, 0.36648, -0.0866), (0.14249, 0.39148, -0.06428), (0.14843, 0.4078, -0.0342), (0.07641, 0.43332, 0.0), (0.07536, 0.42738, 0.0342), (0.07234, 0.41028, 0.06428), (0.06772, 0.38408, 0.0866), (0.06206, 0.35194, 0.09848), (0.05603, 0.31773, 0.09848), (0.05036, 0.28559, 0.0866), (0.04574, 0.25939, 0.06428), (0.04272, 0.24229, 0.0342), (0.04168, 0.23635, 0.0), (0.04272, 0.24229, -0.0342), (0.04574, 0.25939, -0.06428), (0.05036, 0.28559, -0.0866), (0.05603, 0.31773, -0.09848), (0.06206, 0.35194, -0.09848), (0.06772, 0.38407, -0.0866), (0.07234, 0.41028, -0.06428), (0.07536, 0.42738, -0.0342), (0.0, 0.44, 0.0), (0.0, 0.43397, 0.0342), (0.0, 0.4166, 0.06428), (0.0, 0.39, 0.0866), (0.0, 0.35736, 0.09848), (0.0, 0.32264, 0.09848), (0.0, 0.29, 0.0866), (0.0, 0.2634, 0.06428), (0.0, 0.24603, 0.0342), (0.0, 0.24, 0.0), (0.0, 0.24603, -0.0342), (0.0, 0.2634, -0.06428), (0.0, 0.29, -0.0866), (0.0, 0.32264, -0.09848), (0.0, 0.35736, -0.09848), (0.0, 0.39, -0.0866), (0.0, 0.4166, -0.06428), (0.0, 0.43397, -0.0342), (-0.07641, 0.43332, 0.0), (-0.07536, 0.42738, 0.0342), (-0.07234, 0.41028, 0.06428), (-0.06772, 0.38408, 0.0866), (-0.06206, 0.35194, 0.09848), (-0.05603, 0.31773, 0.09848), (-0.05036, 0.28559, 0.0866), (-0.04574, 0.25939, 0.06428), (-0.04272, 0.24229, 0.0342), (-0.04168, 0.23635, 0.0), (-0.04272, 0.24229, -0.0342), (-0.04574, 0.25939, -0.06428), (-0.05036, 0.28559, -0.0866), (-0.05603, 0.31773, -0.09848), (-0.06206, 0.35194, -0.09848), (-0.06772, 0.38407, -0.0866), (-0.07234, 0.41028, -0.06428), (-0.07536, 0.42738, -0.0342), (-0.15049, 0.41346, 0.0), (-0.14843, 0.4078, 0.0342), (-0.14249, 0.39148, 0.06428), (-0.13339, 0.36648, 0.0866), (-0.12223, 0.33581, 0.09848), (-0.11035, 0.30318, 0.09848), (-0.09919, 0.27251, 0.0866), (-0.09009, 0.24751, 0.06428), (-0.08415, 0.23119, 0.0342), (-0.08208, 0.22553, 0.0), (-0.08415, 0.23119, -0.0342), (-0.09009, 0.24751, -0.06428), (-0.09919, 0.27251, -0.0866), (-0.11035, 0.30318, -0.09848), (-0.12223, 0.33581, -0.09848), (-0.13339, 0.36648, -0.0866), (-0.14249, 0.39148, -0.06428), (-0.14843, 0.4078, -0.0342), (-0.22, 0.38105, 0.0), (-0.21698, 0.37583, 0.0342), (-0.2083, 0.36079, 0.06428), (-0.195, 0.33775, 0.0866), (-0.17868, 0.30949, 0.09848), (-0.16132, 0.27941, 0.09848), (-0.145, 0.25115, 0.0866), (-0.1317, 0.22811, 0.06428), (-0.12302, 0.21307, 0.0342), (-0.12, 0.20785, 0.0), (-0.12302, 0.21307, -0.0342), (-0.1317, 0.22811, -0.06428), (-0.145, 0.25115, -0.0866), (-0.16132, 0.27941, -0.09848), (-0.17868, 0.30949, -0.09848), (-0.195, 0.33775, -0.0866), (-0.2083, 0.36079, -0.06428), (-0.21698, 0.37583, -0.0342), (-0.28283, 0.33706, 0.0), (-0.27895, 0.33244, 0.0342), (-0.26779, 0.31914, 0.06428), (-0.25069, 0.29876, 0.0866), (-0.22971, 0.27376, 0.09848), (-0.20739, 0.24715, 0.09848), (-0.18641, 0.22215, 0.0866), (-0.16931, 0.20177, 0.06428), (-0.15815, 0.18847, 0.0342), (-0.15427, 0.18385, 0.0), (-0.15815, 0.18847, -0.0342), (-0.16931, 0.20177, -0.06428), (-0.18641, 0.22215, -0.0866), (-0.20739, 0.24715, -0.09848), (-0.22971, 0.27376, -0.09848), (-0.25069, 0.29876, -0.0866), (-0.26779, 0.31914, -0.06428), (-0.27895, 0.33244, -0.0342), (-0.33706, 0.28283, 0.0), (-0.33244, 0.27895, 0.0342), (-0.31914, 0.26779, 0.06428), (-0.29876, 0.25069, 0.0866), (-0.27376, 0.22971, 0.09848), (-0.24715, 0.20739, 0.09848), (-0.22215, 0.18641, 0.0866), (-0.20177, 0.16931, 0.06428), (-0.18847, 0.15815, 0.0342), (-0.18385, 0.15427, 0.0), (-0.18847, 0.15815, -0.0342), (-0.20177, 0.16931, -0.06428), (-0.22215, 0.18641, -0.0866), (-0.24715, 0.20739, -0.09848), (-0.27376, 0.22971, -0.09848), (-0.29876, 0.25069, -0.0866), (-0.31914, 0.26779, -0.06428), (-0.33244, 0.27895, -0.0342), (-0.38105, 0.22, 0.0), (-0.37583, 0.21698, 0.0342), (-0.36079, 0.2083, 0.06428), (-0.33775, 0.195, 0.0866), (-0.30949, 0.17868, 0.09848), (-0.27941, 0.16132, 0.09848), (-0.25115, 0.145, 0.0866), (-0.22811, 0.1317, 0.06428), (-0.21307, 0.12302, 0.0342), (-0.20785, 0.12, 0.0), (-0.21307, 0.12302, -0.0342), (-0.22811, 0.1317, -0.06428), (-0.25115, 0.145, -0.0866), (-0.27941, 0.16132, -0.09848), (-0.30949, 0.17868, -0.09848), (-0.33775, 0.195, -0.0866), (-0.36079, 0.2083, -0.06428), (-0.37583, 0.21698, -0.0342), (-0.41346, 0.15049, 0.0), (-0.4078, 0.14843, 0.0342), (-0.39148, 0.14249, 0.06428), (-0.36648, 0.13339, 0.0866), (-0.33581, 0.12223, 0.09848), (-0.30318, 0.11035, 0.09848), (-0.27251, 0.09919, 0.0866), (-0.24751, 0.09009, 0.06428), (-0.23119, 0.08415, 0.0342), (-0.22553, 0.08208, 0.0), (-0.23119, 0.08415, -0.0342), (-0.24751, 0.09009, -0.06428), (-0.27251, 0.09919, -0.0866), (-0.30318, 0.11035, -0.09848), (-0.33581, 0.12223, -0.09848), (-0.36648, 0.13339, -0.0866), (-0.39148, 0.14249, -0.06428), (-0.4078, 0.14843, -0.0342), (-0.43332, 0.07641, 0.0), (-0.42738, 0.07536, 0.0342), (-0.41028, 0.07234, 0.06428), (-0.38408, 0.06772, 0.0866), (-0.35194, 0.06206, 0.09848), (-0.31773, 0.05603, 0.09848), (-0.28559, 0.05036, 0.0866), (-0.25939, 0.04574, 0.06428), (-0.24229, 0.04272, 0.0342), (-0.23635, 0.04168, 0.0), (-0.24229, 0.04272, -0.0342), (-0.25939, 0.04574, -0.06428), (-0.28559, 0.05036, -0.0866), (-0.31773, 0.05603, -0.09848), (-0.35194, 0.06206, -0.09848), (-0.38407, 0.06772, -0.0866), (-0.41028, 0.07234, -0.06428), (-0.42738, 0.07536, -0.0342), (-0.44, 0.0, 0.0), (-0.43397, 0.0, 0.0342), (-0.4166, 0.0, 0.06428), (-0.39, 0.0, 0.0866), (-0.35736, 0.0, 0.09848), (-0.32264, 0.0, 0.09848), (-0.29, 0.0, 0.0866), (-0.2634, 0.0, 0.06428), (-0.24603, 0.0, 0.0342), (-0.24, 0.0, 0.0), (-0.24603, 0.0, -0.0342), (-0.2634, 0.0, -0.06428), (-0.29, 0.0, -0.0866), (-0.32264, 0.0, -0.09848), (-0.35736, 0.0, -0.09848), (-0.39, 0.0, -0.0866), (-0.4166, 0.0, -0.06428), (-0.43397, 0.0, -0.0342), (-0.43332, -0.07641, 0.0), (-0.42738, -0.07536, 0.0342), (-0.41028, -0.07234, 0.06428), (-0.38408, -0.06772, 0.0866), (-0.35194, -0.06206, 0.09848), (-0.31773, -0.05602, 0.09848), (-0.28559, -0.05036, 0.0866), (-0.25939, -0.04574, 0.06428), (-0.24229, -0.04272, 0.0342), (-0.23635, -0.04168, 0.0), (-0.24229, -0.04272, -0.0342), (-0.25939, -0.04574, -0.06428), (-0.28559, -0.05036, -0.0866), (-0.31773, -0.05602, -0.09848), (-0.35194, -0.06206, -0.09848), (-0.38408, -0.06772, -0.0866), (-0.41028, -0.07234, -0.06428), (-0.42738, -0.07536, -0.0342), (-0.41346, -0.15049, 0.0), (-0.4078, -0.14843, 0.0342), (-0.39148, -0.14249, 0.06428), (-0.36648, -0.13339, 0.0866), (-0.33581, -0.12223, 0.09848), (-0.30318, -0.11035, 0.09848), (-0.27251, -0.09919, 0.0866), (-0.24751, -0.09009, 0.06428), (-0.23119, -0.08415, 0.0342), (-0.22553, -0.08208, 0.0), (-0.23119, -0.08415, -0.0342), (-0.24751, -0.09009, -0.06428), (-0.27251, -0.09919, -0.0866), (-0.30318, -0.11035, -0.09848), (-0.33581, -0.12223, -0.09848), (-0.36648, -0.13339, -0.0866), (-0.39148, -0.14249, -0.06428), (-0.4078, -0.14843, -0.0342), (-0.38105, -0.22, 0.0), (-0.37583, -0.21698, 0.0342), (-0.36079, -0.2083, 0.06428), (-0.33775, -0.195, 0.0866), (-0.30949, -0.17868, 0.09848), (-0.27941, -0.16132, 0.09848), (-0.25115, -0.145, 0.0866), (-0.22811, -0.1317, 0.06428), (-0.21307, -0.12302, 0.0342), (-0.20785, -0.12, 0.0), (-0.21307, -0.12302, -0.0342), (-0.22811, -0.1317, -0.06428), (-0.25115, -0.145, -0.0866), (-0.27941, -0.16132, -0.09848), (-0.30949, -0.17868, -0.09848), (-0.33775, -0.195, -0.0866), (-0.36079, -0.2083, -0.06428), (-0.37583, -0.21698, -0.0342), (-0.33706, -0.28283, 0.0), (-0.33244, -0.27895, 0.0342), (-0.31914, -0.26779, 0.06428), (-0.29876, -0.25069, 0.0866), (-0.27376, -0.22971, 0.09848), (-0.24715, -0.20739, 0.09848), (-0.22215, -0.18641, 0.0866), (-0.20177, -0.16931, 0.06428), (-0.18847, -0.15815, 0.0342), (-0.18385, -0.15427, 0.0), (-0.18847, -0.15815, -0.0342), (-0.20177, -0.16931, -0.06428), (-0.22215, -0.18641, -0.0866), (-0.24715, -0.20739, -0.09848), (-0.27376, -0.22971, -0.09848), (-0.29876, -0.25069, -0.0866), (-0.31914, -0.26779, -0.06428), (-0.33244, -0.27895, -0.0342), (-0.28283, -0.33706, 0.0), (-0.27895, -0.33244, 0.0342), (-0.26779, -0.31914, 0.06428), (-0.25069, -0.29876, 0.0866), (-0.22971, -0.27376, 0.09848), (-0.20739, -0.24715, 0.09848), (-0.18641, -0.22215, 0.0866), (-0.16931, -0.20177, 0.06428), (-0.15815, -0.18847, 0.0342), (-0.15427, -0.18385, 0.0), (-0.15815, -0.18847, -0.0342), (-0.16931, -0.20177, -0.06428), (-0.18641, -0.22215, -0.0866), (-0.20739, -0.24715, -0.09848), (-0.22971, -0.27376, -0.09848), (-0.25069, -0.29876, -0.0866), (-0.26779, -0.31914, -0.06428), (-0.27895, -0.33244, -0.0342), (-0.22, -0.38105, 0.0), (-0.21698, -0.37583, 0.0342), (-0.2083, -0.36079, 0.06428), (-0.195, -0.33775, 0.0866), (-0.17868, -0.30949, 0.09848), (-0.16132, -0.27941, 0.09848), (-0.145, -0.25115, 0.0866), (-0.1317, -0.22811, 0.06428), (-0.12302, -0.21307, 0.0342), (-0.12, -0.20785, 0.0), (-0.12302, -0.21307, -0.0342), (-0.1317, -0.22811, -0.06428), (-0.145, -0.25115, -0.0866), (-0.16132, -0.27941, -0.09848), (-0.17868, -0.30949, -0.09848), (-0.195, -0.33775, -0.0866), (-0.2083, -0.36079, -0.06428), (-0.21698, -0.37583, -0.0342), (-0.15049, -0.41346, 0.0), (-0.14843, -0.4078, 0.0342), (-0.14249, -0.39148, 0.06428), (-0.13339, -0.36648, 0.0866), (-0.12223, -0.33581, 0.09848), (-0.11035, -0.30318, 0.09848), (-0.09919, -0.27251, 0.0866), (-0.09009, -0.24751, 0.06428), (-0.08415, -0.23119, 0.0342), (-0.08208, -0.22553, 0.0), (-0.08415, -0.23119, -0.0342), (-0.09009, -0.24751, -0.06428), (-0.09919, -0.27251, -0.0866), (-0.11035, -0.30318, -0.09848), (-0.12223, -0.33581, -0.09848), (-0.13339, -0.36648, -0.0866), (-0.14249, -0.39148, -0.06428), (-0.14843, -0.4078, -0.0342), (-0.07641, -0.43332, 0.0), (-0.07536, -0.42738, 0.0342), (-0.07234, -0.41028, 0.06428), (-0.06772, -0.38407, 0.0866), (-0.06206, -0.35194, 0.09848), (-0.05603, -0.31773, 0.09848), (-0.05036, -0.28559, 0.0866), (-0.04574, -0.25939, 0.06428), (-0.04272, -0.24229, 0.0342), (-0.04168, -0.23635, 0.0), (-0.04272, -0.24229, -0.0342), (-0.04574, -0.25939, -0.06428), (-0.05036, -0.28559, -0.0866), (-0.05603, -0.31773, -0.09848), (-0.06206, -0.35194, -0.09848), (-0.06772, -0.38407, -0.0866), (-0.07234, -0.41028, -0.06428), (-0.07536, -0.42738, -0.0342), (0.0, -0.44, 0.0), (0.0, -0.43397, 0.0342), (0.0, -0.4166, 0.06428), (0.0, -0.39, 0.0866), (0.0, -0.35736, 0.09848), (0.0, -0.32264, 0.09848), (0.0, -0.29, 0.0866), (0.0, -0.2634, 0.06428), (0.0, -0.24603, 0.0342), (0.0, -0.24, 0.0), (0.0, -0.24603, -0.0342), (0.0, -0.2634, -0.06428), (0.0, -0.29, -0.0866), (0.0, -0.32264, -0.09848), (0.0, -0.35736, -0.09848), (0.0, -0.39, -0.0866), (0.0, -0.4166, -0.06428), (0.0, -0.43397, -0.0342), (0.07641, -0.43332, 0.0), (0.07536, -0.42738, 0.0342), (0.07234, -0.41028, 0.06428), (0.06772, -0.38408, 0.0866), (0.06206, -0.35194, 0.09848), (0.05603, -0.31773, 0.09848), (0.05036, -0.28559, 0.0866), (0.04574, -0.25939, 0.06428), (0.04272, -0.24229, 0.0342), (0.04168, -0.23635, 0.0), (0.04272, -0.24229, -0.0342), (0.04574, -0.25939, -0.06428), (0.05036, -0.28559, -0.0866), (0.05602, -0.31773, -0.09848), (0.06206, -0.35194, -0.09848), (0.06772, -0.38407, -0.0866), (0.07234, -0.41028, -0.06428), (0.07536, -0.42738, -0.0342), (0.15049, -0.41346, 0.0), (0.14843, -0.4078, 0.0342), (0.14249, -0.39148, 0.06428), (0.13339, -0.36648, 0.0866), (0.12223, -0.33581, 0.09848), (0.11035, -0.30318, 0.09848), (0.09919, -0.27251, 0.0866), (0.09009, -0.24751, 0.06428), (0.08415, -0.23119, 0.0342), (0.08208, -0.22553, 0.0), (0.08415, -0.23119, -0.0342), (0.09009, -0.24751, -0.06428), (0.09919, -0.27251, -0.0866), (0.11035, -0.30318, -0.09848), (0.12223, -0.33581, -0.09848), (0.13339, -0.36648, -0.0866), (0.14249, -0.39148, -0.06428), (0.14843, -0.4078, -0.0342), (0.22, -0.38105, 0.0), (0.21698, -0.37583, 0.0342), (0.2083, -0.36079, 0.06428), (0.195, -0.33775, 0.0866), (0.17868, -0.30949, 0.09848), (0.16132, -0.27941, 0.09848), (0.145, -0.25115, 0.0866), (0.1317, -0.22811, 0.06428), (0.12302, -0.21307, 0.0342), (0.12, -0.20785, 0.0), (0.12302, -0.21307, -0.0342), (0.1317, -0.22811, -0.06428), (0.145, -0.25115, -0.0866), (0.16132, -0.27941, -0.09848), (0.17868, -0.30949, -0.09848), (0.195, -0.33775, -0.0866), (0.2083, -0.36079, -0.06428), (0.21698, -0.37583, -0.0342), (0.28283, -0.33706, 0.0), (0.27895, -0.33244, 0.0342), (0.26779, -0.31914, 0.06428), (0.25069, -0.29876, 0.0866), (0.22971, -0.27376, 0.09848), (0.20739, -0.24715, 0.09848), (0.18641, -0.22215, 0.0866), (0.16931, -0.20177, 0.06428), (0.15815, -0.18847, 0.0342), (0.15427, -0.18385, 0.0), (0.15815, -0.18847, -0.0342), (0.16931, -0.20177, -0.06428), (0.18641, -0.22215, -0.0866), (0.20739, -0.24715, -0.09848), (0.22971, -0.27376, -0.09848), (0.25069, -0.29876, -0.0866), (0.26779, -0.31914, -0.06428), (0.27895, -0.33244, -0.0342), (0.33706, -0.28283, 0.0), (0.33244, -0.27895, 0.0342), (0.31914, -0.26779, 0.06428), (0.29876, -0.25069, 0.0866), (0.27376, -0.22971, 0.09848), (0.24715, -0.20739, 0.09848), (0.22215, -0.18641, 0.0866), (0.20177, -0.16931, 0.06428), (0.18847, -0.15815, 0.0342), (0.18385, -0.15427, 0.0), (0.18847, -0.15815, -0.0342), (0.20177, -0.16931, -0.06428), (0.22215, -0.18641, -0.0866), (0.24715, -0.20739, -0.09848), (0.27376, -0.22971, -0.09848), (0.29876, -0.25069, -0.0866), (0.31914, -0.26779, -0.06428), (0.33244, -0.27895, -0.0342), (0.38105, -0.22, 0.0), (0.37583, -0.21698, 0.0342), (0.36079, -0.2083, 0.06428), (0.33775, -0.195, 0.0866), (0.30949, -0.17868, 0.09848), (0.27941, -0.16132, 0.09848), (0.25115, -0.145, 0.0866), (0.22811, -0.1317, 0.06428), (0.21307, -0.12302, 0.0342), (0.20785, -0.12, 0.0), (0.21307, -0.12302, -0.0342), (0.22811, -0.1317, -0.06428), (0.25115, -0.145, -0.0866), (0.27941, -0.16132, -0.09848), (0.30949, -0.17868, -0.09848), (0.33775, -0.195, -0.0866), (0.36079, -0.2083, -0.06428), (0.37583, -0.21698, -0.0342), (0.41346, -0.15049, 0.0), (0.4078, -0.14843, 0.0342), (0.39148, -0.14249, 0.06428), (0.36648, -0.13339, 0.0866), (0.33581, -0.12223, 0.09848), (0.30318, -0.11035, 0.09848), (0.27251, -0.09919, 0.0866), (0.24751, -0.09009, 0.06428), (0.23119, -0.08415, 0.0342), (0.22553, -0.08208, 0.0), (0.23119, -0.08415, -0.0342), (0.24751, -0.09009, -0.06428), (0.27251, -0.09919, -0.0866), (0.30318, -0.11035, -0.09848), (0.33581, -0.12223, -0.09848), (0.36648, -0.13339, -0.0866), (0.39148, -0.14249, -0.06428), (0.4078, -0.14843, -0.0342), (0.43332, -0.07641, 0.0), (0.42738, -0.07536, 0.0342), (0.41028, -0.07234, 0.06428), (0.38408, -0.06772, 0.0866), (0.35194, -0.06206, 0.09848), (0.31773, -0.05603, 0.09848), (0.28559, -0.05036, 0.0866), (0.25939, -0.04574, 0.06428), (0.24229, -0.04272, 0.0342), (0.23635, -0.04168, 0.0), (0.24229, -0.04272, -0.0342), (0.25939, -0.04574, -0.06428), (0.28559, -0.05036, -0.0866), (0.31773, -0.05603, -0.09848), (0.35194, -0.06206, -0.09848), (0.38407, -0.06772, -0.0866), (0.41028, -0.07234, -0.06428), (0.42738, -0.07536, -0.0342)]
                normal3f[] normals = [(1.0, 0.0, 0.0), (0.93969, 0.0, 0.34202), (0.76604, 0.0, 0.64279), (0.5, 0.0, 0.86603), (0.17365, 0.0, 0.98481), (-0.17365, -0.0, 0.98481), (-0.5, -0.0, 0.86603), (-0.76604, -0.0, 0.64279), (-0.93969, -0.0, 0.34202), (-1.0, -0.0, 0.0), (-0.93969, -0.0, -0.34202), (-0.76604, -0.0, -0.64279), (-0.5, -0.0, -0.86603), (-0.17365, -0.0, -0.98481), (0.17365, 0.0, -0.98481), (0.5, 0.0, -0.86603), (0.76604, 0.0, -0.64279), (0.93969, 0.0, -0.34202), (0.98481, 0.17365, 0.0), (0.92542, 0.16318, 0.34202), (0.75441, 0.13302, 0.64279), (0.4924, 0.08682, 0.86603), (0.17101, 0.03015, 0.98481), (-0.17101, -0.03015, 0.98481), (-0.4924, -0.08682, 0.86603), (-0.75441, -0.13302, 0.64279), (-0.92542, -0.16318, 0.34202), (-0.98481, -0.17365, 0.0), (-0.92542, -0.16318, -0.34202), (-0.75441, -0.13302, -0.64279), (-0.4924, -0.08682, -0.86603), (-0.17101, -0.03015, -0.98481), (0.17101, 0.03015, -0.98481), (0.4924, 0.08682, -0.86603), (0.75441, 0.13302, -0.64279), (0.92542, 0.16318, -0.34202), (0.93969, 0.34202, 0.0), (0.88302, 0.32139, 0.34202), (0.71985, 0.262, 0.64279), (0.46985, 0.17101, 0.86603), (0.16318, 0.05939, 0.98481), (-0.16318, -0.05939, 0.98481), (-0.46985, -0.17101, 0.86603), (-0.71985, -0.262, 0.64279), (-0.88302, -0.32139, 0.34202), (-0.93969, -0.34202, 0.0), (-0.88302, -0.32139, -0.34202), (-0.71985, -0.262, -0.64279), (-0.46985, -0.17101, -0.86603), (-0.16318, -0.05939, -0.98481), (0.16318, 0.05939, -0.98481), (0.46985, 0.17101, -0.86603), (0.71985, 0.262, -0.64279), (0.88302, 0.32139, -0.34202), (0.86603, 0.5, 0.0), (0.8138, 0.46985, 0.34202), (0.66341, 0.38302, 0.64279), (0.43301, 0.25, 0.86603), (0.15038, 0.08682, 0.98481), (-0.15038, -0.08682, 0.98481), (-0.43301, -0.25, 0.86603), (-0.66341, -0.38302, 0.64279), (-0.8138, -0.46985, 0.34202), (-0.86603, -0.5, 0.0), (-0.8138, -0.46985, -0.34202), (-0.66341, -0.38302, -0.64279), (-0.43301, -0.25, -0.86603), (-0.15038, -0.08682, -0.98481), (0.15038, 0.08682, -0.98481), (0.43301, 0.25, -0.86603), (0.66341, 0.38302, -0.64279), (0.8138, 0.46985, -0.34202), (0.76604, 0.64279, 0.0), (0.71985, 0.60402, 0.34202), (0.58682, 0.4924, 0.64279), (0.38302, 0.32139, 0.86603), (0.13302, 0.11162, 0.98481), (-0.13302, -0.11162, 0.98481), (-0.38302, -0.32139, 0.86603), (-0.58682, -0.4924, 0.64279), (-0.71985, -0.60402, 0.34202), (-0.76604, -0.64279, 0.0), (-0.71985, -0.60402, -0.34202), (-0.58682, -0.4924, -0.64279), (-0.38302, -0.32139, -0.86603), (-0.13302, -0.11162, -0.98481), (0.13302, 0.11162, -0.98481), (0.38302, 0.32139, -0.86603), (0.58682, 0.4924, -0.64279), (0.71985, 0.60402, -0.34202), (0.64279, 0.76604, 0.0), (0.60402, 0.71985, 0.34202), (0.4924, 0.58682, 0.64279), (0.32139, 0.38302, 0.86603), (0.11162, 0.13302, 0.98481), (-0.11162, -0.13302, 0.98481), (-0.32139, -0.38302, 0.86603), (-0.4924, -0.58682, 0.64279), (-0.60402, -0.71985, 0.34202), (-0.64279, -0.76604, 0.0), (-0.60402, -0.71985, -0.34202), (-0.4924, -0.58682, -0.64279), (-0.32139, -0.38302, -0.86603), (-0.11162, -0.13302, -0.98481), (0.11162, 0.13302, -0.98481), (0.32139, 0.38302, -0.86603), (0.4924, 0.58682, -0.64279), (0.60402, 0.71985, -0.34202), (0.5, 0.86603, 0.0), (0.46985, 0.8138, 0.34202), (0.38302, 0.66341, 0.64279), (0.25, 0.43301, 0.86603), (0.08682, 0.15038, 0.98481), (-0.08682, -0.15038, 0.98481), (-0.25, -0.43301, 0.86603), (-0.38302, -0.66341, 0.64279), (-0.46985, -0.8138, 0.34202), (-0.5, -0.86603, 0.0), (-0.46985, -0.8138, -0.34202), (-0.38302, -0.66341, -0.64279), (-0.25, -0.43301, -0.86603), (-0.08682, -0.15038, -0.98481), (0.08682, 0.15038, -0.98481), (0.25, 0.43301, -0.86603), (0.38302, 0.66341, -0.64279), (0.46985, 0.8138, -0.34202), (0.34202, 0.93969, 0.0), (0.32139, 0.88302, 0.34202), (0.262, 0.71985, 0.64279), (0.17101, 0.46985, 0.86603), (0.05939, 0.16318, 0.98481), (-0.05939, -0.16318, 0.98481), (-0.17101, -0.46985, 0.86603), (-0.262, -0.71985, 0.64279), (-0.32139, -0.88302, 0.34202), (-0.34202, -0.93969, 0.0), (-0.32139, -0.88302, -0.34202), (-0.262, -0.71985, -0.64279), (-0.17101, -0.46985, -0.86603), (-0.05939, -0.16318, -0.98481), (0.05939, 0.16318, -0.98481), (0.17101, 0.46985, -0.86603), (0.262, 0.71985, -0.64279), (0.32139, 0.88302, -0.34202), (0.17365, 0.98481, 0.0), (0.16318, 0.92542, 0.34202), (0.13302, 0.75441, 0.64279), (0.08682, 0.4924, 0.86603), (0.03015, 0.17101, 0.98481), (-0.03015, -0.17101, 0.98481), (-0.08682, -0.4924, 0.86603), (-0.13302, -0.75441, 0.64279), (-0.16318, -0.92542, 0.34202), (-0.17365, -0.98481, 0.0), (-0.16318, -0.92542, -0.34202), (-0.13302, -0.75441, -0.64279), (-0.08682, -0.4924, -0.86603), (-0.03015, -0.17101, -0.98481), (0.03015, 0.17101, -0.98481), (0.08682, 0.4924, -0.86603), (0.13302, 0.75441, -0.64279), (0.16318, 0.92542, -0.34202), (0.0, 1.0, 0.0), (0.0, 0.93969, 0.34202), (0.0, 0.76604, 0.64279), (0.0, 0.5, 0.86603), (0.0, 0.17365, 0.98481), (-0.0, -0.17365, 0.98481), (-0.0, -0.5, 0.86603), (-0.0, -0.76604, 0.64279), (-0.0, -0.93969, 0.34202), (-0.0, -1.0, 0.0), (-0.0, -0.93969, -0.34202), (-0.0, -0.76604, -0.64279), (-0.0, -0.5, -0.86603), (-0.0, -0.17365, -0.98481), (0.0, 0.17365, -0.98481), (0.0, 0.5, -0.86603), (0.0, 0.76604, -0.64279), (0.0, 0.93969, -0.34202), (-0.17365, 0.98481, 0.0), (-0.16318, 0.92542, 0.34202), (-0.13302, 0.75441, 0.64279), (-0.08682, 0.4924, 0.86603), (-0.03015, 0.17101, 0.98481), (0.03015, -0.17101, 0.98481), (0.08682, -0.4924, 0.86603), (0.13302, -0.75441, 0.64279), (0.16318, -0.92542, 0.34202), (0.17365, -0.98481, 0.0), (0.16318, -0.92542, -0.34202), (0.13302, -0.75441, -0.64279), (0.08682, -0.4924, -0.86603), (0.03015, -0.17101, -0.98481), (-0.03015, 0.17101, -0.98481), (-0.08682, 0.4924, -0.86603), (-0.13302, 0.75441, -0.64279), (-0.16318, 0.92542, -0.34202), (-0.34202, 0.93969, 0.0), (-0.32139, 0.88302, 0.34202), (-0.262, 0.71985, 0.64279), (-0.17101, 0.46985, 0.86603), (-0.05939, 0.16318, 0.98481), (0.05939, -0.16318, 0.98481), (0.17101, -0.46985, 0.86603), (0.262, -0.71985, 0.64279), (0.32139, -0.88302, 0.34202), (0.34202, -0.93969, 0.0), (0.32139, -0.88302, -0.34202), (0.262, -0.71985, -0.64279), (0.17101, -0.46985, -0.86603), (0.05939, -0.16318, -0.98481), (-0.05939, 0.16318, -0.98481), (-0.17101, 0.46985, -0.86603), (-0.262, 0.71985, -0.64279), (-0.32139, 0.88302, -0.34202), (-0.5, 0.86603, 0.0), (-0.46985, 0.8138, 0.34202), (-0.38302, 0.66341, 0.64279), (-0.25, 0.43301, 0.86603), (-0.08682, 0.15038, 0.98481), (0.08682, -0.15038, 0.98481), (0.25, -0.43301, 0.86603), (0.38302, -0.66341, 0.64279), (0.46985, -0.8138, 0.34202), (0.5, -0.86603, 0.0), (0.46985, -0.8138, -0.34202), (0.38302, -0.66341, -0.64279), (0.25, -0.43301, -0.86603), (0.08682, -0.15038, -0.98481), (-0.08682, 0.15038, -0.98481), (-0.25, 0.43301, -0.86603), (-0.38302, 0.66341, -0.64279), (-0.46985, 0.8138, -0.34202), (-0.64279, 0.76604, 0.0), (-0.60402, 0.71985, 0.34202), (-0.4924, 0.58682, 0.64279), (-0.32139, 0.38302, 0.86603), (-0.11162, 0.13302, 0.98481), (0.11162, -0.13302, 0.98481), (0.32139, -0.38302, 0.86603), (0.4924, -0.58682, 0.64279), (0.60402, -0.71985, 0.34202), (0.64279, -0.76604, 0.0), (0.60402, -0.71985, -0.34202), (0.4924, -0.58682, -0.64279), (0.32139, -0.38302, -0.86603), (0.11162, -0.13302, -0.98481), (-0.11162, 0.13302, -0.98481), (-0.32139, 0.38302, -0.86603), (-0.4924, 0.58682, -0.64279), (-0.60402, 0.71985, -0.34202), (-0.76604, 0.64279, 0.0), (-0.71985, 0.60402, 0.34202), (-0.58682, 0.4924, 0.64279), (-0.38302, 0.32139, 0.86603), (-0.13302, 0.11162, 0.98481), (0.13302, -0.11162, 0.98481), (0.38302, -0.32139, 0.86603), (0.58682, -0.4924, 0.64279), (0.71985, -0.60402, 0.34202), (0.76604, -0.64279, 0.0), (0.71985, -0.60402, -0.34202), (0.58682, -0.4924, -0.64279), (0.38302, -0.32139, -0.86603), (0.13302, -0.11162, -0.98481), (-0.13302, 0.11162, -0.98481), (-0.38302, 0.32139, -0.86603), (-0.58682, 0.4924, -0.64279), (-0.71985, 0.60402, -0.34202), (-0.86603, 0.5, 0.0), (-0.8138, 0.46985, 0.34202), (-0.66341, 0.38302, 0.64279), (-0.43301, 0.25, 0.86603), (-0.15038, 0.08682, 0.98481), (0.15038, -0.08682, 0.98481), (0.43301, -0.25, 0.86603), (0.66341, -0.38302, 0.64279), (0.8138, -0.46985, 0.34202), (0.86603, -0.5, 0.0), (0.8138, -0.46985, -0.34202), (0.66341, -0.38302, -0.64279), (0.43301, -0.25, -0.86603), (0.15038, -0.08682, -0.98481), (-0.15038, 0.08682, -0.98481), (-0.43301, 0.25, -0.86603), (-0.66341, 0.38302, -0.64279), (-0.8138, 0.46985, -0.34202), (-0.93969, 0.34202, 0.0), (-0.88302, 0.32139, 0.34202), (-0.71985, 0.262, 0.64279), (-0.46985, 0.17101, 0.86603), (-0.16318, 0.05939, 0.98481), (0.16318, -0.05939, 0.98481), (0.46985, -0.17101, 0.86603), (0.71985, -0.262, 0.64279), (0.88302, -0.32139, 0.34202), (0.93969, -0.34202, 0.0), (0.88302, -0.32139, -0.34202), (0.71985, -0.262, -0.64279), (0.46985, -0.17101, -0.86603), (0.16318, -0.05939, -0.98481), (-0.16318, 0.05939, -0.98481), (-0.46985, 0.17101, -0.86603), (-0.71985, 0.262, -0.64279), (-0.88302, 0.32139, -0.34202), (-0.98481, 0.17365, 0.0), (-0.92542, 0.16318, 0.34202), (-0.75441, 0.13302, 0.64279), (-0.4924, 0.08682, 0.86603), (-0.17101, 0.03015, 0.98481), (0.17101, -0.03015, 0.98481), (0.4924, -0.08682, 0.86603), (0.75441, -0.13302, 0.64279), (0.92542, -0.16318, 0.34202), (0.98481, -0.17365, 0.0), (0.92542, -0.16318, -0.34202), (0.75441, -0.13302, -0.64279), (0.4924, -0.08682, -0.86603), (0.17101, -0.03015, -0.98481), (-0.17101, 0.03015, -0.98481), (-0.4924, 0.08682, -0.86603), (-0.75441, 0.13302, -0.64279), (-0.92542, 0.16318, -0.34202), (-1.0, 0.0, 0.0), (-0.93969, 0.0, 0.34202), (-0.76604, 0.0, 0.64279), (-0.5, 0.0, 0.86603), (-0.17365, 0.0, 0.98481), (0.17365, -0.0, 0.98481), (0.5, -0.0, 0.86603), (0.76604, -0.0, 0.64279), (0.93969, -0.0, 0.34202), (1.0, -0.0, 0.0), (0.93969, -0.0, -0.34202), (0.76604, -0.0, -0.64279), (0.5, -0.0, -0.86603), (0.17365, -0.0, -0.98481), (-0.17365, 0.0, -0.98481), (-0.5, 0.0, -0.86603), (-0.76604, 0.0, -0.64279), (-0.93969, 0.0, -0.34202), (-0.98481, -0.17365, 0.0), (-0.92542, -0.16318, 0.34202), (-0.75441, -0.13302, 0.64279), (-0.4924, -0.08682, 0.86603), (-0.17101, -0.03015, 0.98481), (0.17101, 0.03015, 0.98481), (0.4924, 0.08682, 0.86603), (0.75441, 0.13302, 0.64279), (0.92542, 0.16318, 0.34202), (0.98481, 0.17365, 0.0), (0.92542, 0.16318, -0.34202), (0.75441, 0.13302, -0.64279), (0.4924, 0.08682, -0.86603), (0.17101, 0.03015, -0.98481), (-0.17101, -0.03015, -0.98481), (-0.4924, -0.08682, -0.86603), (-0.75441, -0.13302, -0.64279), (-0.92542, -0.16318, -0.34202), (-0.93969, -0.34202, 0.0), (-0.88302, -0.32139, 0.34202), (-0.71985, -0.262, 0.64279), (-0.46985, -0.17101, 0.86603), (-0.16318, -0.05939, 0.98481), (0.16318, 0.05939, 0.98481), (0.46985, 0.17101, 0.86603), (0.71985, 0.262, 0.64279), (0.88302, 0.32139, 0.34202), (0.93969, 0.34202, 0.0), (0.88302, 0.32139, -0.34202), (0.71985, 0.262, -0.64279), (0.46985, 0.17101, -0.86603), (0.16318, 0.05939, -0.98481), (-0.16318, -0.05939, -0.98481), (-0.46985, -0.17101, -0.86603), (-0.71985, -0.262, -0.64279), (-0.88302, -0.32139, -0.34202), (-0.86603, -0.5, 0.0), (-0.8138, -0.46985, 0.34202), (-0.66341, -0.38302, 0.64279), (-0.43301, -0.25, 0.86603), (-0.15038, -0.08682, 0.98481), (0.15038, 0.08682, 0.98481), (0.43301, 0.25, 0.86603), (0.66341, 0.38302, 0.64279), (0.8138, 0.46985, 0.34202), (0.86603, 0.5, 0.0), (0.8138, 0.46985, -0.34202), (0.66341, 0.38302, -0.64279), (0.43301, 0.25, -0.86603), (0.15038, 0.08682, -0.98481), (-0.15038, -0.08682, -0.98481), (-0.43301, -0.25, -0.86603), (-0.66341, -0.38302, -0.64279), (-0.8138, -0.46985, -0.34202), (-0.76604, -0.64279, 0.0), (-0.71985, -0.60402, 0.34202), (-0.58682, -0.4924, 0.64279), (-0.38302, -0.32139, 0.86603), (-0.13302, -0.11162, 0.98481), (0.13302, 0.11162, 0.98481), (0.38302, 0.32139, 0.86603), (0.58682, 0.4924, 0.64279), (0.71985, 0.60402, 0.34202), (0.76604, 0.64279, 0.0), (0.71985, 0.60402, -0.34202), (0.58682, 0.4924, -0.64279), (0.38302, 0.32139, -0.86603), (0.13302, 0.11162, -0.98481), (-0.13302, -0.11162, -0.98481), (-0.38302, -0.32139, -0.86603), (-0.58682, -0.4924, -0.64279), (-0.71985, -0.60402, -0.34202), (-0.64279, -0.76604, 0.0), (-0.60402, -0.71985, 0.34202), (-0.4924, -0.58682, 0.64279), (-0.32139, -0.38302, 0.86603), (-0.11162, -0.13302, 0.98481), (0.11162, 0.13302, 0.98481), (0.32139, 0.38302, 0.86603), (0.4924, 0.58682, 0.64279), (0.60402, 0.71985, 0.34202), (0.64279, 0.76604, 0.0), (0.60402, 0.71985, -0.34202), (0.4924, 0.58682, -0.64279), (0.32139, 0.38302, -0.86603), (0.11162, 0.13302, -0.98481), (-0.11162, -0.13302, -0.98481), (-0.32139, -0.38302, -0.86603), (-0.4924, -0.58682, -0.64279), (-0.60402, -0.71985, -0.34202), (-0.5, -0.86603, 0.0), (-0.46985, -0.8138, 0.34202), (-0.38302, -0.66341, 0.64279), (-0.25, -0.43301, 0.86603), (-0.08682, -0.15038, 0.98481), (0.08682, 0.15038, 0.98481), (0.25, 0.43301, 0.86603), (0.38302, 0.66341, 0.64279), (0.46985, 0.8138, 0.34202), (0.5, 0.86603, 0.0), (0.46985, 0.8138, -0.34202), (0.38302, 0.66341, -0.64279), (0.25, 0.43301, -0.86603), (0.08682, 0.15038, -0.98481), (-0.08682, -0.15038, -0.98481), (-0.25, -0.43301, -0.86603), (-0.38302, -0.66341, -0.64279), (-0.46985, -0.8138, -0.34202), (-0.34202, -0.93969, 0.0), (-0.32139, -0.88302, 0.34202), (-0.262, -0.71985, 0.64279), (-0.17101, -0.46985, 0.86603), (-0.05939, -0.16318, 0.98481), (0.05939, 0.16318, 0.98481), (0.17101, 0.46985, 0.86603), (0.262, 0.71985, 0.64279), (0.32139, 0.88302, 0.34202), (0.34202, 0.93969, 0.0), (0.32139, 0.88302, -0.34202), (0.262, 0.71985, -0.64279), (0.17101, 0.46985, -0.86603), (0.05939, 0.16318, -0.98481), (-0.05939, -0.16318, -0.98481), (-0.17101, -0.46985, -0.86603), (-0.262, -0.71985, -0.64279), (-0.32139, -0.88302, -0.34202), (-0.17365, -0.98481, 0.0), (-0.16318, -0.92542, 0.34202), (-0.13302, -0.75441, 0.64279), (-0.08682, -0.4924, 0.86603), (-0.03015, -0.17101, 0.98481), (0.03015, 0.17101, 0.98481), (0.08682, 0.4924, 0.86603), (0.13302, 0.75441, 0.64279), (0.16318, 0.92542, 0.34202), (0.17365, 0.98481, 0.0), (0.16318, 0.92542, -0.34202), (0.13302, 0.75441, -0.64279), (0.08682, 0.4924, -0.86603), (0.03015, 0.17101, -0.98481), (-0.03015, -0.17101, -0.98481), (-0.08682, -0.4924, -0.86603), (-0.13302, -0.75441, -0.64279), (-0.16318, -0.92542, -0.34202), (0.0, -1.0, 0.0), (0.0, -0.93969, 0.34202), (0.0, -0.76604, 0.64279), (0.0, -0.5, 0.86603), (0.0, -0.17365, 0.98481), (-0.0, 0.17365, 0.98481), (-0.0, 0.5, 0.86603), (-0.0, 0.76604, 0.64279), (-0.0, 0.93969, 0.34202), (-0.0, 1.0, 0.0), (-0.0, 0.93969, -0.34202), (-0.0, 0.76604, -0.64279), (-0.0, 0.5, -0.86603), (-0.0, 0.17365, -0.98481), (0.0, -0.17365, -0.98481), (0.0, -0.5, -0.86603), (0.0, -0.76604, -0.64279), (0.0, -0.93969, -0.34202), (0.17365, -0.98481, 0.0), (0.16318, -0.92542, 0.34202), (0.13302, -0.75441, 0.64279), (0.08682, -0.4924, 0.86603), (0.03015, -0.17101, 0.98481), (-0.03015, 0.17101, 0.98481), (-0.08682, 0.4924, 0.86603), (-0.13302, 0.75441, 0.64279), (-0.16318, 0.92542, 0.34202), (-0.17365, 0.98481, 0.0), (-0.16318, 0.92542, -0.34202), (-0.13302, 0.75441, -0.64279), (-0.08682, 0.4924, -0.86603), (-0.03015, 0.17101, -0.98481), (0.03015, -0.17101, -0.98481), (0.08682, -0.4924, -0.86603), (0.13302, -0.75441, -0.64279), (0.16318, -0.92542, -0.34202), (0.34202, -0.93969, 0.0), (0.32139, -0.88302, 0.34202), (0.262, -0.71985, 0.64279), (0.17101, -0.46985, 0.86603), (0.05939, -0.16318, 0.98481), (-0.05939, 0.16318, 0.98481), (-0.17101, 0.46985, 0.86603), (-0.262, 0.71985, 0.64279), (-0.32139, 0.88302, 0.34202), (-0.34202, 0.93969, 0.0), (-0.32139, 0.88302, -0.34202), (-0.262, 0.71985, -0.64279), (-0.17101, 0.46985, -0.86603), (-0.05939, 0.16318, -0.98481), (0.05939, -0.16318, -0.98481), (0.17101, -0.46985, -0.86603), (0.262, -0.71985, -0.64279), (0.32139, -0.88302, -0.34202), (0.5, -0.86603, 0.0), (0.46985, -0.8138, 0.34202), (0.38302, -0.66341, 0.64279), (0.25, -0.43301, 0.86603), (0.08682, -0.15038, 0.98481), (-0.08682, 0.15038, 0.98481), (-0.25, 0.43301, 0.86603), (-0.38302, 0.66341, 0.64279), (-0.46985, 0.8138, 0.34202), (-0.5, 0.86603, 0.0), (-0.46985, 0.8138, -0.34202), (-0.38302, 0.66341, -0.64279), (-0.25, 0.43301, -0.86603), (-0.08682, 0.15038, -0.98481), (0.08682, -0.15038, -0.98481), (0.25, -0.43301, -0.86603), (0.38302, -0.66341, -0.64279), (0.46985, -0.8138, -0.34202), (0.64279, -0.76604, 0.0), (0.60402, -0.71985, 0.34202), (0.4924, -0.58682, 0.64279), (0.32139, -0.38302, 0.86603), (0.11162, -0.13302, 0.98481), (-0.11162, 0.13302, 0.98481), (-0.32139, 0.38302, 0.86603), (-0.4924, 0.58682, 0.64279), (-0.60402, 0.71985, 0.34202), (-0.64279, 0.76604, 0.0), (-0.60402, 0.71985, -0.34202), (-0.4924, 0.58682, -0.64279), (-0.32139, 0.38302, -0.86603), (-0.11162, 0.13302, -0.98481), (0.11162, -0.13302, -0.98481), (0.32139, -0.38302, -0.86603), (0.4924, -0.58682, -0.64279), (0.60402, -0.71985, -0.34202), (0.76604, -0.64279, 0.0), (0.71985, -0.60402, 0.34202), (0.58682, -0.4924, 0.64279), (0.38302, -0.32139, 0.86603), (0.13302, -0.11162, 0.98481), (-0.13302, 0.11162, 0.98481), (-0.38302, 0.32139, 0.86603), (-0.58682, 0.4924, 0.64279), (-0.71985, 0.60402, 0.34202), (-0.76604, 0.64279, 0.0), (-0.71985, 0.60402, -0.34202), (-0.58682, 0.4924, -0.64279), (-0.38302, 0.32139, -0.86603), (-0.13302, 0.11162, -0.98481), (0.13302, -0.11162, -0.98481), (0.38302, -0.32139, -0.86603), (0.58682, -0.4924, -0.64279), (0.71985, -0.60402, -0.34202), (0.86603, -0.5, 0.0), (0.8138, -0.46985, 0.34202), (0.66341, -0.38302, 0.64279), (0.43301, -0.25, 0.86603), (0.15038, -0.08682, 0.98481), (-0.15038, 0.08682, 0.98481), (-0.43301, 0.25, 0.86603), (-0.66341, 0.38302, 0.64279), (-0.8138, 0.46985, 0.34202), (-0.86603, 0.5, 0.0), (-0.8138, 0.46985, -0.34202), (-0.66341, 0.38302, -0.64279), (-0.43301, 0.25, -0.86603), (-0.15038, 0.08682, -0.98481), (0.15038, -0.08682, -0.98481), (0.43301, -0.25, -0.86603), (0.66341, -0.38302, -0.64279), (0.8138, -0.46985, -0.34202), (0.93969, -0.34202, 0.0), (0.88302, -0.32139, 0.34202), (0.71985, -0.262, 0.64279), (0.46985, -0.17101, 0.86603), (0.16318, -0.05939, 0.98481), (-0.16318, 0.05939, 0.98481), (-0.46985, 0.17101, 0.86603), (-0.71985, 0.262, 0.64279), (-0.88302, 0.32139, 0.34202), (-0.93969, 0.34202, 0.0), (-0.88302, 0.32139, -0.34202), (-0.71985, 0.262, -0.64279), (-0.46985, 0.17101, -0.86603), (-0.16318, 0.05939, -0.98481), (0.16318, -0.05939, -0.98481), (0.46985, -0.17101, -0.86603), (0.71985, -0.262, -0.64279), (0.88302, -0.32139, -0.34202), (0.98481, -0.17365, 0.0), (0.92542, -0.16318, 0.34202), (0.75441, -0.13302, 0.64279), (0.4924, -0.08682, 0.86603), (0.17101, -0.03015, 0.98481), (-0.17101, 0.03015, 0.98481), (-0.4924, 0.08682, 0.86603), (-0.75441, 0.13302, 0.64279), (-0.92542, 0.16318, 0.34202), (-0.98481, 0.17365, 0.0), (-0.92542, 0.16318, -0.34202), (-0.75441, 0.13302, -0.64279), (-0.4924, 0.08682, -0.86603), (-0.17101, 0.03015, -0.98481), (0.17101, -0.03015, -0.98481), (0.4924, -0.08682, -0.86603), (0.75441, -0.13302, -0.64279), (0.92542, -0.16318, -0.34202)] (
                    interpolation = "vertex"
                )
                int[] faceVertexCounts = [4, 4, 4, 4, 4, 4, 4, 4, 4, 4, 4, 4, 4, 4, 4, 4, 4, 4, 4, 4, 4, 4, 4, 4, 4, 4, 4, 4, 4, 4, 4, 4, 4, 4, 4, 4, 4, 4, 4, 4, 4, 4, 4, 4, 4, 4, 4, 4, 4, 4, 4, 4, 4, 4, 4, 4, 4, 4, 4, 4, 4, 4, 4, 4, 4, 4, 4, 4, 4, 4, 4, 4, 4, 4, 4, 4, 4, 4, 4, 4, 4, 4, 4, 4, 4, 4, 4, 4, 4, 4, 4, 4, 4, 4, 4, 4, 4, 4, 4, 4, 4, 4, 4, 4, 4, 4, 4, 4, 4, 4, 4, 4, 4, 4, 4, 4, 4, 4, 4, 4, 4, 4, 4, 4, 4, 4, 4, 4, 4, 4, 4, 4, 4, 4, 4, 4, 4, 4, 4, 4, 4, 4, 4, 4, 4, 4, 4, 4, 4, 4, 4, 4, 4, 4, 4, 4, 4, 4, 4, 4, 4, 4, 4, 4, 4, 4, 4, 4, 4, 4, 4, 4, 4, 4, 4, 4, 4, 4, 4, 4, 4, 4, 4, 4, 4, 4, 4, 4, 4, 4, 4, 4, 4, 4, 4, 4, 4, 4, 4, 4, 4, 4, 4, 4, 4, 4, 4, 4, 4, 4, 4, 4, 4, 4, 4, 4, 4, 4, 4, 4, 4, 4, 4, 4, 4, 4, 4, 4, 4, 4, 4, 4, 4, 4, 4, 4, 4, 4, 4, 4, 4, 4, 4, 4, 4, 4, 4, 4, 4, 4, 4, 4, 4, 4, 4, 4, 4, 4, 4, 4, 4, 4, 4, 4, 4, 4, 4, 4, 4, 4, 4, 4, 4, 4, 4, 4, 4, 4, 4, 4, 4, 4, 4, 4, 4, 4, 4, 4, 4, 4, 4, 4, 4, 4, 4, 4, 4, 4, 4, 4, 4, 4, 4, 4, 4, 4, 4, 4, 4, 4, 4, 4, 4, 4, 4, 4, 4, 4, 4, 4, 4, 4, 4, 4, 4, 4, 4, 4, 4, 4, 4, 4, 4, 4, 4, 4, 4, 4, 4, 4, 4, 4, 4, 4, 4, 4, 4, 4, 4, 4, 4, 4, 4, 4, 4, 4, 4, 4, 4, 4, 4, 4, 4, 4, 4, 4, 4, 4, 4, 4, 4, 4, 4, 4, 4, 4, 4, 4, 4, 4, 4, 4, 4, 4, 4, 4, 4, 4, 4, 4, 4, 4, 4, 4, 4, 4, 4, 4, 4, 4, 4, 4, 4, 4, 4, 4, 4, 4, 4, 4, 4, 4, 4, 4, 4, 4, 4, 4, 4, 4, 4, 4, 4, 4, 4, 4, 4, 4, 4, 4, 4, 4, 4, 4, 4, 4, 4, 4, 4, 4, 4, 4, 4, 4, 4, 4, 4, 4, 4, 4, 4, 4, 4, 4, 4, 4, 4, 4, 4, 4, 4, 4, 4, 4, 4, 4, 4, 4, 4, 4, 4, 4, 4, 4, 4, 4, 4, 4, 4, 4, 4, 4, 4, 4, 4, 4, 4, 4, 4, 4, 4, 4, 4, 4, 4, 4, 4, 4, 4, 4, 4, 4, 4, 4, 4, 4, 4, 4, 4, 4, 4, 4, 4, 4, 4, 4, 4, 4, 4, 4, 4, 4, 4, 4, 4, 4, 4, 4, 4, 4, 4, 4, 4, 4, 4, 4, 4, 4, 4, 4, 4, 4, 4, 4, 4, 4, 4, 4, 4, 4, 4, 4, 4, 4, 4, 4, 4, 4, 4, 4, 4, 4, 4, 4, 4, 4, 4, 4, 4, 4, 4, 4, 4, 4, 4, 4, 4, 4, 4, 4, 4, 4, 4, 4, 4, 4, 4, 4, 4, 4, 4, 4, 4, 4, 4, 4, 4, 4, 4, 4, 4, 4, 4, 4, 4, 4, 4, 4, 4, 4, 4, 4, 4, 4, 4, 4, 4, 4, 4, 4, 4, 4, 4, 4, 4, 4, 4, 4, 4, 4, 4, 4, 4, 4, 4, 4, 4, 4, 4, 4, 4, 4, 4, 4, 4, 4, 4, 4]
                int[] faceVertexIndices = [0, 18, 19, 1, 1, 19, 20, 2, 2, 20, 21, 3, 3, 21, 22, 4, 4, 22, 23, 5, 5, 23, 24, 6, 6, 24, 25, 7, 7, 25, 26, 8, 8, 26, 27, 9, 9, 27, 28, 10, 10, 28, 29, 11, 11, 29, 30, 12, 12, 30, 31, 13, 13, 31, 32, 14, 14, 32, 33, 15, 15, 33, 34, 16, 16, 34, 35, 17, 17, 35, 18, 0, 18, 36, 37, 19, 19, 37, 38, 20, 20, 38, 39, 21, 21, 39, 40, 22, 22, 40, 41, 23, 23, 41, 42, 24, 24, 42, 43, 25, 25, 43, 44, 26, 26, 44, 45, 27, 27, 45, 46, 28, 28, 46, 47, 29, 29, 47, 48, 30, 30, 48, 49, 31, 31, 49, 50, 32, 32, 50, 51, 33, 33, 51, 52, 34, 34, 52, 53, 35, 35, 53, 36, 18, 36, 54, 55, 37, 37, 55, 56, 38, 38, 56, 57, 39, 39, 57, 58, 40, 40, 58, 59, 41, 41, 59, 60, 42, 42, 60, 61, 43, 43, 61, 62, 44, 44, 62, 63, 45, 45, 63, 64, 46, 46, 64, 65, 47, 47, 65, 66, 48, 48, 66, 67, 49, 49, 67, 68, 50, 50, 68, 69, 51, 51, 69, 70, 52, 52, 70, 71, 53, 53, 71, 54, 36, 54, 72, 73, 55, 55, 73, 74, 56, 56, 74, 75, 57, 57, 75, 76, 58, 58, 76, 77, 59, 59, 77, 78, 60, 60, 78, 79, 61, 61, 79, 80, 62, 62, 80, 81, 63, 63, 81, 82, 64, 64, 82, 83, 65, 65, 83, 84, 66, 66, 84, 85, 67, 67, 85, 86, 68, 68, 86, 87, 69, 69, 87, 88, 70, 70, 88, 89, 71, 71, 89, 72, 54, 72, 90, 91, 73, 73, 91, 92, 74, 74, 92, 93, 75, 75, 93, 94, 76, 76, 94, 95, 77, 77, 95, 96, 78, 78, 96, 97, 79, 79, 97, 98, 80, 80, 98, 99, 81, 81, 99, 100, 82, 82, 100, 101, 83, 83, 101, 102, 84, 84, 102, 103, 85, 85, 103, 104, 86, 86, 104, 105, 87, 87, 105, 106, 88, 88, 106, 107, 89, 89, 107, 90, 72, 90, 108, 109, 91, 91, 109, 110, 92, 92, 110, 111, 93, 93, 111, 112, 94, 94, 112, 113, 95, 95, 113, 114, 96, 96, 114, 115, 97, 97, 115, 116, 98, 98, 116, 117, 99, 99, 117, 118, 100, 100, 118, 119, 101, 101, 119, 120, 102, 102, 120, 121, 103, 103, 121, 122, 104, 104, 122, 123, 105, 105, 123, 124, 106, 106, 124, 125, 107, 107, 125, 108, 90, 108, 126, 127, 109, 109, 127, 128, 110, 110, 128, 129, 111, 111, 129, 130, 112, 112, 130, 131, 113, 113, 131, 132, 114, 114, 132, 133, 115, 115, 133, 134, 116, 116, 134, 135, 117, 117, 135, 136, 118, 118, 136, 137, 119, 119, 137, 138, 120, 120, 138, 139, 121, 121, 139, 140, 122, 122, 140, 141, 123, 123, 141, 142, 124, 124, 142, 143, 125, 125, 143, 126, 108, 126, 144, 145, 127, 127, 145, 146, 128, 128, 146, 147, 129, 129, 147, 148, 130, 130, 148, 149, 131, 131, 149, 150, 132, 132, 150, 151, 133, 133, 151, 152, 134, 134, 152, 153, 135, 135, 153, 154, 136, 136, 154, 155, 137, 137, 155, 156, 138, 138, 156, 157, 139, 139, 157, 158, 140, 140, 158, 159, 141, 141, 159, 160, 142, 142, 160, 161, 143, 143, 161, 144, 126, 144, 162, 163, 145, 145, 163, 164, 146, 146, 164, 165, 147, 147, 165, 166, 148, 148, 166, 167, 149, 149, 167, 168, 150, 150, 168, 169, 151, 151, 169, 170, 152, 152, 170, 171, 153, 153, 171, 172, 154, 154, 172, 173, 155, 155, 173, 174, 156, 156, 174, 175, 157, 157, 175, 176, 158, 158, 176, 177, 159, 159, 177, 178, 160, 160, 178, 179, 161, 161, 179, 162, 144, 162, 180, 181, 163, 163, 181, 182, 164, 164, 182, 183, 165, 165, 183, 184, 166, 166, 184, 185, 167, 167, 185, 186, 168, 168, 186, 187, 169, 169, 187, 188, 170, 170, 188, 189, 171, 171, 189, 190, 172, 172, 190, 191, 173, 173, 191, 192, 174, 174, 192, 193, 175, 175, 193, 194, 176, 176, 194, 195, 177, 177, 195, 196, 178, 178, 196, 197, 179, 179, 197, 180, 162, 180, 198, 199, 181, 181, 199, 200, 182, 182, 200, 201, 183, 183, 201, 202, 184, 184, 202, 203, 185, 185, 203, 204, 186, 186, 204, 205, 187, 187, 205, 206, 188, 188, 206, 207, 189, 189, 207, 208, 190, 190, 208, 209, 191, 191, 209, 210, 192, 192, 210, 211, 193, 193, 211, 212, 194, 194, 212, 213, 195, 195, 213, 214, 196, 196, 214, 215, 197, 197, 215, 198, 180, 198, 216, 217, 199, 199, 217, 218, 200, 200, 218, 219, 201, 201, 219, 220, 202, 202, 220, 221, 203, 203, 221, 222, 204, 204, 222, 223, 205, 205, 223, 224, 206, 206, 224, 225, 207, 207, 225, 226, 208, 208, 226, 227, 209, 209, 227, 228, 210, 210, 228, 229, 211, 211, 229, 230, 212, 212, 230, 231, 213, 213, 231, 232, 214, 214, 232, 233, 215, 215, 233, 216, 198, 216, 234, 235, 217, 217, 235, 236, 218, 218, 236, 237, 219, 219, 237, 238, 220, 220, 238, 239, 221, 221, 239, 240, 222, 222, 240, 241, 223, 223, 241, 242, 224, 224, 242, 243, 225, 225, 243, 244, 226, 226, 244, 245, 227, 227, 245, 246, 228, 228, 246, 247, 229, 229, 247, 248, 230, 230, 248, 249, 231, 231, 249, 250, 232, 232, 250, 251, 233, 233, 251, 234, 216, 234, 252, 253, 235, 235, 253, 254, 236, 236, 254, 255, 237, 237, 255, 256, 238, 238, 256, 257, 239, 239, 257, 258, 240, 240, 258, 259, 241, 241, 259, 260, 242, 242, 260, 261, 243, 243, 261, 262, 244, 244, 262, 263, 245, 245, 263, 264, 246, 246, 264, 265, 247, 247, 265, 266, 248, 248, 266, 267, 249, 249, 267, 268, 250, 250, 268, 269, 251, 251, 269, 252, 234, 252, 270, 271, 253, 253, 271, 272, 254, 254, 272, 273, 255, 255, 273, 274, 256, 256, 274, 275, 257, 257, 275, 276, 258, 258, 276, 277, 259, 259, 277, 278, 260, 260, 278, 279, 261, 261, 279, 280, 262, 262, 280, 281, 263, 263, 281, 282, 264, 264, 282, 283, 265, 265, 283, 284, 266, 266, 284, 285, 267, 267, 285, 286, 268, 268, 286, 287, 269, 269, 287, 270, 252, 270, 288, 289, 271, 271, 289, 290, 272, 272, 290, 291, 273, 273, 291, 292, 274, 274, 292, 293, 275, 275, 293, 294, 276, 276, 294, 295, 277, 277, 295, 296, 278, 278, 296, 297, 279, 279, 297, 298, 280, 280, 298, 299, 281, 281, 299, 300, 282, 282, 300, 301, 283, 283, 301, 302, 284, 284, 302, 303, 285, 285, 303, 304, 286, 286, 304, 305, 287, 287, 305, 288, 270, 288, 306, 307, 289, 289, 307, 308, 290, 290, 308, 309, 291, 291, 309, 310, 292, 292, 310, 311, 293, 293, 311, 312, 294, 294, 312, 313, 295, 295, 313, 314, 296, 296, 314, 315, 297, 297, 315, 316, 298, 298, 316, 317, 299, 299, 317, 318, 300, 300, 318, 319, 301, 301, 319, 320, 302, 302, 320, 321, 303, 303, 321, 322, 304, 304, 322, 323, 305, 305, 323, 306, 288, 306, 324, 325, 307, 307, 325, 326, 308, 308, 326, 327, 309, 309, 327, 328, 310, 310, 328, 329, 311, 311, 329, 330, 312, 312, 330, 331, 313, 313, 331, 332, 314, 314, 332, 333, 315, 315, 333, 334, 316, 316, 334, 335, 317, 317, 335, 336, 318, 318, 336, 337, 319, 319, 337, 338, 320, 320, 338, 339, 321, 321, 339, 340, 322, 322, 340, 341, 323, 323, 341, 324, 306, 324, 342, 343, 325, 325, 343, 344, 326, 326, 344, 345, 327, 327, 345, 346, 328, 328, 346, 347, 329, 329, 347, 348, 330, 330, 348, 349, 331, 331, 349, 350, 332, 332, 350, 351, 333, 333, 351, 352, 334, 334, 352, 353, 335, 335, 353, 354, 336, 336, 354, 355, 337, 337, 355, 356, 338, 338, 356, 357, 339, 339, 357, 358, 340, 340, 358, 359, 341, 341, 359, 342, 324, 342, 360, 361, 343, 343, 361, 362, 344, 344, 362, 363, 345, 345, 363, 364, 346, 346, 364, 365, 347, 347, 365, 366, 348, 348, 366, 367, 349, 349, 367, 368, 350, 350, 368, 369, 351, 351, 369, 370, 352, 352, 370, 371, 353, 353, 371, 372, 354, 354, 372, 373, 355, 355, 373, 374, 356, 356, 374, 375, 357, 357, 375, 376, 358, 358, 376, 377, 359, 359, 377, 360, 342, 360, 378, 379, 361, 361, 379, 380, 362, 362, 380, 381, 363, 363, 381, 382, 364, 364, 382, 383, 365, 365, 383, 384, 366, 366, 384, 385, 367, 367, 385, 386, 368, 368, 386, 387, 369, 369, 387, 388, 370, 370, 388, 389, 371, 371, 389, 390, 372, 372, 390, 391, 373, 373, 391, 392, 374, 374, 392, 393, 375, 375, 393, 394, 376, 376, 394, 395, 377, 377, 395, 378, 360, 378, 396, 397, 379, 379, 397, 398, 380, 380, 398, 399, 381, 381, 399, 400, 382, 382, 400, 401, 383, 383, 401, 402, 384, 384, 402, 403, 385, 385, 403, 404, 386, 386, 404, 405, 387, 387, 405, 406, 388, 388, 406, 407, 389, 389, 407, 408, 390, 390, 408, 409, 391, 391, 409, 410, 392, 392, 410, 411, 393, 393, 411, 412, 394, 394, 412, 413, 395, 395, 413, 396, 378, 396, 414, 415, 397, 397, 415, 416, 398, 398, 416, 417, 399, 399, 417, 418, 400, 400, 418, 419, 401, 401, 419, 420, 402, 402, 420, 421, 403, 403, 421, 422, 404, 404, 422, 423, 405, 405, 423, 424, 406, 406, 424, 425, 407, 407, 425, 426, 408, 408, 426, 427, 409, 409, 427, 428, 410, 410, 428, 429, 411, 411, 429, 430, 412, 412, 430, 431, 413, 413, 431, 414, 396, 414, 432, 433, 415, 415, 433, 434, 416, 416, 434, 435, 417, 417, 435, 436, 418, 418, 436, 437, 419, 419, 437, 438, 420, 420, 438, 439, 421, 421, 439, 440, 422, 422, 440, 441, 423, 423, 441, 442, 424, 424, 442, 443, 425, 425, 443, 444, 426, 426, 444, 445, 427, 427, 445, 446, 428, 428, 446, 447, 429, 429, 447, 448, 430, 430, 448, 449, 431, 431, 449, 432, 414, 432, 450, 451, 433, 433, 451, 452, 434, 434, 452, 453, 435, 435, 453, 454, 436, 436, 454, 455, 437, 437, 455, 456, 438, 438, 456, 457, 439, 439, 457, 458, 440, 440, 458, 459, 441, 441, 459, 460, 442, 442, 460, 461, 443, 443, 461, 462, 444, 444, 462, 463, 445, 445, 463, 464, 446, 446, 464, 465, 447, 447, 465, 466, 448, 448, 466, 467, 449, 449, 467, 450, 432, 450, 468, 469, 451, 451, 469, 470, 452, 452, 470, 471, 453, 453, 471, 472, 454, 454, 472, 473, 455, 455, 473, 474, 456, 456, 474, 475, 457, 457, 475, 476, 458, 458, 476, 477, 459, 459, 477, 478, 460, 460, 478, 479, 461, 461, 479, 480, 462, 462, 480, 481, 463, 463, 481, 482, 464, 464, 482, 483, 465, 465, 483, 484, 466, 466, 484, 485, 467, 467, 485, 468, 450, 468, 486, 487, 469, 469, 487, 488, 470, 470, 488, 489, 471, 471, 489, 490, 472, 472, 490, 491, 473, 473, 491, 492, 474, 474, 492, 493, 475, 475, 493, 494, 476, 476, 494, 495, 477, 477, 495, 496, 478, 478, 496, 497, 479, 479, 497, 498, 480, 480, 498, 499, 481, 481, 499, 500, 482, 482, 500, 501, 483, 483, 501, 502, 484, 484, 502, 503, 485, 485, 503, 486, 468, 486, 504, 505, 487, 487, 505, 506, 488, 488, 506, 507, 489, 489, 507, 508, 490, 490, 508, 509, 491, 491, 509, 510, 492, 492, 510, 511, 493, 493, 511, 512, 494, 494, 512, 513, 495, 495, 513, 514, 496, 496, 514, 515, 497, 497, 515, 516, 498, 498, 516, 517, 499, 499, 517, 518, 500, 500, 518, 519, 501, 501, 519, 520, 502, 502, 520, 521, 503, 503, 521, 504, 486, 504, 522, 523, 505, 505, 523, 524, 506, 506, 524, 525, 507, 507, 525, 526, 508, 508, 526, 527, 509, 509, 527, 528, 510, 510, 528, 529, 511, 511, 529, 530, 512, 512, 530, 531, 513, 513, 531, 532, 514, 514, 532, 533, 515, 515, 533, 534, 516, 516, 534, 535, 517, 517, 535, 536, 518, 518, 536, 537, 519, 519, 537, 538, 520, 520, 538, 539, 521, 521, 539, 522, 504, 522, 540, 541, 523, 523, 541, 542, 524, 524, 542, 543, 525, 525, 543, 544, 526, 526, 544, 545, 527, 527, 545, 546, 528, 528, 546, 547, 529, 529, 547, 548, 530, 530, 548, 549, 531, 531, 549, 550, 532, 532, 550, 551, 533, 533, 551, 552, 534, 534, 552, 553, 535, 535, 553, 554, 536, 536, 554, 555, 537, 537, 555, 556, 538, 538, 556, 557, 539, 539, 557, 540, 522, 540, 558, 559, 541, 541, 559, 560, 542, 542, 560, 561, 543, 543, 561, 562, 544, 544, 562, 563, 545, 545, 563, 564, 546, 546, 564, 565, 547, 547, 565, 566, 548, 548, 566, 567, 549, 549, 567, 568, 550, 550, 568, 569, 551, 551, 569, 570, 552, 552, 570, 571, 553, 553, 571, 572, 554, 554, 572, 573, 555, 555, 573, 574, 556, 556, 574, 575, 557, 557, 575, 558, 540, 558, 576, 577, 559, 559, 577, 578, 560, 560, 578, 579, 561, 561, 579, 580, 562, 562, 580, 581, 563, 563, 581, 582, 564, 564, 582, 583, 565, 565, 583, 584, 566, 566, 584, 585, 567, 567, 585, 586, 568, 568, 586, 587, 569, 569, 587, 588, 570, 570, 588, 589, 571, 571, 589, 590, 572, 572, 590, 591, 573, 573, 591, 592, 574, 574, 592, 593, 575, 575, 593, 576, 558, 576, 594, 595, 577, 577, 595, 596, 578, 578, 596, 597, 579, 579, 597, 598, 580, 580, 598, 599, 581, 581, 599, 600, 582, 582, 600, 601, 583, 583, 601, 602, 584, 584, 602, 603, 585, 585, 603, 604, 586, 586, 604, 605, 587, 587, 605, 606, 588, 588, 606, 607, 589, 589, 607, 608, 590, 590, 608, 609, 591, 591, 609, 610, 592, 592, 610, 611, 593, 593, 611, 594, 576, 594, 612, 613, 595, 595, 613, 614, 596, 596, 614, 615, 597, 597, 615, 616, 598, 598, 616, 617, 599, 599, 617, 618, 600, 600, 618, 619, 601, 601, 619, 620, 602, 602, 620, 621, 603, 603, 621, 622, 604, 604, 622, 623, 605, 605, 623, 624, 606, 606, 624, 625, 607, 607, 625, 626, 608, 608, 626, 627, 609, 609, 627, 628, 610, 610, 628, 629, 611, 611, 629, 612, 594, 612, 630, 631, 613, 613, 631, 632, 614, 614, 632, 633, 615, 615, 633, 634, 616, 616, 634, 635, 617, 617, 635, 636, 618, 618, 636, 637, 619, 619, 637, 638, 620, 620, 638, 639, 621, 621, 639, 640, 622, 622, 640, 641, 623, 623, 641, 642, 624, 624, 642, 643, 625, 625, 643, 644, 626, 626, 644, 645, 627, 627, 645, 646, 628, 628, 646, 647, 629, 629, 647, 630, 612, 630, 0, 1, 631, 631, 1, 2, 632, 632, 2, 3, 633, 633, 3, 4, 634, 634, 4, 5, 635, 635, 5, 6, 636, 636, 6, 7, 637, 637, 7, 8, 638, 638, 8, 9, 639, 639, 9, 10, 640, 640, 10, 11, 641, 641, 11, 12, 642, 642, 12, 13, 643, 643, 13, 14, 644, 644, 14, 15, 645, 645, 15, 16, 646, 646, 16, 17, 647, 647, 17, 0, 630]
                rel material:binding = </Court/Materials/verdigris>
            }
        }
    }

    def Xform "colonnade"
    {
        double3 xformOp:translate = (0, 0.18, 0)
        uniform token[] xformOpOrder = ["xformOp:translate"]

        def Mesh "column1"
        {
            double3 xformOp:translate = (-2.06732, 0.0, -0.75244)
            uniform token[] xformOpOrder = ["xformOp:translate"]
            uniform token subdivisionScheme = "none"
            point3f[] points = [(0.15, 0.0, 0.0), (0.15, 2.3, 0.0), (0.14489, 0.0, 0.03882), (0.14489, 2.3, 0.03882), (0.1299, 0.0, 0.075), (0.1299, 2.3, 0.075), (0.10607, 0.0, 0.10607), (0.10607, 2.3, 0.10607), (0.075, 0.0, 0.1299), (0.075, 2.3, 0.1299), (0.03882, 0.0, 0.14489), (0.03882, 2.3, 0.14489), (0.0, 0.0, 0.15), (0.0, 2.3, 0.15), (-0.03882, 0.0, 0.14489), (-0.03882, 2.3, 0.14489), (-0.075, 0.0, 0.1299), (-0.075, 2.3, 0.1299), (-0.10607, 0.0, 0.10607), (-0.10607, 2.3, 0.10607), (-0.1299, 0.0, 0.075), (-0.1299, 2.3, 0.075), (-0.14489, 0.0, 0.03882), (-0.14489, 2.3, 0.03882), (-0.15, 0.0, 0.0), (-0.15, 2.3, 0.0), (-0.14489, 0.0, -0.03882), (-0.14489, 2.3, -0.03882), (-0.1299, 0.0, -0.075), (-0.1299, 2.3, -0.075), (-0.10607, 0.0, -0.10607), (-0.10607, 2.3, -0.10607), (-0.075, 0.0, -0.1299), (-0.075, 2.3, -0.1299), (-0.03882, 0.0, -0.14489), (-0.03882, 2.3, -0.14489), (0.0, 0.0, -0.15), (0.0, 2.3, -0.15), (0.03882, 0.0, -0.14489), (0.03882, 2.3, -0.14489), (0.075, 0.0, -0.1299), (0.075, 2.3, -0.1299), (0.10607, 0.0, -0.10607), (0.10607, 2.3, -0.10607), (0.1299, 0.0, -0.075), (0.1299, 2.3, -0.075), (0.14489, 0.0, -0.03882), (0.14489, 2.3, -0.03882), (0.0, 0.0, 0.0), (0.0, 2.3, 0.0), (0.15, 0.0, 0.0), (0.15, 2.3, 0.0), (0.14489, 0.0, 0.03882), (0.14489, 2.3, 0.03882), (0.1299, 0.0, 0.075), (0.1299, 2.3, 0.075), (0.10607, 0.0, 0.10607), (0.10607, 2.3, 0.10607), (0.075, 0.0, 0.1299), (0.075, 2.3, 0.1299), (0.03882, 0.0, 0.14489), (0.03882, 2.3, 0.14489), (0.0, 0.0, 0.15), (0.0, 2.3, 0.15), (-0.03882, 0.0, 0.14489), (-0.03882, 2.3, 0.14489), (-0.075, 0.0, 0.1299), (-0.075, 2.3, 0.1299), (-0.10607, 0.0, 0.10607), (-0.10607, 2.3, 0.10607), (-0.1299, 0.0, 0.075), (-0.1299, 2.3, 0.075), (-0.14489, 0.0, 0.03882), (-0.14489, 2.3, 0.03882), (-0.15, 0.0, 0.0), (-0.15, 2.3, 0.0), (-0.14489, 0.0, -0.03882), (-0.14489, 2.3, -0.03882), (-0.1299, 0.0, -0.075), (-0.1299, 2.3, -0.075), (-0.10607, 0.0, -0.10607), (-0.10607, 2.3, -0.10607), (-0.075, 0.0, -0.1299), (-0.075, 2.3, -0.1299), (-0.03882, 0.0, -0.14489), (-0.03882, 2.3, -0.14489), (0.0, 0.0, -0.15), (0.0, 2.3, -0.15), (0.03882, 0.0, -0.14489), (0.03882, 2.3, -0.14489), (0.075, 0.0, -0.1299), (0.075, 2.3, -0.1299), (0.10607, 0.0, -0.10607), (0.10607, 2.3, -0.10607), (0.1299, 0.0, -0.075), (0.1299, 2.3, -0.075), (0.14489, 0.0, -0.03882), (0.14489, 2.3, -0.03882)]
            normal3f[] normals = [(1.0, 0.0, 0.0), (1.0, 0.0, 0.0), (0.96593, 0.0, 0.25882), (0.96593, 0.0, 0.25882), (0.86603, 0.0, 0.5), (0.86603, 0.0, 0.5), (0.70711, 0.0, 0.70711), (0.70711, 0.0, 0.70711), (0.5, 0.0, 0.86603), (0.5, 0.0, 0.86603), (0.25882, 0.0, 0.96593), (0.25882, 0.0, 0.96593), (0.0, 0.0, 1.0), (0.0, 0.0, 1.0), (-0.25882, 0.0, 0.96593), (-0.25882, 0.0, 0.96593), (-0.5, 0.0, 0.86603), (-0.5, 0.0, 0.86603), (-0.70711, 0.0, 0.70711), (-0.70711, 0.0, 0.70711), (-0.86603, 0.0, 0.5), (-0.86603, 0.0, 0.5), (-0.96593, 0.0, 0.25882), (-0.96593, 0.0, 0.25882), (-1.0, 0.0, 0.0), (-1.0, 0.0, 0.0), (-0.96593, 0.0, -0.25882), (-0.96593, 0.0, -0.25882), (-0.86603, 0.0, -0.5), (-0.86603, 0.0, -0.5), (-0.70711, 0.0, -0.70711), (-0.70711, 0.0, -0.70711), (-0.5, 0.0, -0.86603), (-0.5, 0.0, -0.86603), (-0.25882, 0.0, -0.96593), (-0.25882, 0.0, -0.96593), (0.0, 0.0, -1.0), (0.0, 0.0, -1.0), (0.25882, 0.0, -0.96593), (0.25882, 0.0, -0.96593), (0.5, 0.0, -0.86603), (0.5, 0.0, -0.86603), (0.70711, 0.0, -0.70711), (0.70711, 0.0, -0.70711), (0.86603, 0.0, -0.5), (0.86603, 0.0, -0.5), (0.96593, 0.0, -0.25882), (0.96593, 0.0, -0.25882), (0.0, -1.0, 0.0), (0.0, 1.0, 0.0), (0.0, -1.0, 0.0), (0.0, 1.0, 0.0), (0.0, -1.0, 0.0), (0.0, 1.0, 0.0), (0.0, -1.0, 0.0), (0.0, 1.0, 0.0), (0.0, -1.0, 0.0), (0.0, 1.0, 0.0), (0.0, -1.0, 0.0), (0.0, 1.0, 0.0), (0.0, -1.0, 0.0), (0.0, 1.0, 0.0), (0.0, -1.0, 0.0), (0.0, 1.0, 0.0), (0.0, -1.0, 0.0), (0.0, 1.0, 0.0), (0.0, -1.0, 0.0), (0.0, 1.0, 0.0), (0.0, -1.0, 0.0), (0.0, 1.0, 0.0), (0.0, -1.0, 0.0), (0.0, 1.0, 0.0), (0.0, -1.0, 0.0), (0.0, 1.0, 0.0), (0.0, -1.0, 0.0), (0.0, 1.0, 0.0), (0.0, -1.0, 0.0), (0.0, 1.0, 0.0), (0.0, -1.0, 0.0), (0.0, 1.0, 0.0), (0.0, -1.0, 0.0), (0.0, 1.0, 0.0), (0.0, -1.0, 0.0), (0.0, 1.0, 0.0), (0.0, -1.0, 0.0), (0.0, 1.0, 0.0), (0.0, -1.0, 0.0), (0.0, 1.0, 0.0), (0.0, -1.0, 0.0), (0.0, 1.0, 0.0), (0.0, -1.0, 0.0), (0.0, 1.0, 0.0), (0.0, -1.0, 0.0), (0.0, 1.0, 0.0), (0.0, -1.0, 0.0), (0.0, 1.0, 0.0), (0.0, -1.0, 0.0), (0.0, 1.0, 0.0)] (
                interpolation = "vertex"
            )
            int[] faceVertexCounts = [4, 4, 4, 4, 4, 4, 4, 4, 4, 4, 4, 4, 4, 4, 4, 4, 4, 4, 4, 4, 4, 4, 4, 4, 3, 3, 3, 3, 3, 3, 3, 3, 3, 3, 3, 3, 3, 3, 3, 3, 3, 3, 3, 3, 3, 3, 3, 3, 3, 3, 3, 3, 3, 3, 3, 3, 3, 3, 3, 3, 3, 3, 3, 3, 3, 3, 3, 3, 3, 3, 3, 3]
            int[] faceVertexIndices = [0, 2, 3, 1, 2, 4, 5, 3, 4, 6, 7, 5, 6, 8, 9, 7, 8, 10, 11, 9, 10, 12, 13, 11, 12, 14, 15, 13, 14, 16, 17, 15, 16, 18, 19, 17, 18, 20, 21, 19, 20, 22, 23, 21, 22, 24, 25, 23, 24, 26, 27, 25, 26, 28, 29, 27, 28, 30, 31, 29, 30, 32, 33, 31, 32, 34, 35, 33, 34, 36, 37, 35, 36, 38, 39, 37, 38, 40, 41, 39, 40, 42, 43, 41, 42, 44, 45, 43, 44, 46, 47, 45, 46, 0, 1, 47, 48, 50, 52, 49, 53, 51, 48, 52, 54, 49, 55, 53, 48, 54, 56, 49, 57, 55, 48, 56, 58, 49, 59, 57, 48, 58, 60, 49, 61, 59, 48, 60, 62, 49, 63, 61, 48, 62, 64, 49, 65, 63, 48, 64, 66, 49, 67, 65, 48, 66, 68, 49, 69, 67, 48, 68, 70, 49, 71, 69, 48, 70, 72, 49, 73, 71, 48, 72, 74, 49, 75, 73, 48, 74, 76, 49, 77, 75, 48, 76, 78, 49, 79, 77, 48, 78, 80, 49, 81, 79, 48, 80, 82, 49, 83, 81, 48, 82, 84, 49, 85, 83, 48, 84, 86, 49, 87, 85, 48, 86, 88, 49, 89, 87, 48, 88, 90, 49, 91, 89, 48, 90, 92, 49, 93, 91, 48, 92, 94, 49, 95, 93, 48, 94, 96, 49, 97, 95, 48, 96, 50, 49, 51, 97]
            rel material:binding = </Court/Materials/plaster>
        }

        def Mesh "column2"
        {
            double3 xformOp:translate = (-1.26187, 0.0, -1.80213)
            uniform token[] xformOpOrder = ["xformOp:translate"]
            uniform token subdivisionScheme = "none"
            point3f[] points = [(0.15, 0.0, 0.0), (0.15, 2.3, 0.0), (0.14489, 0.0, 0.03882), (0.14489, 2.3, 0.03882), (0.1299, 0.0, 0.075), (0.1299, 2.3, 0.075), (0.10607, 0.0, 0.10607), (0.10607, 2.3, 0.10607), (0.075, 0.0, 0.1299), (0.075, 2.3, 0.1299), (0.03882, 0.0, 0.14489), (0.03882, 2.3, 0.14489), (0.0, 0.0, 0.15), (0.0, 2.3, 0.15), (-0.03882, 0.0, 0.14489), (-0.03882, 2.3, 0.14489), (-0.075, 0.0, 0.1299), (-0.075, 2.3, 0.1299), (-0.10607, 0.0, 0.10607), (-0.10607, 2.3, 0.10607), (-0.1299, 0.0, 0.075), (-0.1299, 2.3, 0.075), (-0.14489, 0.0, 0.03882), (-0.14489, 2.3, 0.03882), (-0.15, 0.0, 0.0), (-0.15, 2.3, 0.0), (-0.14489, 0.0, -0.03882), (-0.14489, 2.3, -0.03882), (-0.1299, 0.0, -0.075), (-0.1299, 2.3, -0.075), (-0.10607, 0.0, -0.10607), (-0.10607, 2.3, -0.10607), (-0.075, 0.0, -0.1299), (-0.075, 2.3, -0.1299), (-0.03882, 0.0, -0.14489), (-0.03882, 2.3, -0.14489), (0.0, 0.0, -0.15), (0.0, 2.3, -0.15), (0.03882, 0.0, -0.14489), (0.03882, 2.3, -0.14489), (0.075, 0.0, -0.1299), (0.075, 2.3, -0.1299), (0.10607, 0.0, -0.10607), (0.10607, 2.3, -0.10607), (0.1299, 0.0, -0.075), (0.1299, 2.3, -0.075), (0.14489, 0.0, -0.03882), (0.14489, 2.3, -0.03882), (0.0, 0.0, 0.0), (0.0, 2.3, 0.0), (0.15, 0.0, 0.0), (0.15, 2.3, 0.0), (0.14489, 0.0, 0.03882), (0.14489, 2.3, 0.03882), (0.1299, 0.0, 0.075), (0.1299, 2.3, 0.075), (0.10607, 0.0, 0.10607), (0.10607, 2.3, 0.10607), (0.075, 0.0, 0.1299), (0.075, 2.3, 0.1299), (0.03882, 0.0, 0.14489), (0.03882, 2.3, 0.14489), (0.0, 0.0, 0.15), (0.0, 2.3, 0.15), (-0.03882, 0.0, 0.14489), (-0.03882, 2.3, 0.14489), (-0.075, 0.0, 0.1299), (-0.075, 2.3, 0.1299), (-0.10607, 0.0, 0.10607), (-0.10607, 2.3, 0.10607), (-0.1299, 0.0, 0.075), (-0.1299, 2.3, 0.075), (-0.14489, 0.0, 0.03882), (-0.14489, 2.3, 0.03882), (-0.15, 0.0, 0.0), (-0.15, 2.3, 0.0), (-0.14489, 0.0, -0.03882), (-0.14489, 2.3, -0.03882), (-0.1299, 0.0, -0.075), (-0.1299, 2.3, -0.075), (-0.10607, 0.0, -0.10607), (-0.10607, 2.3, -0.10607), (-0.075, 0.0, -0.1299), (-0.075, 2.3, -0.1299), (-0.03882, 0.0, -0.14489), (-0.03882, 2.3, -0.14489), (0.0, 0.0, -0.15), (0.0, 2.3, -0.15), (0.03882, 0.0, -0.14489), (0.03882, 2.3, -0.14489), (0.075, 0.0, -0.1299), (0.075, 2.3, -0.1299), (0.10607, 0.0, -0.10607), (0.10607, 2.3, -0.10607), (0.1299, 0.0, -0.075), (0.1299, 2.3, -0.075), (0.14489, 0.0, -0.03882), (0.14489, 2.3, -0.03882)]
            normal3f[] normals = [(1.0, 0.0, 0.0), (1.0, 0.0, 0.0), (0.96593, 0.0, 0.25882), (0.96593, 0.0, 0.25882), (0.86603, 0.0, 0.5), (0.86603, 0.0, 0.5), (0.70711, 0.0, 0.70711), (0.70711, 0.0, 0.70711), (0.5, 0.0, 0.86603), (0.5, 0.0, 0.86603), (0.25882, 0.0, 0.96593), (0.25882, 0.0, 0.96593), (0.0, 0.0, 1.0), (0.0, 0.0, 1.0), (-0.25882, 0.0, 0.96593), (-0.25882, 0.0, 0.96593), (-0.5, 0.0, 0.86603), (-0.5, 0.0, 0.86603), (-0.70711, 0.0, 0.70711), (-0.70711, 0.0, 0.70711), (-0.86603, 0.0, 0.5), (-0.86603, 0.0, 0.5), (-0.96593, 0.0, 0.25882), (-0.96593, 0.0, 0.25882), (-1.0, 0.0, 0.0), (-1.0, 0.0, 0.0), (-0.96593, 0.0, -0.25882), (-0.96593, 0.0, -0.25882), (-0.86603, 0.0, -0.5), (-0.86603, 0.0, -0.5), (-0.70711, 0.0, -0.70711), (-0.70711, 0.0, -0.70711), (-0.5, 0.0, -0.86603), (-0.5, 0.0, -0.86603), (-0.25882, 0.0, -0.96593), (-0.25882, 0.0, -0.96593), (0.0, 0.0, -1.0), (0.0, 0.0, -1.0), (0.25882, 0.0, -0.96593), (0.25882, 0.0, -0.96593), (0.5, 0.0, -0.86603), (0.5, 0.0, -0.86603), (0.70711, 0.0, -0.70711), (0.70711, 0.0, -0.70711), (0.86603, 0.0, -0.5), (0.86603, 0.0, -0.5), (0.96593, 0.0, -0.25882), (0.96593, 0.0, -0.25882), (0.0, -1.0, 0.0), (0.0, 1.0, 0.0), (0.0, -1.0, 0.0), (0.0, 1.0, 0.0), (0.0, -1.0, 0.0), (0.0, 1.0, 0.0), (0.0, -1.0, 0.0), (0.0, 1.0, 0.0), (0.0, -1.0, 0.0), (0.0, 1.0, 0.0), (0.0, -1.0, 0.0), (0.0, 1.0, 0.0), (0.0, -1.0, 0.0), (0.0, 1.0, 0.0), (0.0, -1.0, 0.0), (0.0, 1.0, 0.0), (0.0, -1.0, 0.0), (0.0, 1.0, 0.0), (0.0, -1.0, 0.0), (0.0, 1.0, 0.0), (0.0, -1.0, 0.0), (0.0, 1.0, 0.0), (0.0, -1.0, 0.0), (0.0, 1.0, 0.0), (0.0, -1.0, 0.0), (0.0, 1.0, 0.0), (0.0, -1.0, 0.0), (0.0, 1.0, 0.0), (0.0, -1.0, 0.0), (0.0, 1.0, 0.0), (0.0, -1.0, 0.0), (0.0, 1.0, 0.0), (0.0, -1.0, 0.0), (0.0, 1.0, 0.0), (0.0, -1.0, 0.0), (0.0, 1.0, 0.0), (0.0, -1.0, 0.0), (0.0, 1.0, 0.0), (0.0, -1.0, 0.0), (0.0, 1.0, 0.0), (0.0, -1.0, 0.0), (0.0, 1.0, 0.0), (0.0, -1.0, 0.0), (0.0, 1.0, 0.0), (0.0, -1.0, 0.0), (0.0, 1.0, 0.0), (0.0, -1.0, 0.0), (0.0, 1.0, 0.0), (0.0, -1.0, 0.0), (0.0, 1.0, 0.0)] (
                interpolation = "vertex"
            )
            int[] faceVertexCounts = [4, 4, 4, 4, 4, 4, 4, 4, 4, 4, 4, 4, 4, 4, 4, 4, 4, 4, 4, 4, 4, 4, 4, 4, 3, 3, 3, 3, 3, 3, 3, 3, 3, 3, 3, 3, 3, 3, 3, 3, 3, 3, 3, 3, 3, 3, 3, 3, 3, 3, 3, 3, 3, 3, 3, 3, 3, 3, 3, 3, 3, 3, 3, 3, 3, 3, 3, 3, 3, 3, 3, 3]
            int[] faceVertexIndices = [0, 2, 3, 1, 2, 4, 5, 3, 4, 6, 7, 5, 6, 8, 9, 7, 8, 10, 11, 9, 10, 12, 13, 11, 12, 14, 15, 13, 14, 16, 17, 15, 16, 18, 19, 17, 18, 20, 21, 19, 20, 22, 23, 21, 22, 24, 25, 23, 24, 26, 27, 25, 26, 28, 29, 27, 28, 30, 31, 29, 30, 32, 33, 31, 32, 34, 35, 33, 34, 36, 37, 35, 36, 38, 39, 37, 38, 40, 41, 39, 40, 42, 43, 41, 42, 44, 45, 43, 44, 46, 47, 45, 46, 0, 1, 47, 48, 50, 52, 49, 53, 51, 48, 52, 54, 49, 55, 53, 48, 54, 56, 49, 57, 55, 48, 56, 58, 49, 59, 57, 48, 58, 60, 49, 61, 59, 48, 60, 62, 49, 63, 61, 48, 62, 64, 49, 65, 63, 48, 64, 66, 49, 67, 65, 48, 66, 68, 49, 69, 67, 48, 68, 70, 49, 71, 69, 48, 70, 72, 49, 73, 71, 48, 72, 74, 49, 75, 73, 48, 74, 76, 49, 77, 75, 48, 76, 78, 49, 79, 77, 48, 78, 80, 49, 81, 79, 48, 80, 82, 49, 83, 81, 48, 82, 84, 49, 85, 83, 48, 84, 86, 49, 87, 85, 48, 86, 88, 49, 89, 87, 48, 88, 90, 49, 91, 89, 48, 90, 92, 49, 93, 91, 48, 92, 94, 49, 95, 93, 48, 94, 96, 49, 97, 95, 48, 96, 50, 49, 51, 97]
            rel material:binding = </Court/Materials/plaster>
        }

        def Mesh "column3"
        {
            double3 xformOp:translate = (0.0, 0.0, -2.2)
            uniform token[] xformOpOrder = ["xformOp:translate"]
            uniform token subdivisionScheme = "none"
            point3f[] points = [(0.15, 0.0, 0.0), (0.15, 2.3, 0.0), (0.14489, 0.0, 0.03882), (0.14489, 2.3, 0.03882), (0.1299, 0.0, 0.075), (0.1299, 2.3, 0.075), (0.10607, 0.0, 0.10607), (0.10607, 2.3, 0.10607), (0.075, 0.0, 0.1299), (0.075, 2.3, 0.1299), (0.03882, 0.0, 0.14489), (0.03882, 2.3, 0.14489), (0.0, 0.0, 0.15), (0.0, 2.3, 0.15), (-0.03882, 0.0, 0.14489), (-0.03882, 2.3, 0.14489), (-0.075, 0.0, 0.1299), (-0.075, 2.3, 0.1299), (-0.10607, 0.0, 0.10607), (-0.10607, 2.3, 0.10607), (-0.1299, 0.0, 0.075), (-0.1299, 2.3, 0.075), (-0.14489, 0.0, 0.03882), (-0.14489, 2.3, 0.03882), (-0.15, 0.0, 0.0), (-0.15, 2.3, 0.0), (-0.14489, 0.0, -0.03882), (-0.14489, 2.3, -0.03882), (-0.1299, 0.0, -0.075), (-0.1299, 2.3, -0.075), (-0.10607, 0.0, -0.10607), (-0.10607, 2.3, -0.10607), (-0.075, 0.0, -0.1299), (-0.075, 2.3, -0.1299), (-0.03882, 0.0, -0.14489), (-0.03882, 2.3, -0.14489), (0.0, 0.0, -0.15), (0.0, 2.3, -0.15), (0.03882, 0.0, -0.14489), (0.03882, 2.3, -0.14489), (0.075, 0.0, -0.1299), (0.075, 2.3, -0.1299), (0.10607, 0.0, -0.10607), (0.10607, 2.3, -0.10607), (0.1299, 0.0, -0.075), (0.1299, 2.3, -0.075), (0.14489, 0.0, -0.03882), (0.14489, 2.3, -0.03882), (0.0, 0.0, 0.0), (0.0, 2.3, 0.0), (0.15, 0.0, 0.0), (0.15, 2.3, 0.0), (0.14489, 0.0, 0.03882), (0.14489, 2.3, 0.03882), (0.1299, 0.0, 0.075), (0.1299, 2.3, 0.075), (0.10607, 0.0, 0.10607), (0.10607, 2.3, 0.10607), (0.075, 0.0, 0.1299), (0.075, 2.3, 0.1299), (0.03882, 0.0, 0.14489), (0.03882, 2.3, 0.14489), (0.0, 0.0, 0.15), (0.0, 2.3, 0.15), (-0.03882, 0.0, 0.14489), (-0.03882, 2.3, 0.14489), (-0.075, 0.0, 0.1299), (-0.075, 2.3, 0.1299), (-0.10607, 0.0, 0.10607), (-0.10607, 2.3, 0.10607), (-0.1299, 0.0, 0.075), (-0.1299, 2.3, 0.075), (-0.14489, 0.0, 0.03882), (-0.14489, 2.3, 0.03882), (-0.15, 0.0, 0.0), (-0.15, 2.3, 0.0), (-0.14489, 0.0, -0.03882), (-0.14489, 2.3, -0.03882), (-0.1299, 0.0, -0.075), (-0.1299, 2.3, -0.075), (-0.10607, 0.0, -0.10607), (-0.10607, 2.3, -0.10607), (-0.075, 0.0, -0.1299), (-0.075, 2.3, -0.1299), (-0.03882, 0.0, -0.14489), (-0.03882, 2.3, -0.14489), (0.0, 0.0, -0.15), (0.0, 2.3, -0.15), (0.03882, 0.0, -0.14489), (0.03882, 2.3, -0.14489), (0.075, 0.0, -0.1299), (0.075, 2.3, -0.1299), (0.10607, 0.0, -0.10607), (0.10607, 2.3, -0.10607), (0.1299, 0.0, -0.075), (0.1299, 2.3, -0.075), (0.14489, 0.0, -0.03882), (0.14489, 2.3, -0.03882)]
            normal3f[] normals = [(1.0, 0.0, 0.0), (1.0, 0.0, 0.0), (0.96593, 0.0, 0.25882), (0.96593, 0.0, 0.25882), (0.86603, 0.0, 0.5), (0.86603, 0.0, 0.5), (0.70711, 0.0, 0.70711), (0.70711, 0.0, 0.70711), (0.5, 0.0, 0.86603), (0.5, 0.0, 0.86603), (0.25882, 0.0, 0.96593), (0.25882, 0.0, 0.96593), (0.0, 0.0, 1.0), (0.0, 0.0, 1.0), (-0.25882, 0.0, 0.96593), (-0.25882, 0.0, 0.96593), (-0.5, 0.0, 0.86603), (-0.5, 0.0, 0.86603), (-0.70711, 0.0, 0.70711), (-0.70711, 0.0, 0.70711), (-0.86603, 0.0, 0.5), (-0.86603, 0.0, 0.5), (-0.96593, 0.0, 0.25882), (-0.96593, 0.0, 0.25882), (-1.0, 0.0, 0.0), (-1.0, 0.0, 0.0), (-0.96593, 0.0, -0.25882), (-0.96593, 0.0, -0.25882), (-0.86603, 0.0, -0.5), (-0.86603, 0.0, -0.5), (-0.70711, 0.0, -0.70711), (-0.70711, 0.0, -0.70711), (-0.5, 0.0, -0.86603), (-0.5, 0.0, -0.86603), (-0.25882, 0.0, -0.96593), (-0.25882, 0.0, -0.96593), (0.0, 0.0, -1.0), (0.0, 0.0, -1.0), (0.25882, 0.0, -0.96593), (0.25882, 0.0, -0.96593), (0.5, 0.0, -0.86603), (0.5, 0.0, -0.86603), (0.70711, 0.0, -0.70711), (0.70711, 0.0, -0.70711), (0.86603, 0.0, -0.5), (0.86603, 0.0, -0.5), (0.96593, 0.0, -0.25882), (0.96593, 0.0, -0.25882), (0.0, -1.0, 0.0), (0.0, 1.0, 0.0), (0.0, -1.0, 0.0), (0.0, 1.0, 0.0), (0.0, -1.0, 0.0), (0.0, 1.0, 0.0), (0.0, -1.0, 0.0), (0.0, 1.0, 0.0), (0.0, -1.0, 0.0), (0.0, 1.0, 0.0), (0.0, -1.0, 0.0), (0.0, 1.0, 0.0), (0.0, -1.0, 0.0), (0.0, 1.0, 0.0), (0.0, -1.0, 0.0), (0.0, 1.0, 0.0), (0.0, -1.0, 0.0), (0.0, 1.0, 0.0), (0.0, -1.0, 0.0), (0.0, 1.0, 0.0), (0.0, -1.0, 0.0), (0.0, 1.0, 0.0), (0.0, -1.0, 0.0), (0.0, 1.0, 0.0), (0.0, -1.0, 0.0), (0.0, 1.0, 0.0), (0.0, -1.0, 0.0), (0.0, 1.0, 0.0), (0.0, -1.0, 0.0), (0.0, 1.0, 0.0), (0.0, -1.0, 0.0), (0.0, 1.0, 0.0), (0.0, -1.0, 0.0), (0.0, 1.0, 0.0), (0.0, -1.0, 0.0), (0.0, 1.0, 0.0), (0.0, -1.0, 0.0), (0.0, 1.0, 0.0), (0.0, -1.0, 0.0), (0.0, 1.0, 0.0), (0.0, -1.0, 0.0), (0.0, 1.0, 0.0), (0.0, -1.0, 0.0), (0.0, 1.0, 0.0), (0.0, -1.0, 0.0), (0.0, 1.0, 0.0), (0.0, -1.0, 0.0), (0.0, 1.0, 0.0), (0.0, -1.0, 0.0), (0.0, 1.0, 0.0)] (
                interpolation = "vertex"
            )
            int[] faceVertexCounts = [4, 4, 4, 4, 4, 4, 4, 4, 4, 4, 4, 4, 4, 4, 4, 4, 4, 4, 4, 4, 4, 4, 4, 4, 3, 3, 3, 3, 3, 3, 3, 3, 3, 3, 3, 3, 3, 3, 3, 3, 3, 3, 3, 3, 3, 3, 3, 3, 3, 3, 3, 3, 3, 3, 3, 3, 3, 3, 3, 3, 3, 3, 3, 3, 3, 3, 3, 3, 3, 3, 3, 3]
            int[] faceVertexIndices = [0, 2, 3, 1, 2, 4, 5, 3, 4, 6, 7, 5, 6, 8, 9, 7, 8, 10, 11, 9, 10, 12, 13, 11, 12, 14, 15, 13, 14, 16, 17, 15, 16, 18, 19, 17, 18, 20, 21, 19, 20, 22, 23, 21, 22, 24, 25, 23, 24, 26, 27, 25, 26, 28, 29, 27, 28, 30, 31, 29, 30, 32, 33, 31, 32, 34, 35, 33, 34, 36, 37, 35, 36, 38, 39, 37, 38, 40, 41, 39, 40, 42, 43, 41, 42, 44, 45, 43, 44, 46, 47, 45, 46, 0, 1, 47, 48, 50, 52, 49, 53, 51, 48, 52, 54, 49, 55, 53, 48, 54, 56, 49, 57, 55, 48, 56, 58, 49, 59, 57, 48, 58, 60, 49, 61, 59, 48, 60, 62, 49, 63, 61, 48, 62, 64, 49, 65, 63, 48, 64, 66, 49, 67, 65, 48, 66, 68, 49, 69, 67, 48, 68, 70, 49, 71, 69, 48, 70, 72, 49, 73, 71, 48, 72, 74, 49, 75, 73, 48, 74, 76, 49, 77, 75, 48, 76, 78, 49, 79, 77, 48, 78, 80, 49, 81, 79, 48, 80, 82, 49, 83, 81, 48, 82, 84, 49, 85, 83, 48, 84, 86, 49, 87, 85, 48, 86, 88, 49, 89, 87, 48, 88, 90, 49, 91, 89, 48, 90, 92, 49, 93, 91, 48, 92, 94, 49, 95, 93, 48, 94, 96, 49, 97, 95, 48, 96, 50, 49, 51, 97]
            rel material:binding = </Court/Materials/plaster>
        }

        def Mesh "column4"
        {
            double3 xformOp:translate = (1.26187, 0.0, -1.80213)
            uniform token[] xformOpOrder = ["xformOp:translate"]
            uniform token subdivisionScheme = "none"
            point3f[] points = [(0.15, 0.0, 0.0), (0.15, 2.3, 0.0), (0.14489, 0.0, 0.03882), (0.14489, 2.3, 0.03882), (0.1299, 0.0, 0.075), (0.1299, 2.3, 0.075), (0.10607, 0.0, 0.10607), (0.10607, 2.3, 0.10607), (0.075, 0.0, 0.1299), (0.075, 2.3, 0.1299), (0.03882, 0.0, 0.14489), (0.03882, 2.3, 0.14489), (0.0, 0.0, 0.15), (0.0, 2.3, 0.15), (-0.03882, 0.0, 0.14489), (-0.03882, 2.3, 0.14489), (-0.075, 0.0, 0.1299), (-0.075, 2.3, 0.1299), (-0.10607, 0.0, 0.10607), (-0.10607, 2.3, 0.10607), (-0.1299, 0.0, 0.075), (-0.1299, 2.3, 0.075), (-0.14489, 0.0, 0.03882), (-0.14489, 2.3, 0.03882), (-0.15, 0.0, 0.0), (-0.15, 2.3, 0.0), (-0.14489, 0.0, -0.03882), (-0.14489, 2.3, -0.03882), (-0.1299, 0.0, -0.075), (-0.1299, 2.3, -0.075), (-0.10607, 0.0, -0.10607), (-0.10607, 2.3, -0.10607), (-0.075, 0.0, -0.1299), (-0.075, 2.3, -0.1299), (-0.03882, 0.0, -0.14489), (-0.03882, 2.3, -0.14489), (0.0, 0.0, -0.15), (0.0, 2.3, -0.15), (0.03882, 0.0, -0.14489), (0.03882, 2.3, -0.14489), (0.075, 0.0, -0.1299), (0.075, 2.3, -0.1299), (0.10607, 0.0, -0.10607), (0.10607, 2.3, -0.10607), (0.1299, 0.0, -0.075), (0.1299, 2.3, -0.075), (0.14489, 0.0, -0.03882), (0.14489, 2.3, -0.03882), (0.0, 0.0, 0.0), (0.0, 2.3, 0.0), (0.15, 0.0, 0.0), (0.15, 2.3, 0.0), (0.14489, 0.0, 0.03882), (0.14489, 2.3, 0.03882), (0.1299, 0.0, 0.075), (0.1299, 2.3, 0.075), (0.10607, 0.0, 0.10607), (0.10607, 2.3, 0.10607), (0.075, 0.0, 0.1299), (0.075, 2.3, 0.1299), (0.03882, 0.0, 0.14489), (0.03882, 2.3, 0.14489), (0.0, 0.0, 0.15), (0.0, 2.3, 0.15), (-0.03882, 0.0, 0.14489), (-0.03882, 2.3, 0.14489), (-0.075, 0.0, 0.1299), (-0.075, 2.3, 0.1299), (-0.10607, 0.0, 0.10607), (-0.10607, 2.3, 0.10607), (-0.1299, 0.0, 0.075), (-0.1299, 2.3, 0.075), (-0.14489, 0.0, 0.03882), (-0.14489, 2.3, 0.03882), (-0.15, 0.0, 0.0), (-0.15, 2.3, 0.0), (-0.14489, 0.0, -0.03882), (-0.14489, 2.3, -0.03882), (-0.1299, 0.0, -0.075), (-0.1299, 2.3, -0.075), (-0.10607, 0.0, -0.10607), (-0.10607, 2.3, -0.10607), (-0.075, 0.0, -0.1299), (-0.075, 2.3, -0.1299), (-0.03882, 0.0, -0.14489), (-0.03882, 2.3, -0.14489), (0.0, 0.0, -0.15), (0.0, 2.3, -0.15), (0.03882, 0.0, -0.14489), (0.03882, 2.3, -0.14489), (0.075, 0.0, -0.1299), (0.075, 2.3, -0.1299), (0.10607, 0.0, -0.10607), (0.10607, 2.3, -0.10607), (0.1299, 0.0, -0.075), (0.1299, 2.3, -0.075), (0.14489, 0.0, -0.03882), (0.14489, 2.3, -0.03882)]
            normal3f[] normals = [(1.0, 0.0, 0.0), (1.0, 0.0, 0.0), (0.96593, 0.0, 0.25882), (0.96593, 0.0, 0.25882), (0.86603, 0.0, 0.5), (0.86603, 0.0, 0.5), (0.70711, 0.0, 0.70711), (0.70711, 0.0, 0.70711), (0.5, 0.0, 0.86603), (0.5, 0.0, 0.86603), (0.25882, 0.0, 0.96593), (0.25882, 0.0, 0.96593), (0.0, 0.0, 1.0), (0.0, 0.0, 1.0), (-0.25882, 0.0, 0.96593), (-0.25882, 0.0, 0.96593), (-0.5, 0.0, 0.86603), (-0.5, 0.0, 0.86603), (-0.70711, 0.0, 0.70711), (-0.70711, 0.0, 0.70711), (-0.86603, 0.0, 0.5), (-0.86603, 0.0, 0.5), (-0.96593, 0.0, 0.25882), (-0.96593, 0.0, 0.25882), (-1.0, 0.0, 0.0), (-1.0, 0.0, 0.0), (-0.96593, 0.0, -0.25882), (-0.96593, 0.0, -0.25882), (-0.86603, 0.0, -0.5), (-0.86603, 0.0, -0.5), (-0.70711, 0.0, -0.70711), (-0.70711, 0.0, -0.70711), (-0.5, 0.0, -0.86603), (-0.5, 0.0, -0.86603), (-0.25882, 0.0, -0.96593), (-0.25882, 0.0, -0.96593), (0.0, 0.0, -1.0), (0.0, 0.0, -1.0), (0.25882, 0.0, -0.96593), (0.25882, 0.0, -0.96593), (0.5, 0.0, -0.86603), (0.5, 0.0, -0.86603), (0.70711, 0.0, -0.70711), (0.70711, 0.0, -0.70711), (0.86603, 0.0, -0.5), (0.86603, 0.0, -0.5), (0.96593, 0.0, -0.25882), (0.96593, 0.0, -0.25882), (0.0, -1.0, 0.0), (0.0, 1.0, 0.0), (0.0, -1.0, 0.0), (0.0, 1.0, 0.0), (0.0, -1.0, 0.0), (0.0, 1.0, 0.0), (0.0, -1.0, 0.0), (0.0, 1.0, 0.0), (0.0, -1.0, 0.0), (0.0, 1.0, 0.0), (0.0, -1.0, 0.0), (0.0, 1.0, 0.0), (0.0, -1.0, 0.0), (0.0, 1.0, 0.0), (0.0, -1.0, 0.0), (0.0, 1.0, 0.0), (0.0, -1.0, 0.0), (0.0, 1.0, 0.0), (0.0, -1.0, 0.0), (0.0, 1.0, 0.0), (0.0, -1.0, 0.0), (0.0, 1.0, 0.0), (0.0, -1.0, 0.0), (0.0, 1.0, 0.0), (0.0, -1.0, 0.0), (0.0, 1.0, 0.0), (0.0, -1.0, 0.0), (0.0, 1.0, 0.0), (0.0, -1.0, 0.0), (0.0, 1.0, 0.0), (0.0, -1.0, 0.0), (0.0, 1.0, 0.0), (0.0, -1.0, 0.0), (0.0, 1.0, 0.0), (0.0, -1.0, 0.0), (0.0, 1.0, 0.0), (0.0, -1.0, 0.0), (0.0, 1.0, 0.0), (0.0, -1.0, 0.0), (0.0, 1.0, 0.0), (0.0, -1.0, 0.0), (0.0, 1.0, 0.0), (0.0, -1.0, 0.0), (0.0, 1.0, 0.0), (0.0, -1.0, 0.0), (0.0, 1.0, 0.0), (0.0, -1.0, 0.0), (0.0, 1.0, 0.0), (0.0, -1.0, 0.0), (0.0, 1.0, 0.0)] (
                interpolation = "vertex"
            )
            int[] faceVertexCounts = [4, 4, 4, 4, 4, 4, 4, 4, 4, 4, 4, 4, 4, 4, 4, 4, 4, 4, 4, 4, 4, 4, 4, 4, 3, 3, 3, 3, 3, 3, 3, 3, 3, 3, 3, 3, 3, 3, 3, 3, 3, 3, 3, 3, 3, 3, 3, 3, 3, 3, 3, 3, 3, 3, 3, 3, 3, 3, 3, 3, 3, 3, 3, 3, 3, 3, 3, 3, 3, 3, 3, 3]
            int[] faceVertexIndices = [0, 2, 3, 1, 2, 4, 5, 3, 4, 6, 7, 5, 6, 8, 9, 7, 8, 10, 11, 9, 10, 12, 13, 11, 12, 14, 15, 13, 14, 16, 17, 15, 16, 18, 19, 17, 18, 20, 21, 19, 20, 22, 23, 21, 22, 24, 25, 23, 24, 26, 27, 25, 26, 28, 29, 27, 28, 30, 31, 29, 30, 32, 33, 31, 32, 34, 35, 33, 34, 36, 37, 35, 36, 38, 39, 37, 38, 40, 41, 39, 40, 42, 43, 41, 42, 44, 45, 43, 44, 46, 47, 45, 46, 0, 1, 47, 48, 50, 52, 49, 53, 51, 48, 52, 54, 49, 55, 53, 48, 54, 56, 49, 57, 55, 48, 56, 58, 49, 59, 57, 48, 58, 60, 49, 61, 59, 48, 60, 62, 49, 63, 61, 48, 62, 64, 49, 65, 63, 48, 64, 66, 49, 67, 65, 48, 66, 68, 49, 69, 67, 48, 68, 70, 49, 71, 69, 48, 70, 72, 49, 73, 71, 48, 72, 74, 49, 75, 73, 48, 74, 76, 49, 77, 75, 48, 76, 78, 49, 79, 77, 48, 78, 80, 49, 81, 79, 48, 80, 82, 49, 83, 81, 48, 82, 84, 49, 85, 83, 48, 84, 86, 49, 87, 85, 48, 86, 88, 49, 89, 87, 48, 88, 90, 49, 91, 89, 48, 90, 92, 49, 93, 91, 48, 92, 94, 49, 95, 93, 48, 94, 96, 49, 97, 95, 48, 96, 50, 49, 51, 97]
            rel material:binding = </Court/Materials/plaster>
        }

        def Mesh "column5"
        {
            double3 xformOp:translate = (2.06732, 0.0, -0.75244)
            uniform token[] xformOpOrder = ["xformOp:translate"]
            uniform token subdivisionScheme = "none"
            point3f[] points = [(0.15, 0.0, 0.0), (0.15, 2.3, 0.0), (0.14489, 0.0, 0.03882), (0.14489, 2.3, 0.03882), (0.1299, 0.0, 0.075), (0.1299, 2.3, 0.075), (0.10607, 0.0, 0.10607), (0.10607, 2.3, 0.10607), (0.075, 0.0, 0.1299), (0.075, 2.3, 0.1299), (0.03882, 0.0, 0.14489), (0.03882, 2.3, 0.14489), (0.0, 0.0, 0.15), (0.0, 2.3, 0.15), (-0.03882, 0.0, 0.14489), (-0.03882, 2.3, 0.14489), (-0.075, 0.0, 0.1299), (-0.075, 2.3, 0.1299), (-0.10607, 0.0, 0.10607), (-0.10607, 2.3, 0.10607), (-0.1299, 0.0, 0.075), (-0.1299, 2.3, 0.075), (-0.14489, 0.0, 0.03882), (-0.14489, 2.3, 0.03882), (-0.15, 0.0, 0.0), (-0.15, 2.3, 0.0), (-0.14489, 0.0, -0.03882), (-0.14489, 2.3, -0.03882), (-0.1299, 0.0, -0.075), (-0.1299, 2.3, -0.075), (-0.10607, 0.0, -0.10607), (-0.10607, 2.3, -0.10607), (-0.075, 0.0, -0.1299), (-0.075, 2.3, -0.1299), (-0.03882, 0.0, -0.14489), (-0.03882, 2.3, -0.14489), (0.0, 0.0, -0.15), (0.0, 2.3, -0.15), (0.03882, 0.0, -0.14489), (0.03882, 2.3, -0.14489), (0.075, 0.0, -0.1299), (0.075, 2.3, -0.1299), (0.10607, 0.0, -0.10607), (0.10607, 2.3, -0.10607), (0.1299, 0.0, -0.075), (0.1299, 2.3, -0.075), (0.14489, 0.0, -0.03882), (0.14489, 2.3, -0.03882), (0.0, 0.0, 0.0), (0.0, 2.3, 0.0), (0.15, 0.0, 0.0), (0.15, 2.3, 0.0), (0.14489, 0.0, 0.03882), (0.14489, 2.3, 0.03882), (0.1299, 0.0, 0.075), (0.1299, 2.3, 0.075), (0.10607, 0.0, 0.10607), (0.10607, 2.3, 0.10607), (0.075, 0.0, 0.1299), (0.075, 2.3, 0.1299), (0.03882, 0.0, 0.14489), (0.03882, 2.3, 0.14489), (0.0, 0.0, 0.15), (0.0, 2.3, 0.15), (-0.03882, 0.0, 0.14489), (-0.03882, 2.3, 0.14489), (-0.075, 0.0, 0.1299), (-0.075, 2.3, 0.1299), (-0.10607, 0.0, 0.10607), (-0.10607, 2.3, 0.10607), (-0.1299, 0.0, 0.075), (-0.1299, 2.3, 0.075), (-0.14489, 0.0, 0.03882), (-0.14489, 2.3, 0.03882), (-0.15, 0.0, 0.0), (-0.15, 2.3, 0.0), (-0.14489, 0.0, -0.03882), (-0.14489, 2.3, -0.03882), (-0.1299, 0.0, -0.075), (-0.1299, 2.3, -0.075), (-0.10607, 0.0, -0.10607), (-0.10607, 2.3, -0.10607), (-0.075, 0.0, -0.1299), (-0.075, 2.3, -0.1299), (-0.03882, 0.0, -0.14489), (-0.03882, 2.3, -0.14489), (0.0, 0.0, -0.15), (0.0, 2.3, -0.15), (0.03882, 0.0, -0.14489), (0.03882, 2.3, -0.14489), (0.075, 0.0, -0.1299), (0.075, 2.3, -0.1299), (0.10607, 0.0, -0.10607), (0.10607, 2.3, -0.10607), (0.1299, 0.0, -0.075), (0.1299, 2.3, -0.075), (0.14489, 0.0, -0.03882), (0.14489, 2.3, -0.03882)]
            normal3f[] normals = [(1.0, 0.0, 0.0), (1.0, 0.0, 0.0), (0.96593, 0.0, 0.25882), (0.96593, 0.0, 0.25882), (0.86603, 0.0, 0.5), (0.86603, 0.0, 0.5), (0.70711, 0.0, 0.70711), (0.70711, 0.0, 0.70711), (0.5, 0.0, 0.86603), (0.5, 0.0, 0.86603), (0.25882, 0.0, 0.96593), (0.25882, 0.0, 0.96593), (0.0, 0.0, 1.0), (0.0, 0.0, 1.0), (-0.25882, 0.0, 0.96593), (-0.25882, 0.0, 0.96593), (-0.5, 0.0, 0.86603), (-0.5, 0.0, 0.86603), (-0.70711, 0.0, 0.70711), (-0.70711, 0.0, 0.70711), (-0.86603, 0.0, 0.5), (-0.86603, 0.0, 0.5), (-0.96593, 0.0, 0.25882), (-0.96593, 0.0, 0.25882), (-1.0, 0.0, 0.0), (-1.0, 0.0, 0.0), (-0.96593, 0.0, -0.25882), (-0.96593, 0.0, -0.25882), (-0.86603, 0.0, -0.5), (-0.86603, 0.0, -0.5), (-0.70711, 0.0, -0.70711), (-0.70711, 0.0, -0.70711), (-0.5, 0.0, -0.86603), (-0.5, 0.0, -0.86603), (-0.25882, 0.0, -0.96593), (-0.25882, 0.0, -0.96593), (0.0, 0.0, -1.0), (0.0, 0.0, -1.0), (0.25882, 0.0, -0.96593), (0.25882, 0.0, -0.96593), (0.5, 0.0, -0.86603), (0.5, 0.0, -0.86603), (0.70711, 0.0, -0.70711), (0.70711, 0.0, -0.70711), (0.86603, 0.0, -0.5), (0.86603, 0.0, -0.5), (0.96593, 0.0, -0.25882), (0.96593, 0.0, -0.25882), (0.0, -1.0, 0.0), (0.0, 1.0, 0.0), (0.0, -1.0, 0.0), (0.0, 1.0, 0.0), (0.0, -1.0, 0.0), (0.0, 1.0, 0.0), (0.0, -1.0, 0.0), (0.0, 1.0, 0.0), (0.0, -1.0, 0.0), (0.0, 1.0, 0.0), (0.0, -1.0, 0.0), (0.0, 1.0, 0.0), (0.0, -1.0, 0.0), (0.0, 1.0, 0.0), (0.0, -1.0, 0.0), (0.0, 1.0, 0.0), (0.0, -1.0, 0.0), (0.0, 1.0, 0.0), (0.0, -1.0, 0.0), (0.0, 1.0, 0.0), (0.0, -1.0, 0.0), (0.0, 1.0, 0.0), (0.0, -1.0, 0.0), (0.0, 1.0, 0.0), (0.0, -1.0, 0.0), (0.0, 1.0, 0.0), (0.0, -1.0, 0.0), (0.0, 1.0, 0.0), (0.0, -1.0, 0.0), (0.0, 1.0, 0.0), (0.0, -1.0, 0.0), (0.0, 1.0, 0.0), (0.0, -1.0, 0.0), (0.0, 1.0, 0.0), (0.0, -1.0, 0.0), (0.0, 1.0, 0.0), (0.0, -1.0, 0.0), (0.0, 1.0, 0.0), (0.0, -1.0, 0.0), (0.0, 1.0, 0.0), (0.0, -1.0, 0.0), (0.0, 1.0, 0.0), (0.0, -1.0, 0.0), (0.0, 1.0, 0.0), (0.0, -1.0, 0.0), (0.0, 1.0, 0.0), (0.0, -1.0, 0.0), (0.0, 1.0, 0.0), (0.0, -1.0, 0.0), (0.0, 1.0, 0.0)] (
                interpolation = "vertex"
            )
            int[] faceVertexCounts = [4, 4, 4, 4, 4, 4, 4, 4, 4, 4, 4, 4, 4, 4, 4, 4, 4, 4, 4, 4, 4, 4, 4, 4, 3, 3, 3, 3, 3, 3, 3, 3, 3, 3, 3, 3, 3, 3, 3, 3, 3, 3, 3, 3, 3, 3, 3, 3, 3, 3, 3, 3, 3, 3, 3, 3, 3, 3, 3, 3, 3, 3, 3, 3, 3, 3, 3, 3, 3, 3, 3, 3]
            int[] faceVertexIndices = [0, 2, 3, 1, 2, 4, 5, 3, 4, 6, 7, 5, 6, 8, 9, 7, 8, 10, 11, 9, 10, 12, 13, 11, 12, 14, 15, 13, 14, 16, 17, 15, 16, 18, 19, 17, 18, 20, 21, 19, 20, 22, 23, 21, 22, 24, 25, 23, 24, 26, 27, 25, 26, 28, 29, 27, 28, 30, 31, 29, 30, 32, 33, 31, 32, 34, 35, 33, 34, 36, 37, 35, 36, 38, 39, 37, 38, 40, 41, 39, 40, 42, 43, 41, 42, 44, 45, 43, 44, 46, 47, 45, 46, 0, 1, 47, 48, 50, 52, 49, 53, 51, 48, 52, 54, 49, 55, 53, 48, 54, 56, 49, 57, 55, 48, 56, 58, 49, 59, 57, 48, 58, 60, 49, 61, 59, 48, 60, 62, 49, 63, 61, 48, 62, 64, 49, 65, 63, 48, 64, 66, 49, 67, 65, 48, 66, 68, 49, 69, 67, 48, 68, 70, 49, 71, 69, 48, 70, 72, 49, 73, 71, 48, 72, 74, 49, 75, 73, 48, 74, 76, 49, 77, 75, 48, 76, 78, 49, 79, 77, 48, 78, 80, 49, 81, 79, 48, 80, 82, 49, 83, 81, 48, 82, 84, 49, 85, 83, 48, 84, 86, 49, 87, 85, 48, 86, 88, 49, 89, 87, 48, 88, 90, 49, 91, 89, 48, 90, 92, 49, 93, 91, 48, 92, 94, 49, 95, 93, 48, 94, 96, 49, 97, 95, 48, 96, 50, 49, 51, 97]
            rel material:binding = </Court/Materials/plaster>
        }
    }

    def Camera "view"
    {
        double3 xformOp:translate = (0, 2.5, 7.0)
        float3 xformOp:rotateXYZ = (-12, 0, 0)
        uniform token[] xformOpOrder = ["xformOp:translate", "xformOp:rotateXYZ"]
        float focalLength = 21
        float horizontalAperture = 20.955
        float verticalAperture = 15.2908
        float2 clippingRange = (0.1, 100)
    }

    def Scope "Lights"
    {
        def DistantLight "sunset"
        {
            float3 xformOp:rotateXYZ = (-49.0, 57.5, 0.0)
            uniform token[] xformOpOrder = ["xformOp:rotateXYZ"]
            color3f inputs:color = (0.85, 0.72, 0.55)
            float inputs:intensity = 60000.0
            float inputs:angle = 0.53
        }

        def SphereLight "fill"
        {
            double3 xformOp:translate = (2.5, 3.2, 2.8)
            uniform token[] xformOpOrder = ["xformOp:translate"]
            color3f inputs:color = (0.16, 0.21, 0.37)
            float inputs:intensity = 8.0
            float inputs:radius = 0.3
        }

        def SphereLight "beam"
        {
            double3 xformOp:translate = (0.0, 3.4, 2.2)
            float3 xformOp:rotateXYZ = (-36.0, 0.0, 0.0)
            uniform token[] xformOpOrder = ["xformOp:translate", "xformOp:rotateXYZ"]
            color3f inputs:color = (0.9, 0.78, 0.55)
            float inputs:intensity = 20.0
            float inputs:radius = 0.1
            float inputs:shaping:cone:angle = 14
            float inputs:shaping:cone:softness = 0.35
        }

        def RectLight "panel"
        {
            double3 xformOp:translate = (-2.8, 1.5, -2.8)
            float3 xformOp:rotateXYZ = (-7.0, -135.0, 0.0)
            uniform token[] xformOpOrder = ["xformOp:translate", "xformOp:rotateXYZ"]
            color3f inputs:color = (0.2, 0.3, 0.28)
            float inputs:intensity = 5.0
            float inputs:width = 2.6
            float inputs:height = 1.4
        }

        def DiskLight "halo"
        {
            double3 xformOp:translate = (0.0, 4.2, 0.0)
            float3 xformOp:rotateXYZ = (-90.0, 0.0, 0.0)
            uniform token[] xformOpOrder = ["xformOp:translate", "xformOp:rotateXYZ"]
            color3f inputs:color = (0.32, 0.3, 0.27)
            float inputs:intensity = 6.0
            float inputs:radius = 1.1
        }

        def CylinderLight "glow"
        {
            double3 xformOp:translate = (0.0, 0.12, -1.6)
            uniform token[] xformOpOrder = ["xformOp:translate"]
            color3f inputs:color = (0.12, 0.45, 0.36)
            float inputs:intensity = 12.0
            float inputs:length = 3.2
            float inputs:radius = 0.04
        }
    }

    def Scope "Materials"
    {
        def Material "stone"
        {
            token outputs:surface.connect = </Court/Materials/stone/pbr.outputs:surface>

            def Shader "pbr"
            {
                uniform token info:id = "UsdPreviewSurface"
                color3f inputs:diffuseColor = (0.36725, 0.34239, 0.2957)
                float inputs:roughness = 0.85
                float inputs:metallic = 0.0
                token outputs:surface
            }
        }

        def Material "plaster"
        {
            token outputs:surface.connect = </Court/Materials/plaster/pbr.outputs:surface>

            def Shader "pbr"
            {
                uniform token info:id = "UsdPreviewSurface"
                color3f inputs:diffuseColor = (0.57048, 0.53824, 0.477)
                float inputs:roughness = 0.9
                float inputs:metallic = 0.0
                token outputs:surface
            }
        }

        def Material "lapis"
        {
            token outputs:surface.connect = </Court/Materials/lapis/pbr.outputs:surface>

            def Shader "pbr"
            {
                uniform token info:id = "UsdPreviewSurface"
                color3f inputs:diffuseColor = (0.02198, 0.07324, 0.34239)
                float inputs:roughness = 0.35
                float inputs:metallic = 0.0
                token outputs:surface
            }
        }

        def Material "amber"
        {
            token outputs:surface.connect = </Court/Materials/amber/pbr.outputs:surface>

            def Shader "pbr"
            {
                uniform token info:id = "UsdPreviewSurface"
                color3f inputs:diffuseColor = (0.82757, 0.34239, 0.02721)
                float inputs:roughness = 0.25
                float inputs:metallic = 0.0
                token outputs:surface
            }
        }

        def Material "garnet"
        {
            token outputs:surface.connect = </Court/Materials/garnet/pbr.outputs:surface>

            def Shader "pbr"
            {
                uniform token info:id = "UsdPreviewSurface"
                color3f inputs:diffuseColor = (0.27384, 0.01739, 0.0331)
                float inputs:roughness = 0.3
                float inputs:metallic = 0.0
                token outputs:surface
            }
        }

        def Material "verdigris"
        {
            token outputs:surface.connect = </Court/Materials/verdigris/pbr.outputs:surface>

            def Shader "pbr"
            {
                uniform token info:id = "UsdPreviewSurface"
                color3f inputs:diffuseColor = (0.10048, 0.34239, 0.26327)
                float inputs:roughness = 0.4
                float inputs:metallic = 0.6
                token outputs:surface
            }
        }
    }
}