#usda 1.0
(
    defaultPrim = "Mobile"
    metersPerUnit = 1
    upAxis = "Y"
    startTimeCode = 0
    endTimeCode = 192
    timeCodesPerSecond = 24
)

def Xform "Mobile"
{
    def Mesh "floorDisk"
    {
        uniform token subdivisionScheme = "none"
        point3f[] points = [(2.6, 0.0, 0.0), (2.6, 0.06, 0.0), (2.57776, 0.0, 0.33937), (2.57776, 0.06, 0.33937), (2.51141, 0.0, 0.67293), (2.51141, 0.06, 0.67293), (2.40209, 0.0, 0.99498), (2.40209, 0.06, 0.99498), (2.25167, 0.0, 1.3), (2.25167, 0.06, 1.3), (2.06272, 0.0, 1.58278), (2.06272, 0.06, 1.58278), (1.83848, 0.0, 1.83848), (1.83848, 0.06, 1.83848), (1.58278, 0.0, 2.06272), (1.58278, 0.06, 2.06272), (1.3, 0.0, 2.25167), (1.3, 0.06, 2.25167), (0.99498, 0.0, 2.40209), (0.99498, 0.06, 2.40209), (0.67293, 0.0, 2.51141), (0.67293, 0.06, 2.51141), (0.33937, 0.0, 2.57776), (0.33937, 0.06, 2.57776), (0.0, 0.0, 2.6), (0.0, 0.06, 2.6), (-0.33937, 0.0, 2.57776), (-0.33937, 0.06, 2.57776), (-0.67293, 0.0, 2.51141), (-0.67293, 0.06, 2.51141), (-0.99498, 0.0, 2.40209), (-0.99498, 0.06, 2.40209), (-1.3, 0.0, 2.25167), (-1.3, 0.06, 2.25167), (-1.58278, 0.0, 2.06272), (-1.58278, 0.06, 2.06272), (-1.83848, 0.0, 1.83848), (-1.83848, 0.06, 1.83848), (-2.06272, 0.0, 1.58278), (-2.06272, 0.06, 1.58278), (-2.25167, 0.0, 1.3), (-2.25167, 0.06, 1.3), (-2.40209, 0.0, 0.99498), (-2.40209, 0.06, 0.99498), (-2.51141, 0.0, 0.67293), (-2.51141, 0.06, 0.67293), (-2.57776, 0.0, 0.33937), (-2.57776, 0.06, 0.33937), (-2.6, 0.0, 0.0), (-2.6, 0.06, 0.0), (-2.57776, 0.0, -0.33937), (-2.57776, 0.06, -0.33937), (-2.51141, 0.0, -0.67293), (-2.51141, 0.06, -0.67293), (-2.40209, 0.0, -0.99498), (-2.40209, 0.06, -0.99498), (-2.25167, 0.0, -1.3), (-2.25167, 0.06, -1.3), (-2.06272, 0.0, -1.58278), (-2.06272, 0.06, -1.58278), (-1.83848, 0.0, -1.83848), (-1.83848, 0.06, -1.83848), (-1.58278, 0.0, -2.06272), (-1.58278, 0.06, -2.06272), (-1.3, 0.0, -2.25167), (-1.3, 0.06, -2.25167), (-0.99498, 0.0, -2.40209), (-0.99498, 0.06, -2.40209), (-0.67293, 0.0, -2.51141), (-0.67293, 0.06, -2.51141), (-0.33937, 0.0, -2.57776), (-0.33937, 0.06, -2.57776), (0.0, 0.0, -2.6), (0.0, 0.06, -2.6), (0.33937, 0.0, -2.57776), (0.33937, 0.06, -2.57776), (0.67293, 0.0, -2.51141), (0.67293, 0.06, -2.51141), (0.99498, 0.0, -2.40209), (0.99498, 0.06, -2.40209), (1.3, 0.0, -2.25167), (1.3, 0.06, -2.25167), (1.58278, 0.0, -2.06272), (1.58278, 0.06, -2.06272), (1.83848, 0.0, -1.83848), (1.83848, 0.06, -1.83848), (2.06272, 0.0, -1.58278), (2.06272, 0.06, -1.58278), (2.25167, 0.0, -1.3), (2.25167, 0.06, -1.3), (2.40209, 0.0, -0.99498), (2.40209, 0.06, -0.99498), (2.51141, 0.0, -0.67293), (2.51141, 0.06, -0.67293), (2.57776, 0.0, -0.33937), (2.57776, 0.06, -0.33937), (0.0, 0.0, 0.0), (0.0, 0.06, 0.0), (2.6, 0.0, 0.0), (2.6, 0.06, 0.0), (2.57776, 0.0, 0.33937), (2.57776, 0.06, 0.33937), (2.51141, 0.0, 0.67293), (2.51141, 0.06, 0.67293), (2.40209, 0.0, 0.99498), (2.40209, 0.06, 0.99498), (2.25167, 0.0, 1.3), (2.25167, 0.06, 1.3), (2.06272, 0.0, 1.58278), (2.06272, 0.06, 1.58278), (1.83848, 0.0, 1.83848), (1.83848, 0.06, 1.83848), (1.58278, 0.0, 2.06272), (1.58278, 0.06, 2.06272), (1.3, 0.0, 2.25167), (1.3, 0.06, 2.25167), (0.99498, 0.0, 2.40209), (0.99498, 0.06, 2.40209), (0.67293, 0.0, 2.51141), (0.67293, 0.06, 2.51141), (0.33937, 0.0, 2.57776), (0.33937, 0.06, 2.57776), (0.0, 0.0, 2.6), (0.0, 0.06, 2.6), (-0.33937, 0.0, 2.57776), (-0.33937, 0.06, 2.57776), (-0.67293, 0.0, 2.51141), (-0.67293, 0.06, 2.51141), (-0.99498, 0.0, 2.40209), (-0.99498, 0.06, 2.40209), (-1.3, 0.0, 2.25167), (-1.3, 0.06, 2.25167), (-1.58278, 0.0, 2.06272), (-1.58278, 0.06, 2.06272), (-1.83848, 0.0, 1.83848), (-1.83848, 0.06, 1.83848), (-2.06272, 0.0, 1.58278), (-2.06272, 0.06, 1.58278), (-2.25167, 0.0, 1.3), (-2.25167, 0.06, 1.3), (-2.40209, 0.0, 0.99498), (-2.40209, 0.06, 0.99498), (-2.51141, 0.0, 0.67293), (-2.51141, 0.06, 0.67293), (-2.57776, 0.0, 0.33937), (-2.57776, 0.06, 0.33937), (-2.6, 0.0, 0.0), (-2.6, 0.06, 0.0), (-2.57776, 0.0, -0.33937), (-2.57776, 0.06, -0.33937), (-2.51141, 0.0, -0.67293), (-2.51141, 0.06, -0.67293), (-2.40209, 0.0, -0.99498), (-2.40209, 0.06, -0.99498), (-2.25167, 0.0, -1.3), (-2.25167, 0.06, -1.3), (-2.06272, 0.0, -1.58278), (-2.06272, 0.06, -1.58278), (-1.83848, 0.0, -1.83848), (-1.83848, 0.06, -1.83848), (-1.58278, 0.0, -2.06272), (-1.58278, 0.06, -2.06272), (-1.3, 0.0, -2.25167), (-1.3, 0.06, -2.25167), (-0.99498, 0.0, -2.40209), (-0.99498, 0.06, -2.40209), (-0.67293, 0.0, -2.51141), (-0.67293, 0.06, -2.51141), (-0.33937, 0.0, -2.57776), (-0.33937, 0.06, -2.57776), (0.0, 0.0, -2.6), (0.0, 0.06, -2.6), (0.33937, 0.0, -2.57776), (0.33937, 0.06, -2.57776), (0.67293, 0.0, -2.51141), (0.67293, 0.06, -2.51141), (0.99498, 0.0, -2.40209), (0.99498, 0.06, -2.40209), (1.3, 0.0, -2.25167), (1.3, 0.06, -2.25167), (1.58278, 0.0, -2.06272), (1.58278, 0.06, -2.06272), (1.83848, 0.0, -1.83848), (1.83848, 0.06, -1.83848), (2.06272, 0.0, -1.58278), (2.06272, 0.06, -1.58278), (2.25167, 0.0, -1.3), (2.25167, 0.06, -1.3), (2.40209, 0.0, -0.99498), (2.40209, 0.06, -0.99498), (2.51141, 0.0, -0.67293), (2.51141, 0.06, -0.67293), (2.57776, 0.0, -0.33937), (2.57776, 0.06, -0.33937)]
        normal3f[] normals = [(1.0, 0.0, 0.0), (1.0, 0.0, 0.0), (0.99144, 0.0, 0.13053), (0.99144, 0.0, 0.13053), (0.96593, 0.0, 0.25882), (0.96593, 0.0, 0.25882), (0.92388, 0.0, 0.38268), (0.92388, 0.0, 0.38268), (0.86603, 0.0, 0.5), (0.86603, 0.0, 0.5), (0.79335, 0.0, 0.60876), (0.79335, 0.0, 0.60876), (0.70711, 0.0, 0.70711), (0.70711, 0.0, 0.70711), (0.60876, 0.0, 0.79335), (0.60876, 0.0, 0.79335), (0.5, 0.0, 0.86603), (0.5, 0.0, 0.86603), (0.38268, 0.0, 0.92388), (0.38268, 0.0, 0.92388), (0.25882, 0.0, 0.96593), (0.25882, 0.0, 0.96593), (0.13053, 0.0, 0.99144), (0.13053, 0.0, 0.99144), (0.0, 0.0, 1.0), (0.0, 0.0, 1.0), (-0.13053, 0.0, 0.99144), (-0.13053, 0.0, 0.99144), (-0.25882, 0.0, 0.96593), (-0.25882, 0.0, 0.96593), (-0.38268, 0.0, 0.92388), (-0.38268, 0.0, 0.92388), (-0.5, 0.0, 0.86603), (-0.5, 0.0, 0.86603), (-0.60876, 0.0, 0.79335), (-0.60876, 0.0, 0.79335), (-0.70711, 0.0, 0.70711), (-0.70711, 0.0, 0.70711), (-0.79335, 0.0, 0.60876), (-0.79335, 0.0, 0.60876), (-0.86603, 0.0, 0.5), (-0.86603, 0.0, 0.5), (-0.92388, 0.0, 0.38268), (-0.92388, 0.0, 0.38268), (-0.96593, 0.0, 0.25882), (-0.96593, 0.0, 0.25882), (-0.99144, 0.0, 0.13053), (-0.99144, 0.0, 0.13053), (-1.0, 0.0, 0.0), (-1.0, 0.0, 0.0), (-0.99144, 0.0, -0.13053), (-0.99144, 0.0, -0.13053), (-0.96593, 0.0, -0.25882), (-0.96593, 0.0, -0.25882), (-0.92388, 0.0, -0.38268), (-0.92388, 0.0, -0.38268), (-0.86603, 0.0, -0.5), (-0.86603, 0.0, -0.5), (-0.79335, 0.0, -0.60876), (-0.79335, 0.0, -0.60876), (-0.70711, 0.0, -0.70711), (-0.70711, 0.0, -0.70711), (-0.60876, 0.0, -0.79335), (-0.60876, 0.0, -0.79335), (-0.5, 0.0, -0.86603), (-0.5, 0.0, -0.86603), (-0.38268, 0.0, -0.92388), (-0.38268, 0.0, -0.92388), (-0.25882, 0.0, -0.96593), (-0.25882, 0.0, -0.96593), (-0.13053, 0.0, -0.99144), (-0.13053, 0.0, -0.99144), (0.0, 0.0, -1.0), (0.0, 0.0, -1.0), (0.13053, 0.0, -0.99144), (0.13053, 0.0, -0.99144), (0.25882, 0.0, -0.96593), (0.25882, 0.0, -0.96593), (0.38268, 0.0, -0.92388), (0.38268, 0.0, -0.92388), (0.5, 0.0, -0.86603), (0.5, 0.0, -0.86603), (0.60876, 0.0, -0.79335), (0.60876, 0.0, -0.79335), (0.70711, 0.0, -0.70711), (0.70711, 0.0, -0.70711), (0.79335, 0.0, -0.60876), (0.79335, 0.0, -0.60876), (0.86603, 0.0, -0.5), (0.86603, 0.0, -0.5), (0.92388, 0.0, -0.38268), (0.92388, 0.0, -0.38268), (0.96593, 0.0, -0.25882), (0.96593, 0.0, -0.25882), (0.99144, 0.0, -0.13053), (0.99144, 0.0, -0.13053), (0.0, -1.0, 0.0), (0.0, 1.0, 0.0), (0.0, -1.0, 0.0), (0.0, 1.0, 0.0), (0.0, -1.0, 0.0), (0.0, 1.0, 0.0), (0.0, -1.0, 0.0), (0.0, 1.0, 0.0), (0.0, -1.0, 0.0), (0.0, 1.0, 0.0), (0.0, -1.0, 0.0), (0.0, 1.0, 0.0), (0.0, -1.0, 0.0), (0.0, 1.0, 0.0), (0.0, -1.0, 0.0), (0.0, 1.0, 0.0), (0.0, -1.0, 0.0), (0.0, 1.0, 0.0), (0.0, -1.0, 0.0), (0.0, 1.0, 0.0), (0.0, -1.0, 0.0), (0.0, 1.0, 0.0), (0.0, -1.0, 0.0), (0.0, 1.0, 0.0), (0.0, -1.0, 0.0), (0.0, 1.0, 0.0), (0.0, -1.0, 0.0), (0.0, 1.0, 0.0), (0.0, -1.0, 0.0), (0.0, 1.0, 0.0), (0.0, -1.0, 0.0), (0.0, 1.0, 0.0), (0.0, -1.0, 0.0), (0.0, 1.0, 0.0), (0.0, -1.0, 0.0), (0.0, 1.0, 0.0), (0.0, -1.0, 0.0), (0.0, 1.0, 0.0), (0.0, -1.0, 0.0), (0.0, 1.0, 0.0), (0.0, -1.0, 0.0), (0.0, 1.0, 0.0), (0.0, -1.0, 0.0), (0.0, 1.0, 0.0), (0.0, -1.0, 0.0), (0.0, 1.0, 0.0), (0.0, -1.0, 0.0), (0.0, 1.0, 0.0), (0.0, -1.0, 0.0), (0.0, 1.0, 0.0), (0.0, -1.0, 0.0), (0.0, 1.0, 0.0), (0.0, -1.0, 0.0), (0.0, 1.0, 0.0), (0.0, -1.0, 0.0), (0.0, 1.0, 0.0), (0.0, -1.0, 0.0), (0.0, 1.0, 0.0), (0.0, -1.0, 0.0), (0.0, 1.0, 0.0), (0.0, -1.0, 0.0), (0.0, 1.0, 0.0), (0.0, -1.0, 0.0), (0.0, 1.0, 0.0), (0.0, -1.0, 0.0), (0.0, 1.0, 0.0), (0.0, -1.0, 0.0), (0.0, 1.0, 0.0), (0.0, -1.0, 0.0), (0.0, 1.0, 0.0), (0.0, -1.0, 0.0), (0.0, 1.0, 0.0), (0.0, -1.0, 0.0), (0.0, 1.0, 0.0), (0.0, -1.0, 0.0), (0.0, 1.0, 0.0), (0.0, -1.0, 0.0), (0.0, 1.0, 0.0), (0.0, -1.0, 0.0), (0.0, 1.0, 0.0), (0.0, -1.0, 0.0), (0.0, 1.0, 0.0), (0.0, -1.0, 0.0), (0.0, 1.0, 0.0), (0.0, -1.0, 0.0), (0.0, 1.0, 0.0), (0.0, -1.0, 0.0), (0.0, 1.0, 0.0), (0.0, -1.0, 0.0), (0.0, 1.0, 0.0), (0.0, -1.0, 0.0), (0.0, 1.0, 0.0), (0.0, -1.0, 0.0), (0.0, 1.0, 0.0), (0.0, -1.0, 0.0), (0.0, 1.0, 0.0), (0.0, -1.0, 0.0), (0.0, 1.0, 0.0)] (
            interpolation = "vertex"
        )
        int[] faceVertexCounts = [4, 4, 4, 4, 4, 4, 4, 4, 4, 4, 4, 4, 4, 4, 4, 4, 4, 4, 4, 4, 4, 4, 4, 4, 4, 4, 4, 4, 4, 4, 4, 4, 4, 4, 4, 4, 4, 4, 4, 4, 4, 4, 4, 4, 4, 4, 4, 4, 3, 3, 3, 3, 3, 3, 3, 3, 3, 3, 3, 3, 3, 3, 3, 3, 3, 3, 3, 3, 3, 3, 3, 3, 3, 3, 3, 3, 3, 3, 3, 3, 3, 3, 3, 3, 3, 3, 3, 3, 3, 3, 3, 3, 3, 3, 3, 3, 3, 3, 3, 3, 3, 3, 3, 3, 3, 3, 3, 3, 3, 3, 3, 3, 3, 3, 3, 3, 3, 3, 3, 3, 3, 3, 3, 3, 3, 3, 3, 3, 3, 3, 3, 3, 3, 3, 3, 3, 3, 3, 3, 3, 3, 3, 3, 3]
        int[] faceVertexIndices = [0, 2, 3, 1, 2, 4, 5, 3, 4, 6, 7, 5, 6, 8, 9, 7, 8, 10, 11, 9, 10, 12, 13, 11, 12, 14, 15, 13, 14, 16, 17, 15, 16, 18, 19, 17, 18, 20, 21, 19, 20, 22, 23, 21, 22, 24, 25, 23, 24, 26, 27, 25, 26, 28, 29, 27, 28, 30, 31, 29, 30, 32, 33, 31, 32, 34, 35, 33, 34, 36, 37, 35, 36, 38, 39, 37, 38, 40, 41, 39, 40, 42, 43, 41, 42, 44, 45, 43, 44, 46, 47, 45, 46, 48, 49, 47, 48, 50, 51, 49, 50, 52, 53, 51, 52, 54, 55, 53, 54, 56, 57, 55, 56, 58, 59, 57, 58, 60, 61, 59, 60, 62, 63, 61, 62, 64, 65, 63, 64, 66, 67, 65, 66, 68, 69, 67, 68, 70, 71, 69, 70, 72, 73, 71, 72, 74, 75, 73, 74, 76, 77, 75, 76, 78, 79, 77, 78, 80, 81, 79, 80, 82, 83, 81, 82, 84, 85, 83, 84, 86, 87, 85, 86, 88, 89, 87, 88, 90, 91, 89, 90, 92, 93, 91, 92, 94, 95, 93, 94, 0, 1, 95, 96, 98, 100, 97, 101, 99, 96, 100, 102, 97, 103, 101, 96, 102, 104, 97, 105, 103, 96, 104, 106, 97, 107, 105, 96, 106, 108, 97, 109, 107, 96, 108, 110, 97, 111, 109, 96, 110, 112, 97, 113, 111, 96, 112, 114, 97, 115, 113, 96, 114, 116, 97, 117, 115, 96, 116, 118, 97, 119, 117, 96, 118, 120, 97, 121, 119, 96, 120, 122, 97, 123, 121, 96, 122, 124, 97, 125, 123, 96, 124, 126, 97, 127, 125, 96, 126, 128, 97, 129, 127, 96, 128, 130, 97, 131, 129, 96, 130, 132, 97, 133, 131, 96, 132, 134, 97, 135, 133, 96, 134, 136, 97, 137, 135, 96, 136, 138, 97, 139, 137, 96, 138, 140, 97, 141, 139, 96, 140, 142, 97, 143, 141, 96, 142, 144, 97, 145, 143, 96, 144, 146, 97, 147, 145, 96, 146, 148, 97, 149, 147, 96, 148, 150, 97, 151, 149, 96, 150, 152, 97, 153, 151, 96, 152, 154, 97, 155, 153, 96, 154, 156, 97, 157, 155, 96, 156, 158, 97, 159, 157, 96, 158, 160, 97, 161, 159, 96, 160, 162, 97, 163, 161, 96, 162, 164, 97, 165, 163, 96, 164, 166, 97, 167, 165, 96, 166, 168, 97, 169, 167, 96, 168, 170, 97, 171, 169, 96, 170, 172, 97, 173, 171, 96, 172, 174, 97, 175, 173, 96, 174, 176, 97, 177, 175, 96, 176, 178, 97, 179, 177, 96, 178, 180, 97, 181, 179, 96, 180, 182, 97, 183, 181, 96, 182, 184, 97, 185, 183, 96, 184, 186, 97, 187, 185, 96, 186, 188, 97, 189, 187, 96, 188, 190, 97, 191, 189, 96, 190, 192, 97, 193, 191, 96, 192, 98, 97, 99, 193]
        rel material:binding = </Mobile/Materials/stone>
    }

    def Mesh "stem"
    {
        double3 xformOp:translate = (0.0, 2.72, 0.0)
        uniform token[] xformOpOrder = ["xformOp:translate"]
        uniform token subdivisionScheme = "none"
        point3f[] points = [(0.03, 0.0, 0.0), (0.03, 0.5, 0.0), (0.02772, 0.0, 0.01148), (0.02772, 0.5, 0.01148), (0.02121, 0.0, 0.02121), (0.02121, 0.5, 0.02121), (0.01148, 0.0, 0.02772), (0.01148, 0.5, 0.02772), (0.0, 0.0, 0.03), (0.0, 0.5, 0.03), (-0.01148, 0.0, 0.02772), (-0.01148, 0.5, 0.02772), (-0.02121, 0.0, 0.02121), (-0.02121, 0.5, 0.02121), (-0.02772, 0.0, 0.01148), (-0.02772, 0.5, 0.01148), (-0.03, 0.0, 0.0), (-0.03, 0.5, 0.0), (-0.02772, 0.0, -0.01148), (-0.02772, 0.5, -0.01148), (-0.02121, 0.0, -0.02121), (-0.02121, 0.5, -0.02121), (-0.01148, 0.0, -0.02772), (-0.01148, 0.5, -0.02772), (0.0, 0.0, -0.03), (0.0, 0.5, -0.03), (0.01148, 0.0, -0.02772), (0.01148, 0.5, -0.02772), (0.02121, 0.0, -0.02121), (0.02121, 0.5, -0.02121), (0.02772, 0.0, -0.01148), (0.02772, 0.5, -0.01148), (0.0, 0.0, 0.0), (0.0, 0.5, 0.0), (0.03, 0.0, 0.0), (0.03, 0.5, 0.0), (0.02772, 0.0, 0.01148), (0.02772, 0.5, 0.01148), (0.02121, 0.0, 0.02121), (0.02121, 0.5, 0.02121), (0.01148, 0.0, 0.02772), (0.01148, 0.5, 0.02772), (0.0, 0.0, 0.03), (0.0, 0.5, 0.03), (-0.01148, 0.0, 0.02772), (-0.01148, 0.5, 0.02772), (-0.02121, 0.0, 0.02121), (-0.02121, 0.5, 0.02121), (-0.02772, 0.0, 0.01148), (-0.02772, 0.5, 0.01148), (-0.03, 0.0, 0.0), (-0.03, 0.5, 0.0), (-0.02772, 0.0, -0.01148), (-0.02772, 0.5, -0.01148), (-0.02121, 0.0, -0.02121), (-0.02121, 0.5, -0.02121), (-0.01148, 0.0, -0.02772), (-0.01148, 0.5, -0.02772), (0.0, 0.0, -0.03), (0.0, 0.5, -0.03), (0.01148, 0.0, -0.02772), (0.01148, 0.5, -0.02772), (0.02121, 0.0, -0.02121), (0.02121, 0.5, -0.02121), (0.02772, 0.0, -0.01148), (0.02772, 0.5, -0.01148)]
        normal3f[] normals = [(1.0, 0.0, 0.0), (1.0, 0.0, 0.0), (0.92388, 0.0, 0.38268), (0.92388, 0.0, 0.38268), (0.70711, 0.0, 0.70711), (0.70711, 0.0, 0.70711), (0.38268, 0.0, 0.92388), (0.38268, 0.0, 0.92388), (0.0, 0.0, 1.0), (0.0, 0.0, 1.0), (-0.38268, 0.0, 0.92388), (-0.38268, 0.0, 0.92388), (-0.70711, 0.0, 0.70711), (-0.70711, 0.0, 0.70711), (-0.92388, 0.0, 0.38268), (-0.92388, 0.0, 0.38268), (-1.0, 0.0, 0.0), (-1.0, 0.0, 0.0), (-0.92388, 0.0, -0.38268), (-0.92388, 0.0, -0.38268), (-0.70711, 0.0, -0.70711), (-0.70711, 0.0, -0.70711), (-0.38268, 0.0, -0.92388), (-0.38268, 0.0, -0.92388), (0.0, 0.0, -1.0), (0.0, 0.0, -1.0), (0.38268, 0.0, -0.92388), (0.38268, 0.0, -0.92388), (0.70711, 0.0, -0.70711), (0.70711, 0.0, -0.70711), (0.92388, 0.0, -0.38268), (0.92388, 0.0, -0.38268), (0.0, -1.0, 0.0), (0.0, 1.0, 0.0), (0.0, -1.0, 0.0), (0.0, 1.0, 0.0), (0.0, -1.0, 0.0), (0.0, 1.0, 0.0), (0.0, -1.0, 0.0), (0.0, 1.0, 0.0), (0.0, -1.0, 0.0), (0.0, 1.0, 0.0), (0.0, -1.0, 0.0), (0.0, 1.0, 0.0), (0.0, -1.0, 0.0), (0.0, 1.0, 0.0), (0.0, -1.0, 0.0), (0.0, 1.0, 0.0), (0.0, -1.0, 0.0), (0.0, 1.0, 0.0), (0.0, -1.0, 0.0), (0.0, 1.0, 0.0), (0.0, -1.0, 0.0), (0.0, 1.0, 0.0), (0.0, -1.0, 0.0), (0.0, 1.0, 0.0), (0.0, -1.0, 0.0), (0.0, 1.0, 0.0), (0.0, -1.0, 0.0), (0.0, 1.0, 0.0), (0.0, -1.0, 0.0), (0.0, 1.0, 0.0), (0.0, -1.0, 0.0), (0.0, 1.0, 0.0), (0.0, -1.0, 0.0), (0.0, 1.0, 0.0)] (
            interpolation = "vertex"
        )
        int[] faceVertexCounts = [4, 4, 4, 4, 4, 4, 4, 4, 4, 4, 4, 4, 4, 4, 4, 4, 3, 3, 3, 3, 3, 3, 3, 3, 3, 3, 3, 3, 3, 3, 3, 3, 3, 3, 3, 3, 3, 3, 3, 3, 3, 3, 3, 3, 3, 3, 3, 3]
        int[] faceVertexIndices = [0, 2, 3, 1, 2, 4, 5, 3, 4, 6, 7, 5, 6, 8, 9, 7, 8, 10, 11, 9, 10, 12, 13, 11, 12, 14, 15, 13, 14, 16, 17, 15, 16, 18, 19, 17, 18, 20, 21, 19, 20, 22, 23, 21, 22, 24, 25, 23, 24, 26, 27, 25, 26, 28, 29, 27, 28, 30, 31, 29, 30, 0, 1, 31, 32, 34, 36, 33, 37, 35, 32, 36, 38, 33, 39, 37, 32, 38, 40, 33, 41, 39, 32, 40, 42, 33, 43, 41, 32, 42, 44, 33, 45, 43, 32, 44, 46, 33, 47, 45, 32, 46, 48, 33, 49, 47, 32, 48, 50, 33, 51, 49, 32, 50, 52, 33, 53, 51, 32, 52, 54, 33, 55, 53, 32, 54, 56, 33, 57, 55, 32, 56, 58, 33, 59, 57, 32, 58, 60, 33, 61, 59, 32, 60, 62, 33, 63, 61, 32, 62, 64, 33, 65, 63, 32, 64, 34, 33, 35, 65]
        rel material:binding = </Mobile/Materials/brass>
    }

    def Xform "pulse"
    {
        double3 xformOp:translate = (0, 0.36, 0)
        float3 xformOp:scale.timeSamples = {
            0: (1.0, 1.0, 1.0),
            16: (1.065, 1.065, 1.065),
            32: (1.11258, 1.11258, 1.11258),
            48: (1.13, 1.13, 1.13),
            64: (1.11258, 1.11258, 1.11258),
            80: (1.065, 1.065, 1.065),
            96: (1.0, 1.0, 1.0),
            112: (0.935, 0.935, 0.935),
            128: (0.88742, 0.88742, 0.88742),
            144: (0.87, 0.87, 0.87),
            160: (0.88742, 0.88742, 0.88742),
            176: (0.935, 0.935, 0.935),
            192: (1.0, 1.0, 1.0)
        }
        uniform token[] xformOpOrder = ["xformOp:translate", "xformOp:scale"]

        def Mesh "weight"
        {
            uniform token subdivisionScheme = "none"
            point3f[] points = [(0.0, 0.3, 0.0), (0.0, 0.3, 0.0), (0.0, 0.3, 0.0), (0.0, 0.3, 0.0), (0.0, 0.3, 0.0), (0.0, 0.3, 0.0), (0.0, 0.3, 0.0), (0.0, 0.3, 0.0), (-0.0, 0.3, 0.0), (-0.0, 0.3, 0.0), (-0.0, 0.3, 0.0), (-0.0, 0.3, 0.0), (-0.0, 0.3, 0.0), (-0.0, 0.3, 0.0), (-0.0, 0.3, 0.0), (-0.0, 0.3, -0.0), (-0.0, 0.3, -0.0), (-0.0, 0.3, -0.0), (-0.0, 0.3, -0.0), (-0.0, 0.3, -0.0), (-0.0, 0.3, -0.0), (0.0, 0.3, -0.0), (0.0, 0.3, -0.0), (0.0, 0.3, -0.0), (0.0, 0.3, -0.0), (0.0, 0.3, -0.0), (0.0, 0.3, -0.0), (0.0, 0.3, -0.0), (0.05209, 0.29544, 0.0), (0.05079, 0.29544, 0.01159), (0.04694, 0.29544, 0.0226), (0.04073, 0.29544, 0.03248), (0.03248, 0.29544, 0.04073), (0.0226, 0.29544, 0.04694), (0.01159, 0.29544, 0.05079), (0.0, 0.29544, 0.05209), (-0.01159, 0.29544, 0.05079), (-0.0226, 0.29544, 0.04694), (-0.03248, 0.29544, 0.04073), (-0.04073, 0.29544, 0.03248), (-0.04694, 0.29544, 0.0226), (-0.05079, 0.29544, 0.01159), (-0.05209, 0.29544, 0.0), (-0.05079, 0.29544, -0.01159), (-0.04694, 0.29544, -0.0226), (-0.04073, 0.29544, -0.03248), (-0.03248, 0.29544, -0.04073), (-0.0226, 0.29544, -0.04694), (-0.01159, 0.29544, -0.05079), (0.0, 0.29544, -0.05209), (0.01159, 0.29544, -0.05079), (0.0226, 0.29544, -0.04694), (0.03248, 0.29544, -0.04073), (0.04073, 0.29544, -0.03248), (0.04694, 0.29544, -0.0226), (0.05079, 0.29544, -0.01159), (0.10261, 0.28191, 0.0), (0.10003, 0.28191, 0.02283), (0.09244, 0.28191, 0.04452), (0.08022, 0.28191, 0.06397), (0.06397, 0.28191, 0.08022), (0.04452, 0.28191, 0.09244), (0.02283, 0.28191, 0.10003), (0.0, 0.28191, 0.10261), (-0.02283, 0.28191, 0.10003), (-0.04452, 0.28191, 0.09244), (-0.06397, 0.28191, 0.08022), (-0.08022, 0.28191, 0.06397), (-0.09244, 0.28191, 0.04452), (-0.10003, 0.28191, 0.02283), (-0.10261, 0.28191, 0.0), (-0.10003, 0.28191, -0.02283), (-0.09244, 0.28191, -0.04452), (-0.08022, 0.28191, -0.06397), (-0.06397, 0.28191, -0.08022), (-0.04452, 0.28191, -0.09244), (-0.02283, 0.28191, -0.10003), (0.0, 0.28191, -0.10261), (0.02283, 0.28191, -0.10003), (0.04452, 0.28191, -0.09244), (0.06397, 0.28191, -0.08022), (0.08022, 0.28191, -0.06397), (0.09244, 0.28191, -0.04452), (0.10003, 0.28191, -0.02283), (0.15, 0.25981, 0.0), (0.14624, 0.25981, 0.03338), (0.13515, 0.25981, 0.06508), (0.11727, 0.25981, 0.09352), (0.09352, 0.25981, 0.11727), (0.06508, 0.25981, 0.13515), (0.03338, 0.25981, 0.14624), (0.0, 0.25981, 0.15), (-0.03338, 0.25981, 0.14624), (-0.06508, 0.25981, 0.13515), (-0.09352, 0.25981, 0.11727), (-0.11727, 0.25981, 0.09352), (-0.13515, 0.25981, 0.06508), (-0.14624, 0.25981, 0.03338), (-0.15, 0.25981, 0.0), (-0.14624, 0.25981, -0.03338), (-0.13515, 0.25981, -0.06508), (-0.11727, 0.25981, -0.09352), (-0.09352, 0.25981, -0.11727), (-0.06508, 0.25981, -0.13515), (-0.03338, 0.25981, -0.14624), (0.0, 0.25981, -0.15), (0.03338, 0.25981, -0.14624), (0.06508, 0.25981, -0.13515), (0.09352, 0.25981, -0.11727), (0.11727, 0.25981, -0.09352), (0.13515, 0.25981, -0.06508), (0.14624, 0.25981, -0.03338), (0.19284, 0.22981, 0.0), (0.188, 0.22981, 0.04291), (0.17374, 0.22981, 0.08367), (0.15077, 0.22981, 0.12023), (0.12023, 0.22981, 0.15077), (0.08367, 0.22981, 0.17374), (0.04291, 0.22981, 0.188), (0.0, 0.22981, 0.19284), (-0.04291, 0.22981, 0.188), (-0.08367, 0.22981, 0.17374), (-0.12023, 0.22981, 0.15077), (-0.15077, 0.22981, 0.12023), (-0.17374, 0.22981, 0.08367), (-0.188, 0.22981, 0.04291), (-0.19284, 0.22981, 0.0), (-0.188, 0.22981, -0.04291), (-0.17374, 0.22981, -0.08367), (-0.15077, 0.22981, -0.12023), (-0.12023, 0.22981, -0.15077), (-0.08367, 0.22981, -0.17374), (-0.04291, 0.22981, -0.188), (0.0, 0.22981, -0.19284), (0.04291, 0.22981, -0.188), (0.08367, 0.22981, -0.17374), (0.12023, 0.22981, -0.15077), (0.15077, 0.22981, -0.12023), (0.17374, 0.22981, -0.08367), (0.188, 0.22981, -0.04291), (0.22981, 0.19284, 0.0), (0.22405, 0.19284, 0.05114), (0.20705, 0.19284, 0.09971), (0.17968, 0.19284, 0.14329), (0.14329, 0.19284, 0.17968), (0.09971, 0.19284, 0.20705), (0.05114, 0.19284, 0.22405), (0.0, 0.19284, 0.22981), (-0.05114, 0.19284, 0.22405), (-0.09971, 0.19284, 0.20705), (-0.14329, 0.19284, 0.17968), (-0.17968, 0.19284, 0.14329), (-0.20705, 0.19284, 0.09971), (-0.22405, 0.19284, 0.05114), (-0.22981, 0.19284, 0.0), (-0.22405, 0.19284, -0.05114), (-0.20705, 0.19284, -0.09971), (-0.17968, 0.19284, -0.14329), (-0.14329, 0.19284, -0.17968), (-0.09971, 0.19284, -0.20705), (-0.05114, 0.19284, -0.22405), (0.0, 0.19284, -0.22981), (0.05114, 0.19284, -0.22405), (0.09971, 0.19284, -0.20705), (0.14329, 0.19284, -0.17968), (0.17968, 0.19284, -0.14329), (0.20705, 0.19284, -0.09971), (0.22405, 0.19284, -0.05114), (0.25981, 0.15, 0.0), (0.25329, 0.15, 0.05781), (0.23408, 0.15, 0.11273), (0.20313, 0.15, 0.16199), (0.16199, 0.15, 0.20313), (0.11273, 0.15, 0.23408), (0.05781, 0.15, 0.25329), (0.0, 0.15, 0.25981), (-0.05781, 0.15, 0.25329), (-0.11273, 0.15, 0.23408), (-0.16199, 0.15, 0.20313), (-0.20313, 0.15, 0.16199), (-0.23408, 0.15, 0.11273), (-0.25329, 0.15, 0.05781), (-0.25981, 0.15, 0.0), (-0.25329, 0.15, -0.05781), (-0.23408, 0.15, -0.11273), (-0.20313, 0.15, -0.16199), (-0.16199, 0.15, -0.20313), (-0.11273, 0.15, -0.23408), (-0.05781, 0.15, -0.25329), (0.0, 0.15, -0.25981), (0.05781, 0.15, -0.25329), (0.11273, 0.15, -0.23408), (0.16199, 0.15, -0.20313), (0.20313, 0.15, -0.16199), (0.23408, 0.15, -0.11273), (0.25329, 0.15, -0.05781), (0.28191, 0.10261, 0.0), (0.27484, 0.10261, 0.06273), (0.25399, 0.10261, 0.12232), (0.2204, 0.10261, 0.17577), (0.17577, 0.10261, 0.2204), (0.12232, 0.10261, 0.25399), (0.06273, 0.10261, 0.27484), (0.0, 0.10261, 0.28191), (-0.06273, 0.10261, 0.27484), (-0.12232, 0.10261, 0.25399), (-0.17577, 0.10261, 0.2204), (-0.2204, 0.10261, 0.17577), (-0.25399, 0.10261, 0.12232), (-0.27484, 0.10261, 0.06273), (-0.28191, 0.10261, 0.0), (-0.27484, 0.10261, -0.06273), (-0.25399, 0.10261, -0.12232), (-0.2204, 0.10261, -0.17577), (-0.17577, 0.10261, -0.2204), (-0.12232, 0.10261, -0.25399), (-0.06273, 0.10261, -0.27484), (0.0, 0.10261, -0.28191), (0.06273, 0.10261, -0.27484), (0.12232, 0.10261, -0.25399), (0.17577, 0.10261, -0.2204), (0.2204, 0.10261, -0.17577), (0.25399, 0.10261, -0.12232), (0.27484, 0.10261, -0.06273), (0.29544, 0.05209, 0.0), (0.28803, 0.05209, 0.06574), (0.26618, 0.05209, 0.12819), (0.23099, 0.05209, 0.18421), (0.18421, 0.05209, 0.23099), (0.12819, 0.05209, 0.26618), (0.06574, 0.05209, 0.28803), (0.0, 0.05209, 0.29544), (-0.06574, 0.05209, 0.28803), (-0.12819, 0.05209, 0.26618), (-0.18421, 0.05209, 0.23099), (-0.23099, 0.05209, 0.18421), (-0.26618, 0.05209, 0.12819), (-0.28803, 0.05209, 0.06574), (-0.29544, 0.05209, 0.0), (-0.28803, 0.05209, -0.06574), (-0.26618, 0.05209, -0.12819), (-0.23099, 0.05209, -0.18421), (-0.18421, 0.05209, -0.23099), (-0.12819, 0.05209, -0.26618), (-0.06574, 0.05209, -0.28803), (0.0, 0.05209, -0.29544), (0.06574, 0.05209, -0.28804), (0.12819, 0.05209, -0.26618), (0.18421, 0.05209, -0.23099), (0.23099, 0.05209, -0.18421), (0.26618, 0.05209, -0.12819), (0.28803, 0.05209, -0.06574), (0.3, 0.0, 0.0), (0.29248, 0.0, 0.06676), (0.27029, 0.0, 0.13017), (0.23455, 0.0, 0.18705), (0.18705, 0.0, 0.23455), (0.13017, 0.0, 0.27029), (0.06676, 0.0, 0.29248), (0.0, 0.0, 0.3), (-0.06676, 0.0, 0.29248), (-0.13017, 0.0, 0.27029), (-0.18705, 0.0, 0.23455), (-0.23455, 0.0, 0.18705), (-0.27029, 0.0, 0.13017), (-0.29248, 0.0, 0.06676), (-0.3, 0.0, 0.0), (-0.29248, 0.0, -0.06676), (-0.27029, 0.0, -0.13017), (-0.23455, 0.0, -0.18705), (-0.18705, 0.0, -0.23455), (-0.13017, 0.0, -0.27029), (-0.06676, 0.0, -0.29248), (0.0, 0.0, -0.3), (0.06676, 0.0, -0.29248), (0.13017, 0.0, -0.27029), (0.18705, 0.0, -0.23455), (0.23455, 0.0, -0.18705), (0.27029, 0.0, -0.13017), (0.29248, 0.0, -0.06676), (0.29544, -0.05209, 0.0), (0.28803, -0.05209, 0.06574), (0.26618, -0.05209, 0.12819), (0.23099, -0.05209, 0.18421), (0.18421, -0.05209, 0.23099), (0.12819, -0.05209, 0.26618), (0.06574, -0.05209, 0.28803), (0.0, -0.05209, 0.29544), (-0.06574, -0.05209, 0.28803), (-0.12819, -0.05209, 0.26618), (-0.18421, -0.05209, 0.23099), (-0.23099, -0.05209, 0.18421), (-0.26618, -0.05209, 0.12819), (-0.28803, -0.05209, 0.06574), (-0.29544, -0.05209, 0.0), (-0.28803, -0.05209, -0.06574), (-0.26618, -0.05209, -0.12819), (-0.23099, -0.05209, -0.18421), (-0.18421, -0.05209, -0.23099), (-0.12819, -0.05209, -0.26618), (-0.06574, -0.05209, -0.28803), (0.0, -0.05209, -0.29544), (0.06574, -0.05209, -0.28804), (0.12819, -0.05209, -0.26618), (0.18421, -0.05209, -0.23099), (0.23099, -0.05209, -0.18421), (0.26618, -0.05209, -0.12819), (0.28803, -0.05209, -0.06574), (0.28191, -0.10261, 0.0), (0.27484, -0.10261, 0.06273), (0.25399, -0.10261, 0.12232), (0.2204, -0.10261, 0.17577), (0.17577, -0.10261, 0.2204), (0.12232, -0.10261, 0.25399), (0.06273, -0.10261, 0.27484), (0.0, -0.10261, 0.28191), (-0.06273, -0.10261, 0.27484), (-0.12232, -0.10261, 0.25399), (-0.17577, -0.10261, 0.2204), (-0.2204, -0.10261, 0.17577), (-0.25399, -0.10261, 0.12232), (-0.27484, -0.10261, 0.06273), (-0.28191, -0.10261, 0.0), (-0.27484, -0.10261, -0.06273), (-0.25399, -0.10261, -0.12232), (-0.2204, -0.10261, -0.17577), (-0.17577, -0.10261, -0.2204), (-0.12232, -0.10261, -0.25399), (-0.06273, -0.10261, -0.27484), (0.0, -0.10261, -0.28191), (0.06273, -0.10261, -0.27484), (0.12232, -0.10261, -0.25399), (0.17577, -0.10261, -0.2204), (0.2204, -0.10261, -0.17577), (0.25399, -0.10261, -0.12232), (0.27484, -0.10261, -0.06273), (0.25981, -0.15, 0.0), (0.25329, -0.15, 0.05781), (0.23408, -0.15, 0.11273), (0.20313, -0.15, 0.16199), (0.16199, -0.15, 0.20313), (0.11273, -0.15, 0.23408), (0.05781, -0.15, 0.25329), (0.0, -0.15, 0.25981), (-0.05781, -0.15, 0.25329), (-0.11273, -0.15, 0.23408), (-0.16199, -0.15, 0.20313), (-0.20313, -0.15, 0.16199), (-0.23408, -0.15, 0.11273), (-0.25329, -0.15, 0.05781), (-0.25981, -0.15, 0.0), (-0.25329, -0.15, -0.05781), (-0.23408, -0.15, -0.11273), (-0.20313, -0.15, -0.16199), (-0.16199, -0.15, -0.20313), (-0.11273, -0.15, -0.23408), (-0.05781, -0.15, -0.25329), (0.0, -0.15, -0.25981), (0.05781, -0.15, -0.25329), (0.11273, -0.15, -0.23408), (0.16199, -0.15, -0.20313), (0.20313, -0.15, -0.16199), (0.23408, -0.15, -0.11273), (0.25329, -0.15, -0.05781), (0.22981, -0.19284, 0.0), (0.22405, -0.19284, 0.05114), (0.20705, -0.19284, 0.09971), (0.17968, -0.19284, 0.14329), (0.14329, -0.19284, 0.17968), (0.09971, -0.19284, 0.20705), (0.05114, -0.19284, 0.22405), (0.0, -0.19284, 0.22981), (-0.05114, -0.19284, 0.22405), (-0.09971, -0.19284, 0.20705), (-0.14329, -0.19284, 0.17968), (-0.17968, -0.19284, 0.14329), (-0.20705, -0.19284, 0.09971), (-0.22405, -0.19284, 0.05114), (-0.22981, -0.19284, 0.0), (-0.22405, -0.19284, -0.05114), (-0.20705, -0.19284, -0.09971), (-0.17968, -0.19284, -0.14329), (-0.14329, -0.19284, -0.17968), (-0.09971, -0.19284, -0.20705), (-0.05114, -0.19284, -0.22405), (0.0, -0.19284, -0.22981), (0.05114, -0.19284, -0.22405), (0.09971, -0.19284, -0.20705), (0.14329, -0.19284, -0.17968), (0.17968, -0.19284, -0.14329), (0.20705, -0.19284, -0.09971), (0.22405, -0.19284, -0.05114), (0.19284, -0.22981, 0.0), (0.188, -0.22981, 0.04291), (0.17374, -0.22981, 0.08367), (0.15077, -0.22981, 0.12023), (0.12023, -0.22981, 0.15077), (0.08367, -0.22981, 0.17374), (0.04291, -0.22981, 0.188), (0.0, -0.22981, 0.19284), (-0.04291, -0.22981, 0.188), (-0.08367, -0.22981, 0.17374), (-0.12023, -0.22981, 0.15077), (-0.15077, -0.22981, 0.12023), (-0.17374, -0.22981, 0.08367), (-0.188, -0.22981, 0.04291), (-0.19284, -0.22981, 0.0), (-0.188, -0.22981, -0.04291), (-0.17374, -0.22981, -0.08367), (-0.15077, -0.22981, -0.12023), (-0.12023, -0.22981, -0.15077), (-0.08367, -0.22981, -0.17374), (-0.04291, -0.22981, -0.188), (0.0, -0.22981, -0.19284), (0.04291, -0.22981, -0.188), (0.08367, -0.22981, -0.17374), (0.12023, -0.22981, -0.15077), (0.15077, -0.22981, -0.12023), (0.17374, -0.22981, -0.08367), (0.188, -0.22981, -0.04291), (0.15, -0.25981, 0.0), (0.14624, -0.25981, 0.03338), (0.13515, -0.25981, 0.06508), (0.11727, -0.25981, 0.09352), (0.09352, -0.25981, 0.11727), (0.06508, -0.25981, 0.13515), (0.03338, -0.25981, 0.14624), (0.0, -0.25981, 0.15), (-0.03338, -0.25981, 0.14624), (-0.06508, -0.25981, 0.13515), (-0.09352, -0.25981, 0.11727), (-0.11727, -0.25981, 0.09352), (-0.13515, -0.25981, 0.06508), (-0.14624, -0.25981, 0.03338), (-0.15, -0.25981, 0.0), (-0.14624, -0.25981, -0.03338), (-0.13515, -0.25981, -0.06508), (-0.11727, -0.25981, -0.09352), (-0.09352, -0.25981, -0.11727), (-0.06508, -0.25981, -0.13515), (-0.03338, -0.25981, -0.14624), (0.0, -0.25981, -0.15), (0.03338, -0.25981, -0.14624), (0.06508, -0.25981, -0.13515), (0.09352, -0.25981, -0.11727), (0.11727, -0.25981, -0.09352), (0.13515, -0.25981, -0.06508), (0.14624, -0.25981, -0.03338), (0.10261, -0.28191, 0.0), (0.10003, -0.28191, 0.02283), (0.09244, -0.28191, 0.04452), (0.08022, -0.28191, 0.06397), (0.06397, -0.28191, 0.08022), (0.04452, -0.28191, 0.09244), (0.02283, -0.28191, 0.10003), (0.0, -0.28191, 0.10261), (-0.02283, -0.28191, 0.10003), (-0.04452, -0.28191, 0.09244), (-0.06397, -0.28191, 0.08022), (-0.08022, -0.28191, 0.06397), (-0.09244, -0.28191, 0.04452), (-0.10003, -0.28191, 0.02283), (-0.10261, -0.28191, 0.0), (-0.10003, -0.28191, -0.02283), (-0.09244, -0.28191, -0.04452), (-0.08022, -0.28191, -0.06397), (-0.06397, -0.28191, -0.08022), (-0.04452, -0.28191, -0.09244), (-0.02283, -0.28191, -0.10003), (0.0, -0.28191, -0.10261), (0.02283, -0.28191, -0.10003), (0.04452, -0.28191, -0.09244), (0.06397, -0.28191, -0.08022), (0.08022, -0.28191, -0.06397), (0.09244, -0.28191, -0.04452), (0.10003, -0.28191, -0.02283), (0.05209, -0.29544, 0.0), (0.05079, -0.29544, 0.01159), (0.04694, -0.29544, 0.0226), (0.04073, -0.29544, 0.03248), (0.03248, -0.29544, 0.04073), (0.0226, -0.29544, 0.04694), (0.01159, -0.29544, 0.05079), (0.0, -0.29544, 0.05209), (-0.01159, -0.29544, 0.05079), (-0.0226, -0.29544, 0.04694), (-0.03248, -0.29544, 0.04073), (-0.04073, -0.29544, 0.03248), (-0.04694, -0.29544, 0.0226), (-0.05079, -0.29544, 0.01159), (-0.05209, -0.29544, 0.0), (-0.05079, -0.29544, -0.01159), (-0.04694, -0.29544, -0.0226), (-0.04073, -0.29544, -0.03248), (-0.03248, -0.29544, -0.04073), (-0.0226, -0.29544, -0.04694), (-0.01159, -0.29544, -0.05079), (0.0, -0.29544, -0.05209), (0.01159, -0.29544, -0.05079), (0.0226, -0.29544, -0.04694), (0.03248, -0.29544, -0.04073), (0.04073, -0.29544, -0.03248), (0.04694, -0.29544, -0.0226), (0.05079, -0.29544, -0.01159), (0.0, -0.3, 0.0), (0.0, -0.3, 0.0), (0.0, -0.3, 0.0), (0.0, -0.3, 0.0), (0.0, -0.3, 0.0), (0.0, -0.3, 0.0), (0.0, -0.3, 0.0), (0.0, -0.3, 0.0), (-0.0, -0.3, 0.0), (-0.0, -0.3, 0.0), (-0.0, -0.3, 0.0), (-0.0, -0.3, 0.0), (-0.0, -0.3, 0.0), (-0.0, -0.3, 0.0), (-0.0, -0.3, 0.0), (-0.0, -0.3, -0.0), (-0.0, -0.3, -0.0), (-0.0, -0.3, -0.0), (-0.0, -0.3, -0.0), (-0.0, -0.3, -0.0), (-0.0, -0.3, -0.0), (0.0, -0.3, -0.0), (0.0, -0.3, -0.0), (0.0, -0.3, -0.0), (0.0, -0.3, -0.0), (0.0, -0.3, -0.0), (0.0, -0.3, -0.0), (0.0, -0.3, -0.0)]
            normal3f[] normals = [(0.0, 1.0, 0.0), (0.0, 1.0, 0.0), (0.0, 1.0, 0.0), (0.0, 1.0, 0.0), (0.0, 1.0, 0.0), (0.0, 1.0, 0.0), (0.0, 1.0, 0.0), (0.0, 1.0, 0.0), (-0.0, 1.0, 0.0), (-0.0, 1.0, 0.0), (-0.0, 1.0, 0.0), (-0.0, 1.0, 0.0), (-0.0, 1.0, 0.0), (-0.0, 1.0, 0.0), (-0.0, 1.0, 0.0), (-0.0, 1.0, -0.0), (-0.0, 1.0, -0.0), (-0.0, 1.0, -0.0), (-0.0, 1.0, -0.0), (-0.0, 1.0, -0.0), (-0.0, 1.0, -0.0), (0.0, 1.0, -0.0), (0.0, 1.0, -0.0), (0.0, 1.0, -0.0), (0.0, 1.0, -0.0), (0.0, 1.0, -0.0), (0.0, 1.0, -0.0), (0.0, 1.0, -0.0), (0.17365, 0.98481, 0.0), (0.16929, 0.98481, 0.03864), (0.15645, 0.98481, 0.07534), (0.13576, 0.98481, 0.10827), (0.10827, 0.98481, 0.13576), (0.07534, 0.98481, 0.15645), (0.03864, 0.98481, 0.16929), (0.0, 0.98481, 0.17365), (-0.03864, 0.98481, 0.16929), (-0.07534, 0.98481, 0.15645), (-0.10827, 0.98481, 0.13576), (-0.13576, 0.98481, 0.10827), (-0.15645, 0.98481, 0.07534), (-0.16929, 0.98481, 0.03864), (-0.17365, 0.98481, 0.0), (-0.16929, 0.98481, -0.03864), (-0.15645, 0.98481, -0.07534), (-0.13576, 0.98481, -0.10827), (-0.10827, 0.98481, -0.13576), (-0.07534, 0.98481, -0.15645), (-0.03864, 0.98481, -0.16929), (0.0, 0.98481, -0.17365), (0.03864, 0.98481, -0.16929), (0.07534, 0.98481, -0.15645), (0.10827, 0.98481, -0.13576), (0.13576, 0.98481, -0.10827), (0.15645, 0.98481, -0.07534), (0.16929, 0.98481, -0.03864), (0.34202, 0.93969, 0.0), (0.33344, 0.93969, 0.07611), (0.30815, 0.93969, 0.1484), (0.2674, 0.93969, 0.21325), (0.21325, 0.93969, 0.2674), (0.1484, 0.93969, 0.30815), (0.07611, 0.93969, 0.33344), (0.0, 0.93969, 0.34202), (-0.07611, 0.93969, 0.33344), (-0.1484, 0.93969, 0.30815), (-0.21325, 0.93969, 0.2674), (-0.2674, 0.93969, 0.21325), (-0.30815, 0.93969, 0.1484), (-0.33344, 0.93969, 0.07611), (-0.34202, 0.93969, 0.0), (-0.33345, 0.93969, -0.07611), (-0.30815, 0.93969, -0.1484), (-0.2674, 0.93969, -0.21325), (-0.21325, 0.93969, -0.2674), (-0.1484, 0.93969, -0.30815), (-0.07611, 0.93969, -0.33344), (0.0, 0.93969, -0.34202), (0.07611, 0.93969, -0.33345), (0.1484, 0.93969, -0.30815), (0.21325, 0.93969, -0.2674), (0.2674, 0.93969, -0.21325), (0.30815, 0.93969, -0.1484), (0.33344, 0.93969, -0.07611), (0.5, 0.86603, 0.0), (0.48746, 0.86603, 0.11126), (0.45048, 0.86603, 0.21694), (0.39092, 0.86603, 0.31174), (0.31174, 0.86603, 0.39092), (0.21694, 0.86603, 0.45048), (0.11126, 0.86603, 0.48746), (0.0, 0.86603, 0.5), (-0.11126, 0.86603, 0.48746), (-0.21694, 0.86603, 0.45048), (-0.31174, 0.86603, 0.39092), (-0.39092, 0.86603, 0.31174), (-0.45048, 0.86603, 0.21694), (-0.48746, 0.86603, 0.11126), (-0.5, 0.86603, 0.0), (-0.48746, 0.86603, -0.11126), (-0.45048, 0.86603, -0.21694), (-0.39092, 0.86603, -0.31174), (-0.31175, 0.86603, -0.39092), (-0.21694, 0.86603, -0.45048), (-0.11126, 0.86603, -0.48746), (0.0, 0.86603, -0.5), (0.11126, 0.86603, -0.48746), (0.21694, 0.86603, -0.45048), (0.31174, 0.86603, -0.39092), (0.39092, 0.86603, -0.31174), (0.45048, 0.86603, -0.21694), (0.48746, 0.86603, -0.11126), (0.64279, 0.76604, 0.0), (0.62667, 0.76604, 0.14303), (0.57913, 0.76604, 0.2789), (0.50255, 0.76604, 0.40077), (0.40077, 0.76604, 0.50255), (0.2789, 0.76604, 0.57913), (0.14303, 0.76604, 0.62667), (0.0, 0.76604, 0.64279), (-0.14303, 0.76604, 0.62667), (-0.2789, 0.76604, 0.57913), (-0.40077, 0.76604, 0.50255), (-0.50255, 0.76604, 0.40077), (-0.57913, 0.76604, 0.2789), (-0.62667, 0.76604, 0.14303), (-0.64279, 0.76604, 0.0), (-0.62667, 0.76604, -0.14303), (-0.57913, 0.76604, -0.2789), (-0.50255, 0.76604, -0.40077), (-0.40077, 0.76604, -0.50255), (-0.2789, 0.76604, -0.57913), (-0.14303, 0.76604, -0.62667), (0.0, 0.76604, -0.64279), (0.14303, 0.76604, -0.62667), (0.27889, 0.76604, -0.57913), (0.40077, 0.76604, -0.50255), (0.50255, 0.76604, -0.40077), (0.57913, 0.76604, -0.2789), (0.62667, 0.76604, -0.14303), (0.76604, 0.64279, 0.0), (0.74684, 0.64279, 0.17046), (0.69018, 0.64279, 0.33237), (0.59892, 0.64279, 0.47762), (0.47762, 0.64279, 0.59892), (0.33237, 0.64279, 0.69018), (0.17046, 0.64279, 0.74684), (0.0, 0.64279, 0.76604), (-0.17046, 0.64279, 0.74684), (-0.33237, 0.64279, 0.69018), (-0.47762, 0.64279, 0.59892), (-0.59892, 0.64279, 0.47762), (-0.69018, 0.64279, 0.33237), (-0.74684, 0.64279, 0.17046), (-0.76604, 0.64279, 0.0), (-0.74684, 0.64279, -0.17046), (-0.69018, 0.64279, -0.33237), (-0.59892, 0.64279, -0.47762), (-0.47762, 0.64279, -0.59892), (-0.33237, 0.64279, -0.69018), (-0.17046, 0.64279, -0.74684), (0.0, 0.64279, -0.76604), (0.17046, 0.64279, -0.74684), (0.33237, 0.64279, -0.69018), (0.47762, 0.64279, -0.59892), (0.59892, 0.64279, -0.47762), (0.69018, 0.64279, -0.33237), (0.74684, 0.64279, -0.17046), (0.86603, 0.5, 0.0), (0.84431, 0.5, 0.19271), (0.78026, 0.5, 0.37575), (0.67709, 0.5, 0.53996), (0.53996, 0.5, 0.67709), (0.37575, 0.5, 0.78026), (0.19271, 0.5, 0.84431), (0.0, 0.5, 0.86603), (-0.19271, 0.5, 0.84431), (-0.37575, 0.5, 0.78026), (-0.53996, 0.5, 0.67709), (-0.67709, 0.5, 0.53996), (-0.78026, 0.5, 0.37575), (-0.84431, 0.5, 0.19271), (-0.86603, 0.5, 0.0), (-0.84431, 0.5, -0.19271), (-0.78026, 0.5, -0.37575), (-0.67709, 0.5, -0.53996), (-0.53996, 0.5, -0.67709), (-0.37575, 0.5, -0.78026), (-0.19271, 0.5, -0.84431), (0.0, 0.5, -0.86603), (0.19271, 0.5, -0.84431), (0.37575, 0.5, -0.78026), (0.53996, 0.5, -0.67709), (0.67709, 0.5, -0.53996), (0.78026, 0.5, -0.37575), (0.84431, 0.5, -0.19271), (0.93969, 0.34202, 0.0), (0.91613, 0.34202, 0.2091), (0.84663, 0.34202, 0.40772), (0.73468, 0.34202, 0.58589), (0.58589, 0.34202, 0.73468), (0.40772, 0.34202, 0.84663), (0.2091, 0.34202, 0.91613), (0.0, 0.34202, 0.93969), (-0.2091, 0.34202, 0.91613), (-0.40772, 0.34202, 0.84663), (-0.58589, 0.34202, 0.73468), (-0.73468, 0.34202, 0.58589), (-0.84663, 0.34202, 0.40772), (-0.91613, 0.34202, 0.2091), (-0.93969, 0.34202, 0.0), (-0.91613, 0.34202, -0.2091), (-0.84663, 0.34202, -0.40772), (-0.73468, 0.34202, -0.58589), (-0.58589, 0.34202, -0.73468), (-0.40772, 0.34202, -0.84663), (-0.2091, 0.34202, -0.91613), (0.0, 0.34202, -0.93969), (0.2091, 0.34202, -0.91613), (0.40772, 0.34202, -0.84663), (0.58589, 0.34202, -0.73468), (0.73468, 0.34202, -0.58589), (0.84663, 0.34202, -0.40772), (0.91613, 0.34202, -0.2091), (0.98481, 0.17365, 0.0), (0.96012, 0.17365, 0.21914), (0.88728, 0.17365, 0.42729), (0.76995, 0.17365, 0.61402), (0.61402, 0.17365, 0.76995), (0.42729, 0.17365, 0.88728), (0.21914, 0.17365, 0.96012), (0.0, 0.17365, 0.98481), (-0.21914, 0.17365, 0.96012), (-0.42729, 0.17365, 0.88728), (-0.61402, 0.17365, 0.76995), (-0.76995, 0.17365, 0.61402), (-0.88728, 0.17365, 0.42729), (-0.96012, 0.17365, 0.21914), (-0.98481, 0.17365, 0.0), (-0.96012, 0.17365, -0.21914), (-0.88728, 0.17365, -0.42729), (-0.76995, 0.17365, -0.61402), (-0.61402, 0.17365, -0.76995), (-0.42729, 0.17365, -0.88728), (-0.21914, 0.17365, -0.96012), (0.0, 0.17365, -0.98481), (0.21914, 0.17365, -0.96012), (0.42729, 0.17365, -0.88728), (0.61402, 0.17365, -0.76995), (0.76995, 0.17365, -0.61402), (0.88728, 0.17365, -0.42729), (0.96012, 0.17365, -0.21914), (1.0, 0.0, 0.0), (0.97493, 0.0, 0.22252), (0.90097, 0.0, 0.43388), (0.78183, 0.0, 0.62349), (0.62349, 0.0, 0.78183), (0.43388, 0.0, 0.90097), (0.22252, 0.0, 0.97493), (0.0, 0.0, 1.0), (-0.22252, 0.0, 0.97493), (-0.43388, 0.0, 0.90097), (-0.62349, 0.0, 0.78183), (-0.78183, 0.0, 0.62349), (-0.90097, 0.0, 0.43388), (-0.97493, 0.0, 0.22252), (-1.0, 0.0, 0.0), (-0.97493, 0.0, -0.22252), (-0.90097, 0.0, -0.43388), (-0.78183, 0.0, -0.62349), (-0.62349, 0.0, -0.78183), (-0.43388, 0.0, -0.90097), (-0.22252, 0.0, -0.97493), (0.0, 0.0, -1.0), (0.22252, 0.0, -0.97493), (0.43388, 0.0, -0.90097), (0.62349, 0.0, -0.78183), (0.78183, 0.0, -0.62349), (0.90097, 0.0, -0.43388), (0.97493, 0.0, -0.22252), (0.98481, -0.17365, 0.0), (0.96012, -0.17365, 0.21914), (0.88728, -0.17365, 0.42729), (0.76995, -0.17365, 0.61402), (0.61402, -0.17365, 0.76995), (0.42729, -0.17365, 0.88728), (0.21914, -0.17365, 0.96012), (0.0, -0.17365, 0.98481), (-0.21914, -0.17365, 0.96012), (-0.42729, -0.17365, 0.88728), (-0.61402, -0.17365, 0.76995), (-0.76995, -0.17365, 0.61402), (-0.88728, -0.17365, 0.42729), (-0.96012, -0.17365, 0.21914), (-0.98481, -0.17365, 0.0), (-0.96012, -0.17365, -0.21914), (-0.88728, -0.17365, -0.42729), (-0.76995, -0.17365, -0.61402), (-0.61402, -0.17365, -0.76995), (-0.42729, -0.17365, -0.88728), (-0.21914, -0.17365, -0.96012), (0.0, -0.17365, -0.98481), (0.21914, -0.17365, -0.96012), (0.42729, -0.17365, -0.88728), (0.61402, -0.17365, -0.76995), (0.76995, -0.17365, -0.61402), (0.88728, -0.17365, -0.42729), (0.96012, -0.17365, -0.21914), (0.93969, -0.34202, 0.0), (0.91613, -0.34202, 0.2091), (0.84663, -0.34202, 0.40772), (0.73468, -0.34202, 0.58589), (0.58589, -0.34202, 0.73468), (0.40772, -0.34202, 0.84663), (0.2091, -0.34202, 0.91613), (0.0, -0.34202, 0.93969), (-0.2091, -0.34202, 0.91613), (-0.40772, -0.34202, 0.84663), (-0.58589, -0.34202, 0.73468), (-0.73468, -0.34202, 0.58589), (-0.84663, -0.34202, 0.40772), (-0.91613, -0.34202, 0.2091), (-0.93969, -0.34202, 0.0), (-0.91613, -0.34202, -0.2091), (-0.84663, -0.34202, -0.40772), (-0.73468, -0.34202, -0.58589), (-0.58589, -0.34202, -0.73468), (-0.40772, -0.34202, -0.84663), (-0.2091, -0.34202, -0.91613), (0.0, -0.34202, -0.93969), (0.2091, -0.34202, -0.91613), (0.40772, -0.34202, -0.84663), (0.58589, -0.34202, -0.73468), (0.73468, -0.34202, -0.58589), (0.84663, -0.34202, -0.40772), (0.91613, -0.34202, -0.2091), (0.86603, -0.5, 0.0), (0.84431, -0.5, 0.19271), (0.78026, -0.5, 0.37575), (0.67709, -0.5, 0.53996), (0.53996, -0.5, 0.67709), (0.37575, -0.5, 0.78026), (0.19271, -0.5, 0.84431), (0.0, -0.5, 0.86603), (-0.19271, -0.5, 0.84431), (-0.37575, -0.5, 0.78026), (-0.53996, -0.5, 0.67709), (-0.67709, -0.5, 0.53996), (-0.78026, -0.5, 0.37575), (-0.84431, -0.5, 0.19271), (-0.86603, -0.5, 0.0), (-0.84431, -0.5, -0.19271), (-0.78026, -0.5, -0.37575), (-0.67709, -0.5, -0.53996), (-0.53996, -0.5, -0.67709), (-0.37575, -0.5, -0.78026), (-0.19271, -0.5, -0.84431), (0.0, -0.5, -0.86603), (0.19271, -0.5, -0.84431), (0.37575, -0.5, -0.78026), (0.53996, -0.5, -0.67709), (0.67709, -0.5, -0.53996), (0.78026, -0.5, -0.37575), (0.84431, -0.5, -0.19271), (0.76604, -0.64279, 0.0), (0.74684, -0.64279, 0.17046), (0.69018, -0.64279, 0.33237), (0.59892, -0.64279, 0.47762), (0.47762, -0.64279, 0.59892), (0.33237, -0.64279, 0.69018), (0.17046, -0.64279, 0.74684), (0.0, -0.64279, 0.76604), (-0.17046, -0.64279, 0.74684), (-0.33237, -0.64279, 0.69018), (-0.47762, -0.64279, 0.59892), (-0.59892, -0.64279, 0.47762), (-0.69018, -0.64279, 0.33237), (-0.74684, -0.64279, 0.17046), (-0.76604, -0.64279, 0.0), (-0.74684, -0.64279, -0.17046), (-0.69018, -0.64279, -0.33237), (-0.59892, -0.64279, -0.47762), (-0.47762, -0.64279, -0.59892), (-0.33237, -0.64279, -0.69018), (-0.17046, -0.64279, -0.74684), (0.0, -0.64279, -0.76604), (0.17046, -0.64279, -0.74684), (0.33237, -0.64279, -0.69018), (0.47762, -0.64279, -0.59892), (0.59892, -0.64279, -0.47762), (0.69018, -0.64279, -0.33237), (0.74684, -0.64279, -0.17046), (0.64279, -0.76604, 0.0), (0.62667, -0.76604, 0.14303), (0.57913, -0.76604, 0.2789), (0.50255, -0.76604, 0.40077), (0.40077, -0.76604, 0.50255), (0.2789, -0.76604, 0.57913), (0.14303, -0.76604, 0.62667), (0.0, -0.76604, 0.64279), (-0.14303, -0.76604, 0.62667), (-0.2789, -0.76604, 0.57913), (-0.40077, -0.76604, 0.50255), (-0.50255, -0.76604, 0.40077), (-0.57913, -0.76604, 0.2789), (-0.62667, -0.76604, 0.14303), (-0.64279, -0.76604, 0.0), (-0.62667, -0.76604, -0.14303), (-0.57913, -0.76604, -0.2789), (-0.50255, -0.76604, -0.40077), (-0.40077, -0.76604, -0.50255), (-0.2789, -0.76604, -0.57913), (-0.14303, -0.76604, -0.62667), (0.0, -0.76604, -0.64279), (0.14303, -0.76604, -0.62667), (0.27889, -0.76604, -0.57913), (0.40077, -0.76604, -0.50255), (0.50255, -0.76604, -0.40077), (0.57913, -0.76604, -0.2789), (0.62667, -0.76604, -0.14303), (0.5, -0.86603, 0.0), (0.48746, -0.86603, 0.11126), (0.45048, -0.86603, 0.21694), (0.39092, -0.86603, 0.31175), (0.31175, -0.86603, 0.39092), (0.21694, -0.86603, 0.45048), (0.11126, -0.86603, 0.48746), (0.0, -0.86603, 0.5), (-0.11126, -0.86603, 0.48746), (-0.21694, -0.86603, 0.45048), (-0.31175, -0.86603, 0.39092), (-0.39092, -0.86603, 0.31175), (-0.45048, -0.86603, 0.21694), (-0.48746, -0.86603, 0.11126), (-0.5, -0.86603, 0.0), (-0.48746, -0.86603, -0.11126), (-0.45048, -0.86603, -0.21694), (-0.39092, -0.86603, -0.31175), (-0.31175, -0.86603, -0.39092), (-0.21694, -0.86603, -0.45048), (-0.11126, -0.86603, -0.48746), (0.0, -0.86603, -0.5), (0.11126, -0.86603, -0.48746), (0.21694, -0.86603, -0.45048), (0.31174, -0.86603, -0.39092), (0.39092, -0.86603, -0.31175), (0.45048, -0.86603, -0.21694), (0.48746, -0.86603, -0.11126), (0.34202, -0.93969, 0.0), (0.33345, -0.93969, 0.07611), (0.30815, -0.93969, 0.1484), (0.2674, -0.93969, 0.21325), (0.21325, -0.93969, 0.2674), (0.1484, -0.93969, 0.30815), (0.07611, -0.93969, 0.33345), (0.0, -0.93969, 0.34202), (-0.07611, -0.93969, 0.33345), (-0.1484, -0.93969, 0.30815), (-0.21325, -0.93969, 0.2674), (-0.2674, -0.93969, 0.21325), (-0.30815, -0.93969, 0.1484), (-0.33345, -0.93969, 0.07611), (-0.34202, -0.93969, 0.0), (-0.33345, -0.93969, -0.07611), (-0.30815, -0.93969, -0.1484), (-0.2674, -0.93969, -0.21325), (-0.21325, -0.93969, -0.2674), (-0.1484, -0.93969, -0.30815), (-0.07611, -0.93969, -0.33345), (0.0, -0.93969, -0.34202), (0.07611, -0.93969, -0.33345), (0.1484, -0.93969, -0.30815), (0.21325, -0.93969, -0.2674), (0.2674, -0.93969, -0.21325), (0.30815, -0.93969, -0.1484), (0.33345, -0.93969, -0.07611), (0.17365, -0.98481, 0.0), (0.16929, -0.98481, 0.03864), (0.15645, -0.98481, 0.07534), (0.13576, -0.98481, 0.10827), (0.10827, -0.98481, 0.13576), (0.07534, -0.98481, 0.15645), (0.03864, -0.98481, 0.16929), (0.0, -0.98481, 0.17365), (-0.03864, -0.98481, 0.16929), (-0.07534, -0.98481, 0.15645), (-0.10827, -0.98481, 0.13576), (-0.13576, -0.98481, 0.10827), (-0.15645, -0.98481, 0.07534), (-0.16929, -0.98481, 0.03864), (-0.17365, -0.98481, 0.0), (-0.16929, -0.98481, -0.03864), (-0.15645, -0.98481, -0.07534), (-0.13576, -0.98481, -0.10827), (-0.10827, -0.98481, -0.13576), (-0.07534, -0.98481, -0.15645), (-0.03864, -0.98481, -0.16929), (0.0, -0.98481, -0.17365), (0.03864, -0.98481, -0.16929), (0.07534, -0.98481, -0.15645), (0.10827, -0.98481, -0.13576), (0.13576, -0.98481, -0.10827), (0.15645, -0.98481, -0.07534), (0.16929, -0.98481, -0.03864), (0.0, -1.0, 0.0), (0.0, -1.0, 0.0), (0.0, -1.0, 0.0), (0.0, -1.0, 0.0), (0.0, -1.0, 0.0), (0.0, -1.0, 0.0), (0.0, -1.0, 0.0), (0.0, -1.0, 0.0), (-0.0, -1.0, 0.0), (-0.0, -1.0, 0.0), (-0.0, -1.0, 0.0), (-0.0, -1.0, 0.0), (-0.0, -1.0, 0.0), (-0.0, -1.0, 0.0), (-0.0, -1.0, 0.0), (-0.0, -1.0, -0.0), (-0.0, -1.0, -0.0), (-0.0, -1.0, -0.0), (-0.0, -1.0, -0.0), (-0.0, -1.0, -0.0), (-0.0, -1.0, -0.0), (0.0, -1.0, -0.0), (0.0, -1.0, -0.0), (0.0, -1.0, -0.0), (0.0, -1.0, -0.0), (0.0, -1.0, -0.0), (0.0, -1.0, -0.0), (0.0, -1.0, -0.0)] (
                interpolation = "vertex"
            )
            int[] faceVertexCounts = [3, 3, 3, 3, 3, 3, 3, 3, 3, 3, 3, 3, 3, 3, 3, 3, 3, 3, 3, 3, 3, 3, 3, 3, 3, 3, 3, 3, 4, 4, 4, 4, 4, 4, 4, 4, 4, 4, 4, 4, 4, 4, 4, 4, 4, 4, 4, 4, 4, 4, 4, 4, 4, 4, 4, 4, 4, 4, 4, 4, 4, 4, 4, 4, 4, 4, 4, 4, 4, 4, 4, 4, 4, 4, 4, 4, 4, 4, 4, 4, 4, 4, 4, 4, 4, 4, 4, 4, 4, 4, 4, 4, 4, 4, 4, 4, 4, 4, 4, 4, 4, 4, 4, 4, 4, 4, 4, 4, 4, 4, 4, 4, 4, 4, 4, 4, 4, 4, 4, 4, 4, 4, 4, 4, 4, 4, 4, 4, 4, 4, 4, 4, 4, 4, 4, 4, 4, 4, 4, 4, 4, 4, 4, 4, 4, 4, 4, 4, 4, 4, 4, 4, 4, 4, 4, 4, 4, 4, 4, 4, 4, 4, 4, 4, 4, 4, 4, 4, 4, 4, 4, 4, 4, 4, 4, 4, 4, 4, 4, 4, 4, 4, 4, 4, 4, 4, 4, 4, 4, 4, 4, 4, 4, 4, 4, 4, 4, 4, 4, 4, 4, 4, 4, 4, 4, 4, 4, 4, 4, 4, 4, 4, 4, 4, 4, 4, 4, 4, 4, 4, 4, 4, 4, 4, 4, 4, 4, 4, 4, 4, 4, 4, 4, 4, 4, 4, 4, 4, 4, 4, 4, 4, 4, 4, 4, 4, 4, 4, 4, 4, 4, 4, 4, 4, 4, 4, 4, 4, 4, 4, 4, 4, 4, 4, 4, 4, 4, 4, 4, 4, 4, 4, 4, 4, 4, 4, 4, 4, 4, 4, 4, 4, 4, 4, 4, 4, 4, 4, 4, 4, 4, 4, 4, 4, 4, 4, 4, 4, 4, 4, 4, 4, 4, 4, 4, 4, 4, 4, 4, 4, 4, 4, 4, 4, 4, 4, 4, 4, 4, 4, 4, 4, 4, 4, 4, 4, 4, 4, 4, 4, 4, 4, 4, 4, 4, 4, 4, 4, 4, 4, 4, 4, 4, 4, 4, 4, 4, 4, 4, 4, 4, 4, 4, 4, 4, 4, 4, 4, 4, 4, 4, 4, 4, 4, 4, 4, 4, 4, 4, 4, 4, 4, 4, 4, 4, 4, 4, 4, 4, 4, 4, 4, 4, 4, 4, 4, 4, 4, 4, 4, 4, 4, 4, 4, 4, 4, 4, 4, 4, 4, 4, 4, 4, 4, 4, 4, 4, 4, 4, 4, 4, 4, 4, 4, 4, 4, 4, 4, 4, 4, 4, 4, 4, 4, 4, 4, 4, 4, 4, 4, 4, 4, 4, 4, 4, 4, 4, 4, 4, 4, 4, 4, 4, 4, 4, 4, 4, 4, 4, 4, 4, 4, 4, 4, 4, 4, 4, 4, 4, 4, 4, 4, 4, 4, 4, 4, 4, 4, 4, 4, 4, 4, 4, 4, 4, 4, 3, 3, 3, 3, 3, 3, 3, 3, 3, 3, 3, 3, 3, 3, 3, 3, 3, 3, 3, 3, 3, 3, 3, 3, 3, 3, 3, 3]
            int[] faceVertexIndices = [0, 29, 28, 1, 30, 29, 2, 31, 30, 3, 32, 31, 4, 33, 32, 5, 34, 33, 6, 35, 34, 7, 36, 35, 8, 37, 36, 9, 38, 37, 10, 39, 38, 11, 40, 39, 12, 41, 40, 13, 42, 41, 14, 43, 42, 15, 44, 43, 16, 45, 44, 17, 46, 45, 18, 47, 46, 19, 48, 47, 20, 49, 48, 21, 50, 49, 22, 51, 50, 23, 52, 51, 24, 53, 52, 25, 54, 53, 26, 55, 54, 27, 28, 55, 28, 29, 57, 56, 29, 30, 58, 57, 30, 31, 59, 58, 31, 32, 60, 59, 32, 33, 61, 60, 33, 34, 62, 61, 34, 35, 63, 62, 35, 36, 64, 63, 36, 37, 65, 64, 37, 38, 66, 65, 38, 39, 67, 66, 39, 40, 68, 67, 40, 41, 69, 68, 41, 42, 70, 69, 42, 43, 71, 70, 43, 44, 72, 71, 44, 45, 73, 72, 45, 46, 74, 73, 46, 47, 75, 74, 47, 48, 76, 75, 48, 49, 77, 76, 49, 50, 78, 77, 50, 51, 79, 78, 51, 52, 80, 79, 52, 53, 81, 80, 53, 54, 82, 81, 54, 55, 83, 82, 55, 28, 56, 83, 56, 57, 85, 84, 57, 58, 86, 85, 58, 59, 87, 86, 59, 60, 88, 87, 60, 61, 89, 88, 61, 62, 90, 89, 62, 63, 91, 90, 63, 64, 92, 91, 64, 65, 93, 92, 65, 66, 94, 93, 66, 67, 95, 94, 67, 68, 96, 95, 68, 69, 97, 96, 69, 70, 98, 97, 70, 71, 99, 98, 71, 72, 100, 99, 72, 73, 101, 100, 73, 74, 102, 101, 74, 75, 103, 102, 75, 76, 104, 103, 76, 77, 105, 104, 77, 78, 106, 105, 78, 79, 107, 106, 79, 80, 108, 107, 80, 81, 109, 108, 81, 82, 110, 109, 82, 83, 111, 110, 83, 56, 84, 111, 84, 85, 113, 112, 85, 86, 114, 113, 86, 87, 115, 114, 87, 88, 116, 115, 88, 89, 117, 116, 89, 90, 118, 117, 90, 91, 119, 118, 91, 92, 120, 119, 92, 93, 121, 120, 93, 94, 122, 121, 94, 95, 123, 122, 95, 96, 124, 123, 96, 97, 125, 124, 97, 98, 126, 125, 98, 99, 127, 126, 99, 100, 128, 127, 100, 101, 129, 128, 101, 102, 130, 129, 102, 103, 131, 130, 103, 104, 132, 131, 104, 105, 133, 132, 105, 106, 134, 133, 106, 107, 135, 134, 107, 108, 136, 135, 108, 109, 137, 136, 109, 110, 138, 137, 110, 111, 139, 138, 111, 84, 112, 139, 112, 113, 141, 140, 113, 114, 142, 141, 114, 115, 143, 142, 115, 116, 144, 143, 116, 117, 145, 144, 117, 118, 146, 145, 118, 119, 147, 146, 119, 120, 148, 147, 120, 121, 149, 148, 121, 122, 150, 149, 122, 123, 151, 150, 123, 124, 152, 151, 124, 125, 153, 152, 125, 126, 154, 153, 126, 127, 155, 154, 127, 128, 156, 155, 128, 129, 157, 156, 129, 130, 158, 157, 130, 131, 159, 158, 131, 132, 160, 159, 132, 133, 161, 160, 133, 134, 162, 161, 134, 135, 163, 162, 135, 136, 164, 163, 136, 137, 165, 164, 137, 138, 166, 165, 138, 139, 167, 166, 139, 112, 140, 167, 140, 141, 169, 168, 141, 142, 170, 169, 142, 143, 171, 170, 143, 144, 172, 171, 144, 145, 173, 172, 145, 146, 174, 173, 146, 147, 175, 174, 147, 148, 176, 175, 148, 149, 177, 176, 149, 150, 178, 177, 150, 151, 179, 178, 151, 152, 180, 179, 152, 153, 181, 180, 153, 154, 182, 181, 154, 155, 183, 182, 155, 156, 184, 183, 156, 157, 185, 184, 157, 158, 186, 185, 158, 159, 187, 186, 159, 160, 188, 187, 160, 161, 189, 188, 161, 162, 190, 189, 162, 163, 191, 190, 163, 164, 192, 191, 164, 165, 193, 192, 165, 166, 194, 193, 166, 167, 195, 194, 167, 140, 168, 195, 168, 169, 197, 196, 169, 170, 198, 197, 170, 171, 199, 198, 171, 172, 200, 199, 172, 173, 201, 200, 173, 174, 202, 201, 174, 175, 203, 202, 175, 176, 204, 203, 176, 177, 205, 204, 177, 178, 206, 205, 178, 179, 207, 206, 179, 180, 208, 207, 180, 181, 209, 208, 181, 182, 210, 209, 182, 183, 211, 210, 183, 184, 212, 211, 184, 185, 213, 212, 185, 186, 214, 213, 186, 187, 215, 214, 187, 188, 216, 215, 188, 189, 217, 216, 189, 190, 218, 217, 190, 191, 219, 218, 191, 192, 220, 219, 192, 193, 221, 220, 193, 194, 222, 221, 194, 195, 223, 222, 195, 168, 196, 223, 196, 197, 225, 224, 197, 198, 226, 225, 198, 199, 227, 226, 199, 200, 228, 227, 200, 201, 229, 228, 201, 202, 230, 229, 202, 203, 231, 230, 203, 204, 232, 231, 204, 205, 233, 232, 205, 206, 234, 233, 206, 207, 235, 234, 207, 208, 236, 235, 208, 209, 237, 236, 209, 210, 238, 237, 210, 211, 239, 238, 211, 212, 240, 239, 212, 213, 241, 240, 213, 214, 242, 241, 214, 215, 243, 242, 215, 216, 244, 243, 216, 217, 245, 244, 217, 218, 246, 245, 218, 219, 247, 246, 219, 220, 248, 247, 220, 221, 249, 248, 221, 222, 250, 249, 222, 223, 251, 250, 223, 196, 224, 251, 224, 225, 253, 252, 225, 226, 254, 253, 226, 227, 255, 254, 227, 228, 256, 255, 228, 229, 257, 256, 229, 230, 258, 257, 230, 231, 259, 258, 231, 232, 260, 259, 232, 233, 261, 260, 233, 234, 262, 261, 234, 235, 263, 262, 235, 236, 264, 263, 236, 237, 265, 264, 237, 238, 266, 265, 238, 239, 267, 266, 239, 240, 268, 267, 240, 241, 269, 268, 241, 242, 270, 269, 242, 243, 271, 270, 243, 244, 272, 271, 244, 245, 273, 272, 245, 246, 274, 273, 246, 247, 275, 274, 247, 248, 276, 275, 248, 249, 277, 276, 249, 250, 278, 277, 250, 251, 279, 278, 251, 224, 252, 279, 252, 253, 281, 280, 253, 254, 282, 281, 254, 255, 283, 282, 255, 256, 284, 283, 256, 257, 285, 284, 257, 258, 286, 285, 258, 259, 287, 286, 259, 260, 288, 287, 260, 261, 289, 288, 261, 262, 290, 289, 262, 263, 291, 290, 263, 264, 292, 291, 264, 265, 293, 292, 265, 266, 294, 293, 266, 267, 295, 294, 267, 268, 296, 295, 268, 269, 297, 296, 269, 270, 298, 297, 270, 271, 299, 298, 271, 272, 300, 299, 272, 273, 301, 300, 273, 274, 302, 301, 274, 275, 303, 302, 275, 276, 304, 303, 276, 277, 305, 304, 277, 278, 306, 305, 278, 279, 307, 306, 279, 252, 280, 307, 280, 281, 309, 308, 281, 282, 310, 309, 282, 283, 311, 310, 283, 284, 312, 311, 284, 285, 313, 312, 285, 286, 314, 313, 286, 287, 315, 314, 287, 288, 316, 315, 288, 289, 317, 316, 289, 290, 318, 317, 290, 291, 319, 318, 291, 292, 320, 319, 292, 293, 321, 320, 293, 294, 322, 321, 294, 295, 323, 322, 295, 296, 324, 323, 296, 297, 325, 324, 297, 298, 326, 325, 298, 299, 327, 326, 299, 300, 328, 327, 300, 301, 329, 328, 301, 302, 330, 329, 302, 303, 331, 330, 303, 304, 332, 331, 304, 305, 333, 332, 305, 306, 334, 333, 306, 307, 335, 334, 307, 280, 308, 335, 308, 309, 337, 336, 309, 310, 338, 337, 310, 311, 339, 338, 311, 312, 340, 339, 312, 313, 341, 340, 313, 314, 342, 341, 314, 315, 343, 342, 315, 316, 344, 343, 316, 317, 345, 344, 317, 318, 346, 345, 318, 319, 347, 346, 319, 320, 348, 347, 320, 321, 349, 348, 321, 322, 350, 349, 322, 323, 351, 350, 323, 324, 352, 351, 324, 325, 353, 352, 325, 326, 354, 353, 326, 327, 355, 354, 327, 328, 356, 355, 328, 329, 357, 356, 329, 330, 358, 357, 330, 331, 359, 358, 331, 332, 360, 359, 332, 333, 361, 360, 333, 334, 362, 361, 334, 335, 363, 362, 335, 308, 336, 363, 336, 337, 365, 364, 337, 338, 366, 365, 338, 339, 367, 366, 339, 340, 368, 367, 340, 341, 369, 368, 341, 342, 370, 369, 342, 343, 371, 370, 343, 344, 372, 371, 344, 345, 373, 372, 345, 346, 374, 373, 346, 347, 375, 374, 347, 348, 376, 375, 348, 349, 377, 376, 349, 350, 378, 377, 350, 351, 379, 378, 351, 352, 380, 379, 352, 353, 381, 380, 353, 354, 382, 381, 354, 355, 383, 382, 355, 356, 384, 383, 356, 357, 385, 384, 357, 358, 386, 385, 358, 359, 387, 386, 359, 360, 388, 387, 360, 361, 389, 388, 361, 362, 390, 389, 362, 363, 391, 390, 363, 336, 364, 391, 364, 365, 393, 392, 365, 366, 394, 393, 366, 367, 395, 394, 367, 368, 396, 395, 368, 369, 397, 396, 369, 370, 398, 397, 370, 371, 399, 398, 371, 372, 400, 399, 372, 373, 401, 400, 373, 374, 402, 401, 374, 375, 403, 402, 375, 376, 404, 403, 376, 377, 405, 404, 377, 378, 406, 405, 378, 379, 407, 406, 379, 380, 408, 407, 380, 381, 409, 408, 381, 382, 410, 409, 382, 383, 411, 410, 383, 384, 412, 411, 384, 385, 413, 412, 385, 386, 414, 413, 386, 387, 415, 414, 387, 388, 416, 415, 388, 389, 417, 416, 389, 390, 418, 417, 390, 391, 419, 418, 391, 364, 392, 419, 392, 393, 421, 420, 393, 394, 422, 421, 394, 395, 423, 422, 395, 396, 424, 423, 396, 397, 425, 424, 397, 398, 426, 425, 398, 399, 427, 426, 399, 400, 428, 427, 400, 401, 429, 428, 401, 402, 430, 429, 402, 403, 431, 430, 403, 404, 432, 431, 404, 405, 433, 432, 405, 406, 434, 433, 406, 407, 435, 434, 407, 408, 436, 435, 408, 409, 437, 436, 409, 410, 438, 437, 410, 411, 439, 438, 411, 412, 440, 439, 412, 413, 441, 440, 413, 414, 442, 441, 414, 415, 443, 442, 415, 416, 444, 443, 416, 417, 445, 444, 417, 418, 446, 445, 418, 419, 447, 446, 419, 392, 420, 447, 420, 421, 449, 448, 421, 422, 450, 449, 422, 423, 451, 450, 423, 424, 452, 451, 424, 425, 453, 452, 425, 426, 454, 453, 426, 427, 455, 454, 427, 428, 456, 455, 428, 429, 457, 456, 429, 430, 458, 457, 430, 431, 459, 458, 431, 432, 460, 459, 432, 433, 461, 460, 433, 434, 462, 461, 434, 435, 463, 462, 435, 436, 464, 463, 436, 437, 465, 464, 437, 438, 466, 465, 438, 439, 467, 466, 439, 440, 468, 467, 440, 441, 469, 468, 441, 442, 470, 469, 442, 443, 471, 470, 443, 444, 472, 471, 444, 445, 473, 472, 445, 446, 474, 473, 446, 447, 475, 474, 447, 420, 448, 475, 448, 449, 477, 476, 449, 450, 478, 477, 450, 451, 479, 478, 451, 452, 480, 479, 452, 453, 481, 480, 453, 454, 482, 481, 454, 455, 483, 482, 455, 456, 484, 483, 456, 457, 485, 484, 457, 458, 486, 485, 458, 459, 487, 486, 459, 460, 488, 487, 460, 461, 489, 488, 461, 462, 490, 489, 462, 463, 491, 490, 463, 464, 492, 491, 464, 465, 493, 492, 465, 466, 494, 493, 466, 467, 495, 494, 467, 468, 496, 495, 468, 469, 497, 496, 469, 470, 498, 497, 470, 471, 499, 498, 471, 472, 500, 499, 472, 473, 501, 500, 473, 474, 502, 501, 474, 475, 503, 502, 475, 448, 476, 503, 476, 477, 504, 477, 478, 505, 478, 479, 506, 479, 480, 507, 480, 481, 508, 481, 482, 509, 482, 483, 510, 483, 484, 511, 484, 485, 512, 485, 486, 513, 486, 487, 514, 487, 488, 515, 488, 489, 516, 489, 490, 517, 490, 491, 518, 491, 492, 519, 492, 493, 520, 493, 494, 521, 494, 495, 522, 495, 496, 523, 496, 497, 524, 497, 498, 525, 498, 499, 526, 499, 500, 527, 500, 501, 528, 501, 502, 529, 502, 503, 530, 503, 476, 531]
            rel material:binding = </Mobile/Materials/lapis>
        }
    }

    def Xform "beamA"
    {
        double3 xformOp:translate = (0, 2.72, 0)
        float3 xformOp:rotateXYZ.timeSamples = {
            0: (0, 0, 0),
            96: (0, 180, 0),
            192: (0, 360, 0)
        }
        uniform token[] xformOpOrder = ["xformOp:translate", "xformOp:rotateXYZ"]

        def Mesh "barA"
        {
            uniform token subdivisionScheme = "none"
            point3f[] points = [(-1.5, -0.03, 0.03), (1.5, -0.03, 0.03), (1.5, 0.03, 0.03), (-1.5, 0.03, 0.03), (1.5, -0.03, -0.03), (-1.5, -0.03, -0.03), (-1.5, 0.03, -0.03), (1.5, 0.03, -0.03), (1.5, -0.03, 0.03), (1.5, -0.03, -0.03), (1.5, 0.03, -0.03), (1.5, 0.03, 0.03), (-1.5, -0.03, -0.03), (-1.5, -0.03, 0.03), (-1.5, 0.03, 0.03), (-1.5, 0.03, -0.03), (-1.5, 0.03, 0.03), (1.5, 0.03, 0.03), (1.5, 0.03, -0.03), (-1.5, 0.03, -0.03), (-1.5, -0.03, -0.03), (1.5, -0.03, -0.03), (1.5, -0.03, 0.03), (-1.5, -0.03, 0.03)]
            normal3f[] normals = [(0.0, 0.0, 1.0), (0.0, 0.0, 1.0), (0.0, 0.0, 1.0), (0.0, 0.0, 1.0), (0.0, 0.0, -1.0), (0.0, 0.0, -1.0), (0.0, 0.0, -1.0), (0.0, 0.0, -1.0), (1.0, 0.0, 0.0), (1.0, 0.0, 0.0), (1.0, 0.0, 0.0), (1.0, 0.0, 0.0), (-1.0, 0.0, 0.0), (-1.0, 0.0, 0.0), (-1.0, 0.0, 0.0), (-1.0, 0.0, 0.0), (0.0, 1.0, 0.0), (0.0, 1.0, 0.0), (0.0, 1.0, 0.0), (0.0, 1.0, 0.0), (0.0, -1.0, 0.0), (0.0, -1.0, 0.0), (0.0, -1.0, 0.0), (0.0, -1.0, 0.0)] (
                interpolation = "vertex"
            )
            int[] faceVertexCounts = [4, 4, 4, 4, 4, 4]
            int[] faceVertexIndices = [0, 1, 2, 3, 4, 5, 6, 7, 8, 9, 10, 11, 12, 13, 14, 15, 16, 17, 18, 19, 20, 21, 22, 23]
            rel material:binding = </Mobile/Materials/brass>
        }

        def Xform "moonRig"
        {
            double3 xformOp:translate = (-1.45, -0.9, 0)
            uniform token[] xformOpOrder = ["xformOp:translate"]

            def Mesh "moonWire"
            {
                double3 xformOp:translate = (0.0, 0.35, 0.0)
                uniform token[] xformOpOrder = ["xformOp:translate"]
                uniform token subdivisionScheme = "none"
                point3f[] points = [(0.015, 0.0, 0.0), (0.015, 0.55, 0.0), (0.01299, 0.0, 0.0075), (0.01299, 0.55, 0.0075), (0.0075, 0.0, 0.01299), (0.0075, 0.55, 0.01299), (0.0, 0.0, 0.015), (0.0, 0.55, 0.015), (-0.0075, 0.0, 0.01299), (-0.0075, 0.55, 0.01299), (-0.01299, 0.0, 0.0075), (-0.01299, 0.55, 0.0075), (-0.015, 0.0, 0.0), (-0.015, 0.55, 0.0), (-0.01299, 0.0, -0.0075), (-0.01299, 0.55, -0.0075), (-0.0075, 0.0, -0.01299), (-0.0075, 0.55, -0.01299), (0.0, 0.0, -0.015), (0.0, 0.55, -0.015), (0.0075, 0.0, -0.01299), (0.0075, 0.55, -0.01299), (0.01299, 0.0, -0.0075), (0.01299, 0.55, -0.0075), (0.0, 0.0, 0.0), (0.0, 0.55, 0.0), (0.015, 0.0, 0.0), (0.015, 0.55, 0.0), (0.01299, 0.0, 0.0075), (0.01299, 0.55, 0.0075), (0.0075, 0.0, 0.01299), (0.0075, 0.55, 0.01299), (0.0, 0.0, 0.015), (0.0, 0.55, 0.015), (-0.0075, 0.0, 0.01299), (-0.0075, 0.55, 0.01299), (-0.01299, 0.0, 0.0075), (-0.01299, 0.55, 0.0075), (-0.015, 0.0, 0.0), (-0.015, 0.55, 0.0), (-0.01299, 0.0, -0.0075), (-0.01299, 0.55, -0.0075), (-0.0075, 0.0, -0.01299), (-0.0075, 0.55, -0.01299), (0.0, 0.0, -0.015), (0.0, 0.55, -0.015), (0.0075, 0.0, -0.01299), (0.0075, 0.55, -0.01299), (0.01299, 0.0, -0.0075), (0.01299, 0.55, -0.0075)]
                normal3f[] normals = [(1.0, 0.0, 0.0), (1.0, 0.0, 0.0), (0.86603, 0.0, 0.5), (0.86603, 0.0, 0.5), (0.5, 0.0, 0.86603), (0.5, 0.0, 0.86603), (0.0, 0.0, 1.0), (0.0, 0.0, 1.0), (-0.5, 0.0, 0.86603), (-0.5, 0.0, 0.86603), (-0.86603, 0.0, 0.5), (-0.86603, 0.0, 0.5), (-1.0, 0.0, 0.0), (-1.0, 0.0, 0.0), (-0.86603, 0.0, -0.5), (-0.86603, 0.0, -0.5), (-0.5, 0.0, -0.86603), (-0.5, 0.0, -0.86603), (0.0, 0.0, -1.0), (0.0, 0.0, -1.0), (0.5, 0.0, -0.86603), (0.5, 0.0, -0.86603), (0.86603, 0.0, -0.5), (0.86603, 0.0, -0.5), (0.0, -1.0, 0.0), (0.0, 1.0, 0.0), (0.0, -1.0, 0.0), (0.0, 1.0, 0.0), (0.0, -1.0, 0.0), (0.0, 1.0, 0.0), (0.0, -1.0, 0.0), (0.0, 1.0, 0.0), (0.0, -1.0, 0.0), (0.0, 1.0, 0.0), (0.0, -1.0, 0.0), (0.0, 1.0, 0.0), (0.0, -1.0, 0.0), (0.0, 1.0, 0.0), (0.0, -1.0, 0.0), (0.0, 1.0, 0.0), (0.0, -1.0, 0.0), (0.0, 1.0, 0.0), (0.0, -1.0, 0.0), (0.0, 1.0, 0.0), (0.0, -1.0, 0.0), (0.0, 1.0, 0.0), (0.0, -1.0, 0.0), (0.0, 1.0, 0.0), (0.0, -1.0, 0.0), (0.0, 1.0, 0.0)] (
                    interpolation = "vertex"
                )
                int[] faceVertexCounts = [4, 4, 4, 4, 4, 4, 4, 4, 4, 4, 4, 4, 3, 3, 3, 3, 3, 3, 3, 3, 3, 3, 3, 3, 3, 3, 3, 3, 3, 3, 3, 3, 3, 3, 3, 3]
                int[] faceVertexIndices = [0, 2, 3, 1, 2, 4, 5, 3, 4, 6, 7, 5, 6, 8, 9, 7, 8, 10, 11, 9, 10, 12, 13, 11, 12, 14, 15, 13, 14, 16, 17, 15, 16, 18, 19, 17, 18, 20, 21, 19, 20, 22, 23, 21, 22, 0, 1, 23, 24, 26, 28, 25, 29, 27, 24, 28, 30, 25, 31, 29, 24, 30, 32, 25, 33, 31, 24, 32, 34, 25, 35, 33, 24, 34, 36, 25, 37, 35, 24, 36, 38, 25, 39, 37, 24, 38, 40, 25, 41, 39, 24, 40, 42, 25, 43, 41, 24, 42, 44, 25, 45, 43, 24, 44, 46, 25, 47, 45, 24, 46, 48, 25, 49, 47, 24, 48, 26, 25, 27, 49]
                rel material:binding = </Mobile/Materials/brass>
            }

            def Xform "moon"
            {
                double3 xformOp:translate.timeSamples = {
                    0: (0, 0.62, 0),
                    8: (0, 0.66141, 0),
                    16: (0, 0.7, 0),
                    24: (0, 0.73314, 0),
                    32: (0, 0.75856, 0),
                    40: (0, 0.77455, 0),
                    48: (0, 0.78, 0),
                    56: (0, 0.77455, 0),
                    64: (0, 0.75856, 0),
                    72: (0, 0.73314, 0),
                    80: (0, 0.7, 0),
                    88: (0, 0.66141, 0),
                    96: (0, 0.62, 0),
                    104: (0, 0.57859, 0),
                    112: (0, 0.54, 0),
                    120: (0, 0.50686, 0),
                    128: (0, 0.48144, 0),
                    136: (0, 0.46545, 0),
                    144: (0, 0.46, 0),
                    152: (0, 0.46545, 0),
                    160: (0, 0.48144, 0),
                    168: (0, 0.50686, 0),
                    176: (0, 0.54, 0),
                    184: (0, 0.57859, 0),
                    192: (0, 0.62, 0)
                }
                uniform token[] xformOpOrder = ["xformOp:translate"]

                def Mesh "moonBall"
                {
                    uniform token subdivisionScheme = "none"
                    point3f[] points = [(0.0, 0.26, 0.0), (0.0, 0.26, 0.0), (0.0, 0.26, 0.0), (0.0, 0.26, 0.0), (0.0, 0.26, 0.0), (0.0, 0.26, 0.0), (0.0, 0.26, 0.0), (0.0, 0.26, 0.0), (-0.0, 0.26, 0.0), (-0.0, 0.26, 0.0), (-0.0, 0.26, 0.0), (-0.0, 0.26, 0.0), (-0.0, 0.26, 0.0), (-0.0, 0.26, 0.0), (-0.0, 0.26, 0.0), (-0.0, 0.26, -0.0), (-0.0, 0.26, -0.0), (-0.0, 0.26, -0.0), (-0.0, 0.26, -0.0), (-0.0, 0.26, -0.0), (-0.0, 0.26, -0.0), (0.0, 0.26, -0.0), (0.0, 0.26, -0.0), (0.0, 0.26, -0.0), (0.0, 0.26, -0.0), (0.0, 0.26, -0.0), (0.0, 0.26, -0.0), (0.0, 0.26, -0.0), (0.04515, 0.25605, 0.0), (0.04402, 0.25605, 0.01005), (0.04068, 0.25605, 0.01959), (0.0353, 0.25605, 0.02815), (0.02815, 0.25605, 0.0353), (0.01959, 0.25605, 0.04068), (0.01005, 0.25605, 0.04402), (0.0, 0.25605, 0.04515), (-0.01005, 0.25605, 0.04402), (-0.01959, 0.25605, 0.04068), (-0.02815, 0.25605, 0.0353), (-0.0353, 0.25605, 0.02815), (-0.04068, 0.25605, 0.01959), (-0.04402, 0.25605, 0.01005), (-0.04515, 0.25605, 0.0), (-0.04402, 0.25605, -0.01005), (-0.04068, 0.25605, -0.01959), (-0.0353, 0.25605, -0.02815), (-0.02815, 0.25605, -0.0353), (-0.01959, 0.25605, -0.04068), (-0.01005, 0.25605, -0.04402), (0.0, 0.25605, -0.04515), (0.01005, 0.25605, -0.04402), (0.01959, 0.25605, -0.04068), (0.02815, 0.25605, -0.0353), (0.0353, 0.25605, -0.02815), (0.04068, 0.25605, -0.01959), (0.04402, 0.25605, -0.01005), (0.08893, 0.24432, 0.0), (0.0867, 0.24432, 0.01979), (0.08012, 0.24432, 0.03858), (0.06952, 0.24432, 0.05544), (0.05544, 0.24432, 0.06952), (0.03858, 0.24432, 0.08012), (0.01979, 0.24432, 0.0867), (0.0, 0.24432, 0.08893), (-0.01979, 0.24432, 0.0867), (-0.03858, 0.24432, 0.08012), (-0.05544, 0.24432, 0.06952), (-0.06952, 0.24432, 0.05544), (-0.08012, 0.24432, 0.03858), (-0.0867, 0.24432, 0.01979), (-0.08893, 0.24432, 0.0), (-0.0867, 0.24432, -0.01979), (-0.08012, 0.24432, -0.03858), (-0.06952, 0.24432, -0.05544), (-0.05544, 0.24432, -0.06952), (-0.03858, 0.24432, -0.08012), (-0.01979, 0.24432, -0.0867), (0.0, 0.24432, -0.08893), (0.01979, 0.24432, -0.0867), (0.03858, 0.24432, -0.08012), (0.05544, 0.24432, -0.06952), (0.06952, 0.24432, -0.05544), (0.08012, 0.24432, -0.03858), (0.0867, 0.24432, -0.01979), (0.13, 0.22517, 0.0), (0.12674, 0.22517, 0.02893), (0.11713, 0.22517, 0.0564), (0.10164, 0.22517, 0.08105), (0.08105, 0.22517, 0.10164), (0.0564, 0.22517, 0.11713), (0.02893, 0.22517, 0.12674), (0.0, 0.22517, 0.13), (-0.02893, 0.22517, 0.12674), (-0.0564, 0.22517, 0.11713), (-0.08105, 0.22517, 0.10164), (-0.10164, 0.22517, 0.08105), (-0.11713, 0.22517, 0.0564), (-0.12674, 0.22517, 0.02893), (-0.13, 0.22517, 0.0), (-0.12674, 0.22517, -0.02893), (-0.11713, 0.22517, -0.0564), (-0.10164, 0.22517, -0.08105), (-0.08105, 0.22517, -0.10164), (-0.0564, 0.22517, -0.11713), (-0.02893, 0.22517, -0.12674), (0.0, 0.22517, -0.13), (0.02893, 0.22517, -0.12674), (0.0564, 0.22517, -0.11713), (0.08105, 0.22517, -0.10164), (0.10164, 0.22517, -0.08105), (0.11713, 0.22517, -0.0564), (0.12674, 0.22517, -0.02893), (0.16712, 0.19917, 0.0), (0.16293, 0.19917, 0.03719), (0.15057, 0.19917, 0.07251), (0.13066, 0.19917, 0.1042), (0.1042, 0.19917, 0.13066), (0.07251, 0.19917, 0.15057), (0.03719, 0.19917, 0.16293), (0.0, 0.19917, 0.16712), (-0.03719, 0.19917, 0.16293), (-0.07251, 0.19917, 0.15057), (-0.1042, 0.19917, 0.13066), (-0.13066, 0.19917, 0.1042), (-0.15057, 0.19917, 0.07251), (-0.16293, 0.19917, 0.03719), (-0.16712, 0.19917, 0.0), (-0.16293, 0.19917, -0.03719), (-0.15057, 0.19917, -0.07251), (-0.13066, 0.19917, -0.1042), (-0.1042, 0.19917, -0.13066), (-0.07251, 0.19917, -0.15057), (-0.03719, 0.19917, -0.16293), (0.0, 0.19917, -0.16712), (0.03719, 0.19917, -0.16293), (0.07251, 0.19917, -0.15057), (0.1042, 0.19917, -0.13066), (0.13066, 0.19917, -0.1042), (0.15057, 0.19917, -0.07251), (0.16293, 0.19917, -0.03719), (0.19917, 0.16712, 0.0), (0.19418, 0.16712, 0.04432), (0.17945, 0.16712, 0.08642), (0.15572, 0.16712, 0.12418), (0.12418, 0.16712, 0.15572), (0.08642, 0.16712, 0.17945), (0.04432, 0.16712, 0.19418), (0.0, 0.16712, 0.19917), (-0.04432, 0.16712, 0.19418), (-0.08642, 0.16712, 0.17945), (-0.12418, 0.16712, 0.15572), (-0.15572, 0.16712, 0.12418), (-0.17945, 0.16712, 0.08642), (-0.19418, 0.16712, 0.04432), (-0.19917, 0.16712, 0.0), (-0.19418, 0.16712, -0.04432), (-0.17945, 0.16712, -0.08642), (-0.15572, 0.16712, -0.12418), (-0.12418, 0.16712, -0.15572), (-0.08642, 0.16712, -0.17945), (-0.04432, 0.16712, -0.19418), (0.0, 0.16712, -0.19917), (0.04432, 0.16712, -0.19418), (0.08642, 0.16712, -0.17945), (0.12418, 0.16712, -0.15572), (0.15572, 0.16712, -0.12418), (0.17945, 0.16712, -0.08642), (0.19418, 0.16712, -0.04432), (0.22517, 0.13, 0.0), (0.21952, 0.13, 0.0501), (0.20287, 0.13, 0.0977), (0.17604, 0.13, 0.14039), (0.14039, 0.13, 0.17604), (0.0977, 0.13, 0.20287), (0.0501, 0.13, 0.21952), (0.0, 0.13, 0.22517), (-0.0501, 0.13, 0.21952), (-0.0977, 0.13, 0.20287), (-0.14039, 0.13, 0.17604), (-0.17604, 0.13, 0.14039), (-0.20287, 0.13, 0.0977), (-0.21952, 0.13, 0.0501), (-0.22517, 0.13, 0.0), (-0.21952, 0.13, -0.0501), (-0.20287, 0.13, -0.0977), (-0.17604, 0.13, -0.14039), (-0.14039, 0.13, -0.17604), (-0.0977, 0.13, -0.20287), (-0.0501, 0.13, -0.21952), (0.0, 0.13, -0.22517), (0.0501, 0.13, -0.21952), (0.0977, 0.13, -0.20287), (0.14039, 0.13, -0.17604), (0.17604, 0.13, -0.14039), (0.20287, 0.13, -0.0977), (0.21952, 0.13, -0.0501), (0.24432, 0.08893, 0.0), (0.23819, 0.08893, 0.05437), (0.22012, 0.08893, 0.10601), (0.19102, 0.08893, 0.15233), (0.15233, 0.08893, 0.19102), (0.10601, 0.08893, 0.22012), (0.05437, 0.08893, 0.23819), (0.0, 0.08893, 0.24432), (-0.05437, 0.08893, 0.23819), (-0.10601, 0.08893, 0.22012), (-0.15233, 0.08893, 0.19102), (-0.19102, 0.08893, 0.15233), (-0.22012, 0.08893, 0.10601), (-0.23819, 0.08893, 0.05437), (-0.24432, 0.08893, 0.0), (-0.23819, 0.08893, -0.05437), (-0.22012, 0.08893, -0.10601), (-0.19102, 0.08893, -0.15233), (-0.15233, 0.08893, -0.19102), (-0.10601, 0.08893, -0.22012), (-0.05437, 0.08893, -0.23819), (0.0, 0.08893, -0.24432), (0.05437, 0.08893, -0.23819), (0.10601, 0.08893, -0.22012), (0.15233, 0.08893, -0.19102), (0.19102, 0.08893, -0.15233), (0.22012, 0.08893, -0.10601), (0.23819, 0.08893, -0.05437), (0.25605, 0.04515, 0.0), (0.24963, 0.04515, 0.05698), (0.23069, 0.04515, 0.1111), (0.20019, 0.04515, 0.15964), (0.15964, 0.04515, 0.20019), (0.1111, 0.04515, 0.23069), (0.05698, 0.04515, 0.24963), (0.0, 0.04515, 0.25605), (-0.05698, 0.04515, 0.24963), (-0.1111, 0.04515, 0.23069), (-0.15964, 0.04515, 0.20019), (-0.20019, 0.04515, 0.15964), (-0.23069, 0.04515, 0.1111), (-0.24963, 0.04515, 0.05698), (-0.25605, 0.04515, 0.0), (-0.24963, 0.04515, -0.05698), (-0.23069, 0.04515, -0.1111), (-0.20019, 0.04515, -0.15964), (-0.15964, 0.04515, -0.20019), (-0.1111, 0.04515, -0.23069), (-0.05698, 0.04515, -0.24963), (0.0, 0.04515, -0.25605), (0.05698, 0.04515, -0.24963), (0.1111, 0.04515, -0.23069), (0.15964, 0.04515, -0.20019), (0.20019, 0.04515, -0.15964), (0.23069, 0.04515, -0.1111), (0.24963, 0.04515, -0.05698), (0.26, 0.0, 0.0), (0.25348, 0.0, 0.05786), (0.23425, 0.0, 0.11281), (0.20328, 0.0, 0.16211), (0.16211, 0.0, 0.20328), (0.11281, 0.0, 0.23425), (0.05786, 0.0, 0.25348), (0.0, 0.0, 0.26), (-0.05786, 0.0, 0.25348), (-0.11281, 0.0, 0.23425), (-0.16211, 0.0, 0.20328), (-0.20328, 0.0, 0.16211), (-0.23425, 0.0, 0.11281), (-0.25348, 0.0, 0.05786), (-0.26, 0.0, 0.0), (-0.25348, 0.0, -0.05786), (-0.23425, 0.0, -0.11281), (-0.20328, 0.0, -0.16211), (-0.16211, 0.0, -0.20328), (-0.11281, 0.0, -0.23425), (-0.05786, 0.0, -0.25348), (0.0, 0.0, -0.26), (0.05786, 0.0, -0.25348), (0.11281, 0.0, -0.23425), (0.16211, 0.0, -0.20328), (0.20328, 0.0, -0.16211), (0.23425, 0.0, -0.11281), (0.25348, 0.0, -0.05786), (0.25605, -0.04515, 0.0), (0.24963, -0.04515, 0.05698), (0.23069, -0.04515, 0.1111), (0.20019, -0.04515, 0.15964), (0.15964, -0.04515, 0.20019), (0.1111, -0.04515, 0.23069), (0.05698, -0.04515, 0.24963), (0.0, -0.04515, 0.25605), (-0.05698, -0.04515, 0.24963), (-0.1111, -0.04515, 0.23069), (-0.15964, -0.04515, 0.20019), (-0.20019, -0.04515, 0.15964), (-0.23069, -0.04515, 0.1111), (-0.24963, -0.04515, 0.05698), (-0.25605, -0.04515, 0.0), (-0.24963, -0.04515, -0.05698), (-0.23069, -0.04515, -0.1111), (-0.20019, -0.04515, -0.15964), (-0.15964, -0.04515, -0.20019), (-0.1111, -0.04515, -0.23069), (-0.05698, -0.04515, -0.24963), (0.0, -0.04515, -0.25605), (0.05698, -0.04515, -0.24963), (0.1111, -0.04515, -0.23069), (0.15964, -0.04515, -0.20019), (0.20019, -0.04515, -0.15964), (0.23069, -0.04515, -0.1111), (0.24963, -0.04515, -0.05698), (0.24432, -0.08893, 0.0), (0.23819, -0.08893, 0.05437), (0.22012, -0.08893, 0.10601), (0.19102, -0.08893, 0.15233), (0.15233, -0.08893, 0.19102), (0.10601, -0.08893, 0.22012), (0.05437, -0.08893, 0.23819), (0.0, -0.08893, 0.24432), (-0.05437, -0.08893, 0.23819), (-0.10601, -0.08893, 0.22012), (-0.15233, -0.08893, 0.19102), (-0.19102, -0.08893, 0.15233), (-0.22012, -0.08893, 0.10601), (-0.23819, -0.08893, 0.05437), (-0.24432, -0.08893, 0.0), (-0.23819, -0.08893, -0.05437), (-0.22012, -0.08893, -0.10601), (-0.19102, -0.08893, -0.15233), (-0.15233, -0.08893, -0.19102), (-0.10601, -0.08893, -0.22012), (-0.05437, -0.08893, -0.23819), (0.0, -0.08893, -0.24432), (0.05437, -0.08893, -0.23819), (0.10601, -0.08893, -0.22012), (0.15233, -0.08893, -0.19102), (0.19102, -0.08893, -0.15233), (0.22012, -0.08893, -0.10601), (0.23819, -0.08893, -0.05437), (0.22517, -0.13, 0.0), (0.21952, -0.13, 0.0501), (0.20287, -0.13, 0.0977), (0.17604, -0.13, 0.14039), (0.14039, -0.13, 0.17604), (0.0977, -0.13, 0.20287), (0.0501, -0.13, 0.21952), (0.0, -0.13, 0.22517), (-0.0501, -0.13, 0.21952), (-0.0977, -0.13, 0.20287), (-0.14039, -0.13, 0.17604), (-0.17604, -0.13, 0.14039), (-0.20287, -0.13, 0.0977), (-0.21952, -0.13, 0.0501), (-0.22517, -0.13, 0.0), (-0.21952, -0.13, -0.0501), (-0.20287, -0.13, -0.0977), (-0.17604, -0.13, -0.14039), (-0.14039, -0.13, -0.17604), (-0.0977, -0.13, -0.20287), (-0.0501, -0.13, -0.21952), (0.0, -0.13, -0.22517), (0.0501, -0.13, -0.21952), (0.0977, -0.13, -0.20287), (0.14039, -0.13, -0.17604), (0.17604, -0.13, -0.14039), (0.20287, -0.13, -0.0977), (0.21952, -0.13, -0.0501), (0.19917, -0.16712, 0.0), (0.19418, -0.16712, 0.04432), (0.17945, -0.16712, 0.08642), (0.15572, -0.16712, 0.12418), (0.12418, -0.16712, 0.15572), (0.08642, -0.16712, 0.17945), (0.04432, -0.16712, 0.19418), (0.0, -0.16712, 0.19917), (-0.04432, -0.16712, 0.19418), (-0.08642, -0.16712, 0.17945), (-0.12418, -0.16712, 0.15572), (-0.15572, -0.16712, 0.12418), (-0.17945, -0.16712, 0.08642), (-0.19418, -0.16712, 0.04432), (-0.19917, -0.16712, 0.0), (-0.19418, -0.16712, -0.04432), (-0.17945, -0.16712, -0.08642), (-0.15572, -0.16712, -0.12418), (-0.12418, -0.16712, -0.15572), (-0.08642, -0.16712, -0.17945), (-0.04432, -0.16712, -0.19418), (0.0, -0.16712, -0.19917), (0.04432, -0.16712, -0.19418), (0.08642, -0.16712, -0.17945), (0.12418, -0.16712, -0.15572), (0.15572, -0.16712, -0.12418), (0.17945, -0.16712, -0.08642), (0.19418, -0.16712, -0.04432), (0.16712, -0.19917, 0.0), (0.16293, -0.19917, 0.03719), (0.15057, -0.19917, 0.07251), (0.13066, -0.19917, 0.1042), (0.1042, -0.19917, 0.13066), (0.07251, -0.19917, 0.15057), (0.03719, -0.19917, 0.16293), (0.0, -0.19917, 0.16712), (-0.03719, -0.19917, 0.16293), (-0.07251, -0.19917, 0.15057), (-0.1042, -0.19917, 0.13066), (-0.13066, -0.19917, 0.1042), (-0.15057, -0.19917, 0.07251), (-0.16293, -0.19917, 0.03719), (-0.16712, -0.19917, 0.0), (-0.16293, -0.19917, -0.03719), (-0.15057, -0.19917, -0.07251), (-0.13066, -0.19917, -0.1042), (-0.1042, -0.19917, -0.13066), (-0.07251, -0.19917, -0.15057), (-0.03719, -0.19917, -0.16293), (0.0, -0.19917, -0.16712), (0.03719, -0.19917, -0.16293), (0.07251, -0.19917, -0.15057), (0.1042, -0.19917, -0.13066), (0.13066, -0.19917, -0.1042), (0.15057, -0.19917, -0.07251), (0.16293, -0.19917, -0.03719), (0.13, -0.22517, 0.0), (0.12674, -0.22517, 0.02893), (0.11713, -0.22517, 0.0564), (0.10164, -0.22517, 0.08105), (0.08105, -0.22517, 0.10164), (0.0564, -0.22517, 0.11713), (0.02893, -0.22517, 0.12674), (0.0, -0.22517, 0.13), (-0.02893, -0.22517, 0.12674), (-0.0564, -0.22517, 0.11713), (-0.08105, -0.22517, 0.10164), (-0.10164, -0.22517, 0.08105), (-0.11713, -0.22517, 0.0564), (-0.12674, -0.22517, 0.02893), (-0.13, -0.22517, 0.0), (-0.12674, -0.22517, -0.02893), (-0.11713, -0.22517, -0.0564), (-0.10164, -0.22517, -0.08105), (-0.08105, -0.22517, -0.10164), (-0.0564, -0.22517, -0.11713), (-0.02893, -0.22517, -0.12674), (0.0, -0.22517, -0.13), (0.02893, -0.22517, -0.12674), (0.0564, -0.22517, -0.11713), (0.08105, -0.22517, -0.10164), (0.10164, -0.22517, -0.08105), (0.11713, -0.22517, -0.0564), (0.12674, -0.22517, -0.02893), (0.08893, -0.24432, 0.0), (0.0867, -0.24432, 0.01979), (0.08012, -0.24432, 0.03858), (0.06952, -0.24432, 0.05544), (0.05544, -0.24432, 0.06952), (0.03858, -0.24432, 0.08012), (0.01979, -0.24432, 0.0867), (0.0, -0.24432, 0.08893), (-0.01979, -0.24432, 0.0867), (-0.03858, -0.24432, 0.08012), (-0.05544, -0.24432, 0.06952), (-0.06952, -0.24432, 0.05544), (-0.08012, -0.24432, 0.03858), (-0.0867, -0.24432, 0.01979), (-0.08893, -0.24432, 0.0), (-0.0867, -0.24432, -0.01979), (-0.08012, -0.24432, -0.03858), (-0.06952, -0.24432, -0.05544), (-0.05544, -0.24432, -0.06952), (-0.03858, -0.24432, -0.08012), (-0.01979, -0.24432, -0.0867), (0.0, -0.24432, -0.08893), (0.01979, -0.24432, -0.0867), (0.03858, -0.24432, -0.08012), (0.05544, -0.24432, -0.06952), (0.06952, -0.24432, -0.05544), (0.08012, -0.24432, -0.03858), (0.0867, -0.24432, -0.01979), (0.04515, -0.25605, 0.0), (0.04402, -0.25605, 0.01005), (0.04068, -0.25605, 0.01959), (0.0353, -0.25605, 0.02815), (0.02815, -0.25605, 0.0353), (0.01959, -0.25605, 0.04068), (0.01005, -0.25605, 0.04402), (0.0, -0.25605, 0.04515), (-0.01005, -0.25605, 0.04402), (-0.01959, -0.25605, 0.04068), (-0.02815, -0.25605, 0.0353), (-0.0353, -0.25605, 0.02815), (-0.04068, -0.25605, 0.01959), (-0.04402, -0.25605, 0.01005), (-0.04515, -0.25605, 0.0), (-0.04402, -0.25605, -0.01005), (-0.04068, -0.25605, -0.01959), (-0.0353, -0.25605, -0.02815), (-0.02815, -0.25605, -0.0353), (-0.01959, -0.25605, -0.04068), (-0.01005, -0.25605, -0.04402), (0.0, -0.25605, -0.04515), (0.01005, -0.25605, -0.04402), (0.01959, -0.25605, -0.04068), (0.02815, -0.25605, -0.0353), (0.0353, -0.25605, -0.02815), (0.04068, -0.25605, -0.01959), (0.04402, -0.25605, -0.01005), (0.0, -0.26, 0.0), (0.0, -0.26, 0.0), (0.0, -0.26, 0.0), (0.0, -0.26, 0.0), (0.0, -0.26, 0.0), (0.0, -0.26, 0.0), (0.0, -0.26, 0.0), (0.0, -0.26, 0.0), (-0.0, -0.26, 0.0), (-0.0, -0.26, 0.0), (-0.0, -0.26, 0.0), (-0.0, -0.26, 0.0), (-0.0, -0.26, 0.0), (-0.0, -0.26, 0.0), (-0.0, -0.26, 0.0), (-0.0, -0.26, -0.0), (-0.0, -0.26, -0.0), (-0.0, -0.26, -0.0), (-0.0, -0.26, -0.0), (-0.0, -0.26, -0.0), (-0.0, -0.26, -0.0), (0.0, -0.26, -0.0), (0.0, -0.26, -0.0), (0.0, -0.26, -0.0), (0.0, -0.26, -0.0), (0.0, -0.26, -0.0), (0.0, -0.26, -0.0), (0.0, -0.26, -0.0)]
                    normal3f[] normals = [(0.0, 1.0, 0.0), (0.0, 1.0, 0.0), (0.0, 1.0, 0.0), (0.0, 1.0, 0.0), (0.0, 1.0, 0.0), (0.0, 1.0, 0.0), (0.0, 1.0, 0.0), (0.0, 1.0, 0.0), (-0.0, 1.0, 0.0), (-0.0, 1.0, 0.0), (-0.0, 1.0, 0.0), (-0.0, 1.0, 0.0), (-0.0, 1.0, 0.0), (-0.0, 1.0, 0.0), (-0.0, 1.0, 0.0), (-0.0, 1.0, -0.0), (-0.0, 1.0, -0.0), (-0.0, 1.0, -0.0), (-0.0, 1.0, -0.0), (-0.0, 1.0, -0.0), (-0.0, 1.0, -0.0), (0.0, 1.0, -0.0), (0.0, 1.0, -0.0), (0.0, 1.0, -0.0), (0.0, 1.0, -0.0), (0.0, 1.0, -0.0), (0.0, 1.0, -0.0), (0.0, 1.0, -0.0), (0.17365, 0.98481, 0.0), (0.16929, 0.98481, 0.03864), (0.15645, 0.98481, 0.07534), (0.13576, 0.98481, 0.10827), (0.10827, 0.98481, 0.13576), (0.07534, 0.98481, 0.15645), (0.03864, 0.98481, 0.16929), (0.0, 0.98481, 0.17365), (-0.03864, 0.98481, 0.16929), (-0.07534, 0.98481, 0.15645), (-0.10827, 0.98481, 0.13576), (-0.13576, 0.98481, 0.10827), (-0.15645, 0.98481, 0.07534), (-0.16929, 0.98481, 0.03864), (-0.17365, 0.98481, 0.0), (-0.16929, 0.98481, -0.03864), (-0.15645, 0.98481, -0.07534), (-0.13576, 0.98481, -0.10827), (-0.10827, 0.98481, -0.13576), (-0.07534, 0.98481, -0.15645), (-0.03864, 0.98481, -0.16929), (0.0, 0.98481, -0.17365), (0.03864, 0.98481, -0.16929), (0.07534, 0.98481, -0.15645), (0.10827, 0.98481, -0.13576), (0.13576, 0.98481, -0.10827), (0.15645, 0.98481, -0.07534), (0.16929, 0.98481, -0.03864), (0.34202, 0.93969, 0.0), (0.33344, 0.93969, 0.07611), (0.30815, 0.93969, 0.1484), (0.2674, 0.93969, 0.21325), (0.21325, 0.93969, 0.2674), (0.1484, 0.93969, 0.30815), (0.07611, 0.93969, 0.33344), (0.0, 0.93969, 0.34202), (-0.07611, 0.93969, 0.33344), (-0.1484, 0.93969, 0.30815), (-0.21325, 0.93969, 0.2674), (-0.2674, 0.93969, 0.21325), (-0.30815, 0.93969, 0.1484), (-0.33344, 0.93969, 0.07611), (-0.34202, 0.93969, 0.0), (-0.33345, 0.93969, -0.07611), (-0.30815, 0.93969, -0.1484), (-0.2674, 0.93969, -0.21325), (-0.21325, 0.93969, -0.2674), (-0.1484, 0.93969, -0.30815), (-0.07611, 0.93969, -0.33344), (0.0, 0.93969, -0.34202), (0.07611, 0.93969, -0.33345), (0.1484, 0.93969, -0.30815), (0.21325, 0.93969, -0.2674), (0.2674, 0.93969, -0.21325), (0.30815, 0.93969, -0.1484), (0.33344, 0.93969, -0.07611), (0.5, 0.86603, 0.0), (0.48746, 0.86603, 0.11126), (0.45048, 0.86603, 0.21694), (0.39092, 0.86603, 0.31174), (0.31174, 0.86603, 0.39092), (0.21694, 0.86603, 0.45048), (0.11126, 0.86603, 0.48746), (0.0, 0.86603, 0.5), (-0.11126, 0.86603, 0.48746), (-0.21694, 0.86603, 0.45048), (-0.31174, 0.86603, 0.39092), (-0.39092, 0.86603, 0.31174), (-0.45048, 0.86603, 0.21694), (-0.48746, 0.86603, 0.11126), (-0.5, 0.86603, 0.0), (-0.48746, 0.86603, -0.11126), (-0.45048, 0.86603, -0.21694), (-0.39092, 0.86603, -0.31174), (-0.31175, 0.86603, -0.39092), (-0.21694, 0.86603, -0.45048), (-0.11126, 0.86603, -0.48746), (0.0, 0.86603, -0.5), (0.11126, 0.86603, -0.48746), (0.21694, 0.86603, -0.45048), (0.31174, 0.86603, -0.39092), (0.39092, 0.86603, -0.31174), (0.45048, 0.86603, -0.21694), (0.48746, 0.86603, -0.11126), (0.64279, 0.76604, 0.0), (0.62667, 0.76604, 0.14303), (0.57913, 0.76604, 0.2789), (0.50255, 0.76604, 0.40077), (0.40077, 0.76604, 0.50255), (0.2789, 0.76604, 0.57913), (0.14303, 0.76604, 0.62667), (0.0, 0.76604, 0.64279), (-0.14303, 0.76604, 0.62667), (-0.2789, 0.76604, 0.57913), (-0.40077, 0.76604, 0.50255), (-0.50255, 0.76604, 0.40077), (-0.57913, 0.76604, 0.2789), (-0.62667, 0.76604, 0.14303), (-0.64279, 0.76604, 0.0), (-0.62667, 0.76604, -0.14303), (-0.57913, 0.76604, -0.2789), (-0.50255, 0.76604, -0.40077), (-0.40077, 0.76604, -0.50255), (-0.2789, 0.76604, -0.57913), (-0.14303, 0.76604, -0.62667), (0.0, 0.76604, -0.64279), (0.14303, 0.76604, -0.62667), (0.27889, 0.76604, -0.57913), (0.40077, 0.76604, -0.50255), (0.50255, 0.76604, -0.40077), (0.57913, 0.76604, -0.2789), (0.62667, 0.76604, -0.14303), (0.76604, 0.64279, 0.0), (0.74684, 0.64279, 0.17046), (0.69018, 0.64279, 0.33237), (0.59892, 0.64279, 0.47762), (0.47762, 0.64279, 0.59892), (0.33237, 0.64279, 0.69018), (0.17046, 0.64279, 0.74684), (0.0, 0.64279, 0.76604), (-0.17046, 0.64279, 0.74684), (-0.33237, 0.64279, 0.69018), (-0.47762, 0.64279, 0.59892), (-0.59892, 0.64279, 0.47762), (-0.69018, 0.64279, 0.33237), (-0.74684, 0.64279, 0.17046), (-0.76604, 0.64279, 0.0), (-0.74684, 0.64279, -0.17046), (-0.69018, 0.64279, -0.33237), (-0.59892, 0.64279, -0.47762), (-0.47762, 0.64279, -0.59892), (-0.33237, 0.64279, -0.69018), (-0.17046, 0.64279, -0.74684), (0.0, 0.64279, -0.76604), (0.17046, 0.64279, -0.74684), (0.33237, 0.64279, -0.69018), (0.47762, 0.64279, -0.59892), (0.59892, 0.64279, -0.47762), (0.69018, 0.64279, -0.33237), (0.74684, 0.64279, -0.17046), (0.86603, 0.5, 0.0), (0.84431, 0.5, 0.19271), (0.78026, 0.5, 0.37575), (0.67709, 0.5, 0.53996), (0.53996, 0.5, 0.67709), (0.37575, 0.5, 0.78026), (0.19271, 0.5, 0.84431), (0.0, 0.5, 0.86603), (-0.19271, 0.5, 0.84431), (-0.37575, 0.5, 0.78026), (-0.53996, 0.5, 0.67709), (-0.67709, 0.5, 0.53996), (-0.78026, 0.5, 0.37575), (-0.84431, 0.5, 0.19271), (-0.86603, 0.5, 0.0), (-0.84431, 0.5, -0.19271), (-0.78026, 0.5, -0.37575), (-0.67709, 0.5, -0.53996), (-0.53996, 0.5, -0.67709), (-0.37575, 0.5, -0.78026), (-0.19271, 0.5, -0.84431), (0.0, 0.5, -0.86603), (0.19271, 0.5, -0.84431), (0.37575, 0.5, -0.78026), (0.53996, 0.5, -0.67709), (0.67709, 0.5, -0.53996), (0.78026, 0.5, -0.37575), (0.84431, 0.5, -0.19271), (0.93969, 0.34202, 0.0), (0.91613, 0.34202, 0.2091), (0.84663, 0.34202, 0.40772), (0.73468, 0.34202, 0.58589), (0.58589, 0.34202, 0.73468), (0.40772, 0.34202, 0.84663), (0.2091, 0.34202, 0.91613), (0.0, 0.34202, 0.93969), (-0.2091, 0.34202, 0.91613), (-0.40772, 0.34202, 0.84663), (-0.58589, 0.34202, 0.73468), (-0.73468, 0.34202, 0.58589), (-0.84663, 0.34202, 0.40772), (-0.91613, 0.34202, 0.2091), (-0.93969, 0.34202, 0.0), (-0.91613, 0.34202, -0.2091), (-0.84663, 0.34202, -0.40772), (-0.73468, 0.34202, -0.58589), (-0.58589, 0.34202, -0.73468), (-0.40772, 0.34202, -0.84663), (-0.2091, 0.34202, -0.91613), (0.0, 0.34202, -0.93969), (0.2091, 0.34202, -0.91613), (0.40772, 0.34202, -0.84663), (0.58589, 0.34202, -0.73468), (0.73468, 0.34202, -0.58589), (0.84663, 0.34202, -0.40772), (0.91613, 0.34202, -0.2091), (0.98481, 0.17365, 0.0), (0.96012, 0.17365, 0.21914), (0.88728, 0.17365, 0.42729), (0.76995, 0.17365, 0.61402), (0.61402, 0.17365, 0.76995), (0.42729, 0.17365, 0.88728), (0.21914, 0.17365, 0.96012), (0.0, 0.17365, 0.98481), (-0.21914, 0.17365, 0.96012), (-0.42729, 0.17365, 0.88728), (-0.61402, 0.17365, 0.76995), (-0.76995, 0.17365, 0.61402), (-0.88728, 0.17365, 0.42729), (-0.96012, 0.17365, 0.21914), (-0.98481, 0.17365, 0.0), (-0.96012, 0.17365, -0.21914), (-0.88728, 0.17365, -0.42729), (-0.76995, 0.17365, -0.61402), (-0.61402, 0.17365, -0.76995), (-0.42729, 0.17365, -0.88728), (-0.21914, 0.17365, -0.96012), (0.0, 0.17365, -0.98481), (0.21914, 0.17365, -0.96012), (0.42729, 0.17365, -0.88728), (0.61402, 0.17365, -0.76995), (0.76995, 0.17365, -0.61402), (0.88728, 0.17365, -0.42729), (0.96012, 0.17365, -0.21914), (1.0, 0.0, 0.0), (0.97493, 0.0, 0.22252), (0.90097, 0.0, 0.43388), (0.78183, 0.0, 0.62349), (0.62349, 0.0, 0.78183), (0.43388, 0.0, 0.90097), (0.22252, 0.0, 0.97493), (0.0, 0.0, 1.0), (-0.22252, 0.0, 0.97493), (-0.43388, 0.0, 0.90097), (-0.62349, 0.0, 0.78183), (-0.78183, 0.0, 0.62349), (-0.90097, 0.0, 0.43388), (-0.97493, 0.0, 0.22252), (-1.0, 0.0, 0.0), (-0.97493, 0.0, -0.22252), (-0.90097, 0.0, -0.43388), (-0.78183, 0.0, -0.62349), (-0.62349, 0.0, -0.78183), (-0.43388, 0.0, -0.90097), (-0.22252, 0.0, -0.97493), (0.0, 0.0, -1.0), (0.22252, 0.0, -0.97493), (0.43388, 0.0, -0.90097), (0.62349, 0.0, -0.78183), (0.78183, 0.0, -0.62349), (0.90097, 0.0, -0.43388), (0.97493, 0.0, -0.22252), (0.98481, -0.17365, 0.0), (0.96012, -0.17365, 0.21914), (0.88728, -0.17365, 0.42729), (0.76995, -0.17365, 0.61402), (0.61402, -0.17365, 0.76995), (0.42729, -0.17365, 0.88728), (0.21914, -0.17365, 0.96012), (0.0, -0.17365, 0.98481), (-0.21914, -0.17365, 0.96012), (-0.42729, -0.17365, 0.88728), (-0.61402, -0.17365, 0.76995), (-0.76995, -0.17365, 0.61402), (-0.88728, -0.17365, 0.42729), (-0.96012, -0.17365, 0.21914), (-0.98481, -0.17365, 0.0), (-0.96012, -0.17365, -0.21914), (-0.88728, -0.17365, -0.42729), (-0.76995, -0.17365, -0.61402), (-0.61402, -0.17365, -0.76995), (-0.42729, -0.17365, -0.88728), (-0.21914, -0.17365, -0.96012), (0.0, -0.17365, -0.98481), (0.21914, -0.17365, -0.96012), (0.42729, -0.17365, -0.88728), (0.61402, -0.17365, -0.76995), (0.76995, -0.17365, -0.61402), (0.88728, -0.17365, -0.42729), (0.96012, -0.17365, -0.21914), (0.93969, -0.34202, 0.0), (0.91613, -0.34202, 0.2091), (0.84663, -0.34202, 0.40772), (0.73468, -0.34202, 0.58589), (0.58589, -0.34202, 0.73468), (0.40772, -0.34202, 0.84663), (0.2091, -0.34202, 0.91613), (0.0, -0.34202, 0.93969), (-0.2091, -0.34202, 0.91613), (-0.40772, -0.34202, 0.84663), (-0.58589, -0.34202, 0.73468), (-0.73468, -0.34202, 0.58589), (-0.84663, -0.34202, 0.40772), (-0.91613, -0.34202, 0.2091), (-0.93969, -0.34202, 0.0), (-0.91613, -0.34202, -0.2091), (-0.84663, -0.34202, -0.40772), (-0.73468, -0.34202, -0.58589), (-0.58589, -0.34202, -0.73468), (-0.40772, -0.34202, -0.84663), (-0.2091, -0.34202, -0.91613), (0.0, -0.34202, -0.93969), (0.2091, -0.34202, -0.91613), (0.40772, -0.34202, -0.84663), (0.58589, -0.34202, -0.73468), (0.73468, -0.34202, -0.58589), (0.84663, -0.34202, -0.40772), (0.91613, -0.34202, -0.2091), (0.86603, -0.5, 0.0), (0.84431, -0.5, 0.19271), (0.78026, -0.5, 0.37575), (0.67709, -0.5, 0.53996), (0.53996, -0.5, 0.67709), (0.37575, -0.5, 0.78026), (0.19271, -0.5, 0.84431), (0.0, -0.5, 0.86603), (-0.19271, -0.5, 0.84431), (-0.37575, -0.5, 0.78026), (-0.53996, -0.5, 0.67709), (-0.67709, -0.5, 0.53996), (-0.78026, -0.5, 0.37575), (-0.84431, -0.5, 0.19271), (-0.86603, -0.5, 0.0), (-0.84431, -0.5, -0.19271), (-0.78026, -0.5, -0.37575), (-0.67709, -0.5, -0.53996), (-0.53996, -0.5, -0.67709), (-0.37575, -0.5, -0.78026), (-0.19271, -0.5, -0.84431), (0.0, -0.5, -0.86603), (0.19271, -0.5, -0.84431), (0.37575, -0.5, -0.78026), (0.53996, -0.5, -0.67709), (0.67709, -0.5, -0.53996), (0.78026, -0.5, -0.37575), (0.84431, -0.5, -0.19271), (0.76604, -0.64279, 0.0), (0.74684, -0.64279, 0.17046), (0.69018, -0.64279, 0.33237), (0.59892, -0.64279, 0.47762), (0.47762, -0.64279, 0.59892), (0.33237, -0.64279, 0.69018), (0.17046, -0.64279, 0.74684), (0.0, -0.64279, 0.76604), (-0.17046, -0.64279, 0.74684), (-0.33237, -0.64279, 0.69018), (-0.47762, -0.64279, 0.59892), (-0.59892, -0.64279, 0.47762), (-0.69018, -0.64279, 0.33237), (-0.74684, -0.64279, 0.17046), (-0.76604, -0.64279, 0.0), (-0.74684, -0.64279, -0.17046), (-0.69018, -0.64279, -0.33237), (-0.59892, -0.64279, -0.47762), (-0.47762, -0.64279, -0.59892), (-0.33237, -0.64279, -0.69018), (-0.17046, -0.64279, -0.74684), (0.0, -0.64279, -0.76604), (0.17046, -0.64279, -0.74684), (0.33237, -0.64279, -0.69018), (0.47762, -0.64279, -0.59892), (0.59892, -0.64279, -0.47762), (0.69018, -0.64279, -0.33237), (0.74684, -0.64279, -0.17046), (0.64279, -0.76604, 0.0), (0.62667, -0.76604, 0.14303), (0.57913, -0.76604, 0.2789), (0.50255, -0.76604, 0.40077), (0.40077, -0.76604, 0.50255), (0.2789, -0.76604, 0.57913), (0.14303, -0.76604, 0.62667), (0.0, -0.76604, 0.64279), (-0.14303, -0.76604, 0.62667), (-0.2789, -0.76604, 0.57913), (-0.40077, -0.76604, 0.50255), (-0.50255, -0.76604, 0.40077), (-0.57913, -0.76604, 0.2789), (-0.62667, -0.76604, 0.14303), (-0.64279, -0.76604, 0.0), (-0.62667, -0.76604, -0.14303), (-0.57913, -0.76604, -0.2789), (-0.50255, -0.76604, -0.40077), (-0.40077, -0.76604, -0.50255), (-0.2789, -0.76604, -0.57913), (-0.14303, -0.76604, -0.62667), (0.0, -0.76604, -0.64279), (0.14303, -0.76604, -0.62667), (0.27889, -0.76604, -0.57913), (0.40077, -0.76604, -0.50255), (0.50255, -0.76604, -0.40077), (0.57913, -0.76604, -0.2789), (0.62667, -0.76604, -0.14303), (0.5, -0.86603, 0.0), (0.48746, -0.86603, 0.11126), (0.45048, -0.86603, 0.21694), (0.39092, -0.86603, 0.31175), (0.31175, -0.86603, 0.39092), (0.21694, -0.86603, 0.45048), (0.11126, -0.86603, 0.48746), (0.0, -0.86603, 0.5), (-0.11126, -0.86603, 0.48746), (-0.21694, -0.86603, 0.45048), (-0.31175, -0.86603, 0.39092), (-0.39092, -0.86603, 0.31175), (-0.45048, -0.86603, 0.21694), (-0.48746, -0.86603, 0.11126), (-0.5, -0.86603, 0.0), (-0.48746, -0.86603, -0.11126), (-0.45048, -0.86603, -0.21694), (-0.39092, -0.86603, -0.31175), (-0.31175, -0.86603, -0.39092), (-0.21694, -0.86603, -0.45048), (-0.11126, -0.86603, -0.48746), (0.0, -0.86603, -0.5), (0.11126, -0.86603, -0.48746), (0.21694, -0.86603, -0.45048), (0.31174, -0.86603, -0.39092), (0.39092, -0.86603, -0.31175), (0.45048, -0.86603, -0.21694), (0.48746, -0.86603, -0.11126), (0.34202, -0.93969, 0.0), (0.33345, -0.93969, 0.07611), (0.30815, -0.93969, 0.1484), (0.2674, -0.93969, 0.21325), (0.21325, -0.93969, 0.2674), (0.1484, -0.93969, 0.30815), (0.07611, -0.93969, 0.33345), (0.0, -0.93969, 0.34202), (-0.07611, -0.93969, 0.33345), (-0.1484, -0.93969, 0.30815), (-0.21325, -0.93969, 0.2674), (-0.2674, -0.93969, 0.21325), (-0.30815, -0.93969, 0.1484), (-0.33345, -0.93969, 0.07611), (-0.34202, -0.93969, 0.0), (-0.33345, -0.93969, -0.07611), (-0.30815, -0.93969, -0.1484), (-0.2674, -0.93969, -0.21325), (-0.21325, -0.93969, -0.2674), (-0.1484, -0.93969, -0.30815), (-0.07611, -0.93969, -0.33345), (0.0, -0.93969, -0.34202), (0.07611, -0.93969, -0.33345), (0.1484, -0.93969, -0.30815), (0.21325, -0.93969, -0.2674), (0.2674, -0.93969, -0.21325), (0.30815, -0.93969, -0.1484), (0.33345, -0.93969, -0.07611), (0.17365, -0.98481, 0.0), (0.16929, -0.98481, 0.03864), (0.15645, -0.98481, 0.07534), (0.13576, -0.98481, 0.10827), (0.10827, -0.98481, 0.13576), (0.07534, -0.98481, 0.15645), (0.03864, -0.98481, 0.16929), (0.0, -0.98481, 0.17365), (-0.03864, -0.98481, 0.16929), (-0.07534, -0.98481, 0.15645), (-0.10827, -0.98481, 0.13576), (-0.13576, -0.98481, 0.10827), (-0.15645, -0.98481, 0.07534), (-0.16929, -0.98481, 0.03864), (-0.17365, -0.98481, 0.0), (-0.16929, -0.98481, -0.03864), (-0.15645, -0.98481, -0.07534), (-0.13576, -0.98481, -0.10827), (-0.10827, -0.98481, -0.13576), (-0.07534, -0.98481, -0.15645), (-0.03864, -0.98481, -0.16929), (0.0, -0.98481, -0.17365), (0.03864, -0.98481, -0.16929), (0.07534, -0.98481, -0.15645), (0.10827, -0.98481, -0.13576), (0.13576, -0.98481, -0.10827), (0.15645, -0.98481, -0.07534), (0.16929, -0.98481, -0.03864), (0.0, -1.0, 0.0), (0.0, -1.0, 0.0), (0.0, -1.0, 0.0), (0.0, -1.0, 0.0), (0.0, -1.0, 0.0), (0.0, -1.0, 0.0), (0.0, -1.0, 0.0), (0.0, -1.0, 0.0), (-0.0, -1.0, 0.0), (-0.0, -1.0, 0.0), (-0.0, -1.0, 0.0), (-0.0, -1.0, 0.0), (-0.0, -1.0, 0.0), (-0.0, -1.0, 0.0), (-0.0, -1.0, 0.0), (-0.0, -1.0, -0.0), (-0.0, -1.0, -0.0), (-0.0, -1.0, -0.0), (-0.0, -1.0, -0.0), (-0.0, -1.0, -0.0), (-0.0, -1.0, -0.0), (0.0, -1.0, -0.0), (0.0, -1.0, -0.0), (0.0, -1.0, -0.0), (0.0, -1.0, -0.0), (0.0, -1.0, -0.0), (0.0, -1.0, -0.0), (0.0, -1.0, -0.0)] (
                        interpolation = "vertex"
                    )
                    int[] faceVertexCounts = [3, 3, 3, 3, 3, 3, 3, 3, 3, 3, 3, 3, 3, 3, 3, 3, 3, 3, 3, 3, 3, 3, 3, 3, 3, 3, 3, 3, 4, 4, 4, 4, 4, 4, 4, 4, 4, 4, 4, 4, 4, 4, 4, 4, 4, 4, 4, 4, 4, 4, 4, 4, 4, 4, 4, 4, 4, 4, 4, 4, 4, 4, 4, 4, 4, 4, 4, 4, 4, 4, 4, 4, 4, 4, 4, 4, 4, 4, 4, 4, 4, 4, 4, 4, 4, 4, 4, 4, 4, 4, 4, 4, 4, 4, 4, 4, 4, 4, 4, 4, 4, 4, 4, 4, 4, 4, 4, 4, 4, 4, 4, 4, 4, 4, 4, 4, 4, 4, 4, 4, 4, 4, 4, 4, 4, 4, 4, 4, 4, 4, 4, 4, 4, 4, 4, 4, 4, 4, 4, 4, 4, 4, 4, 4, 4, 4, 4, 4, 4, 4, 4, 4, 4, 4, 4, 4, 4, 4, 4, 4, 4, 4, 4, 4, 4, 4, 4, 4, 4, 4, 4, 4, 4, 4, 4, 4, 4, 4, 4, 4, 4, 4, 4, 4, 4, 4, 4, 4, 4, 4, 4, 4, 4, 4, 4, 4, 4, 4, 4, 4, 4, 4, 4, 4, 4, 4, 4, 4, 4, 4, 4, 4, 4, 4, 4, 4, 4, 4, 4, 4, 4, 4, 4, 4, 4, 4, 4, 4, 4, 4, 4, 4, 4, 4, 4, 4, 4, 4, 4, 4, 4, 4, 4, 4, 4, 4, 4, 4, 4, 4, 4, 4, 4, 4, 4, 4, 4, 4, 4, 4, 4, 4, 4, 4, 4, 4, 4, 4, 4, 4, 4, 4, 4, 4, 4, 4, 4, 4, 4, 4, 4, 4, 4, 4, 4, 4, 4, 4, 4, 4, 4, 4, 4, 4, 4, 4, 4, 4, 4, 4, 4, 4, 4, 4, 4, 4, 4, 4, 4, 4, 4, 4, 4, 4, 4, 4, 4, 4, 4, 4, 4, 4, 4, 4, 4, 4, 4, 4, 4, 4, 4, 4, 4, 4, 4, 4, 4, 4, 4, 4, 4, 4, 4, 4, 4, 4, 4, 4, 4, 4, 4, 4, 4, 4, 4, 4, 4, 4, 4, 4, 4, 4, 4, 4, 4, 4, 4, 4, 4, 4, 4, 4, 4, 4, 4, 4, 4, 4, 4, 4, 4, 4, 4, 4, 4, 4, 4, 4, 4, 4, 4, 4, 4, 4, 4, 4, 4, 4, 4, 4, 4, 4, 4, 4, 4, 4, 4, 4, 4, 4, 4, 4, 4, 4, 4, 4, 4, 4, 4, 4, 4, 4, 4, 4, 4, 4, 4, 4, 4, 4, 4, 4, 4, 4, 4, 4, 4, 4, 4, 4, 4, 4, 4, 4, 4, 4, 4, 4, 4, 4, 4, 4, 4, 4, 4, 4, 4, 4, 4, 4, 4, 4, 4, 4, 4, 4, 4, 4, 4, 4, 4, 4, 4, 4, 4, 4, 3, 3, 3, 3, 3, 3, 3, 3, 3, 3, 3, 3, 3, 3, 3, 3, 3, 3, 3, 3, 3, 3, 3, 3, 3, 3, 3, 3]
                    int[] faceVertexIndices = [0, 29, 28, 1, 30, 29, 2, 31, 30, 3, 32, 31, 4, 33, 32, 5, 34, 33, 6, 35, 34, 7, 36, 35, 8, 37, 36, 9, 38, 37, 10, 39, 38, 11, 40, 39, 12, 41, 40, 13, 42, 41, 14, 43, 42, 15, 44, 43, 16, 45, 44, 17, 46, 45, 18, 47, 46, 19, 48, 47, 20, 49, 48, 21, 50, 49, 22, 51, 50, 23, 52, 51, 24, 53, 52, 25, 54, 53, 26, 55, 54, 27, 28, 55, 28, 29, 57, 56, 29, 30, 58, 57, 30, 31, 59, 58, 31, 32, 60, 59, 32, 33, 61, 60, 33, 34, 62, 61, 34, 35, 63, 62, 35, 36, 64, 63, 36, 37, 65, 64, 37, 38, 66, 65, 38, 39, 67, 66, 39, 40, 68, 67, 40, 41, 69, 68, 41, 42, 70, 69, 42, 43, 71, 70, 43, 44, 72, 71, 44, 45, 73, 72, 45, 46, 74, 73, 46, 47, 75, 74, 47, 48, 76, 75, 48, 49, 77, 76, 49, 50, 78, 77, 50, 51, 79, 78, 51, 52, 80, 79, 52, 53, 81, 80, 53, 54, 82, 81, 54, 55, 83, 82, 55, 28, 56, 83, 56, 57, 85, 84, 57, 58, 86, 85, 58, 59, 87, 86, 59, 60, 88, 87, 60, 61, 89, 88, 61, 62, 90, 89, 62, 63, 91, 90, 63, 64, 92, 91, 64, 65, 93, 92, 65, 66, 94, 93, 66, 67, 95, 94, 67, 68, 96, 95, 68, 69, 97, 96, 69, 70, 98, 97, 70, 71, 99, 98, 71, 72, 100, 99, 72, 73, 101, 100, 73, 74, 102, 101, 74, 75, 103, 102, 75, 76, 104, 103, 76, 77, 105, 104, 77, 78, 106, 105, 78, 79, 107, 106, 79, 80, 108, 107, 80, 81, 109, 108, 81, 82, 110, 109, 82, 83, 111, 110, 83, 56, 84, 111, 84, 85, 113, 112, 85, 86, 114, 113, 86, 87, 115, 114, 87, 88, 116, 115, 88, 89, 117, 116, 89, 90, 118, 117, 90, 91, 119, 118, 91, 92, 120, 119, 92, 93, 121, 120, 93, 94, 122, 121, 94, 95, 123, 122, 95, 96, 124, 123, 96, 97, 125, 124, 97, 98, 126, 125, 98, 99, 127, 126, 99, 100, 128, 127, 100, 101, 129, 128, 101, 102, 130, 129, 102, 103, 131, 130, 103, 104, 132, 131, 104, 105, 133, 132, 105, 106, 134, 133, 106, 107, 135, 134, 107, 108, 136, 135, 108, 109, 137, 136, 109, 110, 138, 137, 110, 111, 139, 138, 111, 84, 112, 139, 112, 113, 141, 140, 113, 114, 142, 141, 114, 115, 143, 142, 115, 116, 144, 143, 116, 117, 145, 144, 117, 118, 146, 145, 118, 119, 147, 146, 119, 120, 148, 147, 120, 121, 149, 148, 121, 122, 150, 149, 122, 123, 151, 150, 123, 124, 152, 151, 124, 125, 153, 152, 125, 126, 154, 153, 126, 127, 155, 154, 127, 128, 156, 155, 128, 129, 157, 156, 129, 130, 158, 157, 130, 131, 159, 158, 131, 132, 160, 159, 132, 133, 161, 160, 133, 134, 162, 161, 134, 135, 163, 162, 135, 136, 164, 163, 136, 137, 165, 164, 137, 138, 166, 165, 138, 139, 167, 166, 139, 112, 140, 167, 140, 141, 169, 168, 141, 142, 170, 169, 142, 143, 171, 170, 143, 144, 172, 171, 144, 145, 173, 172, 145, 146, 174, 173, 146, 147, 175, 174, 147, 148, 176, 175, 148, 149, 177, 176, 149, 150, 178, 177, 150, 151, 179, 178, 151, 152, 180, 179, 152, 153, 181, 180, 153, 154, 182, 181, 154, 155, 183, 182, 155, 156, 184, 183, 156, 157, 185, 184, 157, 158, 186, 185, 158, 159, 187, 186, 159, 160, 188, 187, 160, 161, 189, 188, 161, 162, 190, 189, 162, 163, 191, 190, 163, 164, 192, 191, 164, 165, 193, 192, 165, 166, 194, 193, 166, 167, 195, 194, 167, 140, 168, 195, 168, 169, 197, 196, 169, 170, 198, 197, 170, 171, 199, 198, 171, 172, 200, 199, 172, 173, 201, 200, 173, 174, 202, 201, 174, 175, 203, 202, 175, 176, 204, 203, 176, 177, 205, 204, 177, 178, 206, 205, 178, 179, 207, 206, 179, 180, 208, 207, 180, 181, 209, 208, 181, 182, 210, 209, 182, 183, 211, 210, 183, 184, 212, 211, 184, 185, 213, 212, 185, 186, 214, 213, 186, 187, 215, 214, 187, 188, 216, 215, 188, 189, 217, 216, 189, 190, 218, 217, 190, 191, 219, 218, 191, 192, 220, 219, 192, 193, 221, 220, 193, 194, 222, 221, 194, 195, 223, 222, 195, 168, 196, 223, 196, 197, 225, 224, 197, 198, 226, 225, 198, 199, 227, 226, 199, 200, 228, 227, 200, 201, 229, 228, 201, 202, 230, 229, 202, 203, 231, 230, 203, 204, 232, 231, 204, 205, 233, 232, 205, 206, 234, 233, 206, 207, 235, 234, 207, 208, 236, 235, 208, 209, 237, 236, 209, 210, 238, 237, 210, 211, 239, 238, 211, 212, 240, 239, 212, 213, 241, 240, 213, 214, 242, 241, 214, 215, 243, 242, 215, 216, 244, 243, 216, 217, 245, 244, 217, 218, 246, 245, 218, 219, 247, 246, 219, 220, 248, 247, 220, 221, 249, 248, 221, 222, 250, 249, 222, 223, 251, 250, 223, 196, 224, 251, 224, 225, 253, 252, 225, 226, 254, 253, 226, 227, 255, 254, 227, 228, 256, 255, 228, 229, 257, 256, 229, 230, 258, 257, 230, 231, 259, 258, 231, 232, 260, 259, 232, 233, 261, 260, 233, 234, 262, 261, 234, 235, 263, 262, 235, 236, 264, 263, 236, 237, 265, 264, 237, 238, 266, 265, 238, 239, 267, 266, 239, 240, 268, 267, 240, 241, 269, 268, 241, 242, 270, 269, 242, 243, 271, 270, 243, 244, 272, 271, 244, 245, 273, 272, 245, 246, 274, 273, 246, 247, 275, 274, 247, 248, 276, 275, 248, 249, 277, 276, 249, 250, 278, 277, 250, 251, 279, 278, 251, 224, 252, 279, 252, 253, 281, 280, 253, 254, 282, 281, 254, 255, 283, 282, 255, 256, 284, 283, 256, 257, 285, 284, 257, 258, 286, 285, 258, 259, 287, 286, 259, 260, 288, 287, 260, 261, 289, 288, 261, 262, 290, 289, 262, 263, 291, 290, 263, 264, 292, 291, 264, 265, 293, 292, 265, 266, 294, 293, 266, 267, 295, 294, 267, 268, 296, 295, 268, 269, 297, 296, 269, 270, 298, 297, 270, 271, 299, 298, 271, 272, 300, 299, 272, 273, 301, 300, 273, 274, 302, 301, 274, 275, 303, 302, 275, 276, 304, 303, 276, 277, 305, 304, 277, 278, 306, 305, 278, 279, 307, 306, 279, 252, 280, 307, 280, 281, 309, 308, 281, 282, 310, 309, 282, 283, 311, 310, 283, 284, 312, 311, 284, 285, 313, 312, 285, 286, 314, 313, 286, 287, 315, 314, 287, 288, 316, 315, 288, 289, 317, 316, 289, 290, 318, 317, 290, 291, 319, 318, 291, 292, 320, 319, 292, 293, 321, 320, 293, 294, 322, 321, 294, 295, 323, 322, 295, 296, 324, 323, 296, 297, 325, 324, 297, 298, 326, 325, 298, 299, 327, 326, 299, 300, 328, 327, 300, 301, 329, 328, 301, 302, 330, 329, 302, 303, 331, 330, 303, 304, 332, 331, 304, 305, 333, 332, 305, 306, 334, 333, 306, 307, 335, 334, 307, 280, 308, 335, 308, 309, 337, 336, 309, 310, 338, 337, 310, 311, 339, 338, 311, 312, 340, 339, 312, 313, 341, 340, 313, 314, 342, 341, 314, 315, 343, 342, 315, 316, 344, 343, 316, 317, 345, 344, 317, 318, 346, 345, 318, 319, 347, 346, 319, 320, 348, 347, 320, 321, 349, 348, 321, 322, 350, 349, 322, 323, 351, 350, 323, 324, 352, 351, 324, 325, 353, 352, 325, 326, 354, 353, 326, 327, 355, 354, 327, 328, 356, 355, 328, 329, 357, 356, 329, 330, 358, 357, 330, 331, 359, 358, 331, 332, 360, 359, 332, 333, 361, 360, 333, 334, 362, 361, 334, 335, 363, 362, 335, 308, 336, 363, 336, 337, 365, 364, 337, 338, 366, 365, 338, 339, 367, 366, 339, 340, 368, 367, 340, 341, 369, 368, 341, 342, 370, 369, 342, 343, 371, 370, 343, 344, 372, 371, 344, 345, 373, 372, 345, 346, 374, 373, 346, 347, 375, 374, 347, 348, 376, 375, 348, 349, 377, 376, 349, 350, 378, 377, 350, 351, 379, 378, 351, 352, 380, 379, 352, 353, 381, 380, 353, 354, 382, 381, 354, 355, 383, 382, 355, 356, 384, 383, 356, 357, 385, 384, 357, 358, 386, 385, 358, 359, 387, 386, 359, 360, 388, 387, 360, 361, 389, 388, 361, 362, 390, 389, 362, 363, 391, 390, 363, 336, 364, 391, 364, 365, 393, 392, 365, 366, 394, 393, 366, 367, 395, 394, 367, 368, 396, 395, 368, 369, 397, 396, 369, 370, 398, 397, 370, 371, 399, 398, 371, 372, 400, 399, 372, 373, 401, 400, 373, 374, 402, 401, 374, 375, 403, 402, 375, 376, 404, 403, 376, 377, 405, 404, 377, 378, 406, 405, 378, 379, 407, 406, 379, 380, 408, 407, 380, 381, 409, 408, 381, 382, 410, 409, 382, 383, 411, 410, 383, 384, 412, 411, 384, 385, 413, 412, 385, 386, 414, 413, 386, 387, 415, 414, 387, 388, 416, 415, 388, 389, 417, 416, 389, 390, 418, 417, 390, 391, 419, 418, 391, 364, 392, 419, 392, 393, 421, 420, 393, 394, 422, 421, 394, 395, 423, 422, 395, 396, 424, 423, 396, 397, 425, 424, 397, 398, 426, 425, 398, 399, 427, 426, 399, 400, 428, 427, 400, 401, 429, 428, 401, 402, 430, 429, 402, 403, 431, 430, 403, 404, 432, 431, 404, 405, 433, 432, 405, 406, 434, 433, 406, 407, 435, 434, 407, 408, 436, 435, 408, 409, 437, 436, 409, 410, 438, 437, 410, 411, 439, 438, 411, 412, 440, 439, 412, 413, 441, 440, 413, 414, 442, 441, 414, 415, 443, 442, 415, 416, 444, 443, 416, 417, 445, 444, 417, 418, 446, 445, 418, 419, 447, 446, 419, 392, 420, 447, 420, 421, 449, 448, 421, 422, 450, 449, 422, 423, 451, 450, 423, 424, 452, 451, 424, 425, 453, 452, 425, 426, 454, 453, 426, 427, 455, 454, 427, 428, 456, 455, 428, 429, 457, 456, 429, 430, 458, 457, 430, 431, 459, 458, 431, 432, 460, 459, 432, 433, 461, 460, 433, 434, 462, 461, 434, 435, 463, 462, 435, 436, 464, 463, 436, 437, 465, 464, 437, 438, 466, 465, 438, 439, 467, 466, 439, 440, 468, 467, 440, 441, 469, 468, 441, 442, 470, 469, 442, 443, 471, 470, 443, 444, 472, 471, 444, 445, 473, 472, 445, 446, 474, 473, 446, 447, 475, 474, 447, 420, 448, 475, 448, 449, 477, 476, 449, 450, 478, 477, 450, 451, 479, 478, 451, 452, 480, 479, 452, 453, 481, 480, 453, 454, 482, 481, 454, 455, 483, 482, 455, 456, 484, 483, 456, 457, 485, 484, 457, 458, 486, 485, 458, 459, 487, 486, 459, 460, 488, 487, 460, 461, 489, 488, 461, 462, 490, 489, 462, 463, 491, 490, 463, 464, 492, 491, 464, 465, 493, 492, 465, 466, 494, 493, 466, 467, 495, 494, 467, 468, 496, 495, 468, 469, 497, 496, 469, 470, 498, 497, 470, 471, 499, 498, 471, 472, 500, 499, 472, 473, 501, 500, 473, 474, 502, 501, 474, 475, 503, 502, 475, 448, 476, 503, 476, 477, 504, 477, 478, 505, 478, 479, 506, 479, 480, 507, 480, 481, 508, 481, 482, 509, 482, 483, 510, 483, 484, 511, 484, 485, 512, 485, 486, 513, 486, 487, 514, 487, 488, 515, 488, 489, 516, 489, 490, 517, 490, 491, 518, 491, 492, 519, 492, 493, 520, 493, 494, 521, 494, 495, 522, 495, 496, 523, 496, 497, 524, 497, 498, 525, 498, 499, 526, 499, 500, 527, 500, 501, 528, 501, 502, 529, 502, 503, 530, 503, 476, 531]
                    rel material:binding = </Mobile/Materials/silver>
                }
            }
        }

        def Xform "beamB"
        {
            double3 xformOp:translate = (1.45, -0.42, 0)
            float3 xformOp:rotateXYZ.timeSamples = {
                0: (0, -0.0, 0),
                24: (0, -90.0, 0),
                48: (0, -180.0, 0),
                72: (0, -270.0, 0),
                96: (0, -360.0, 0),
                120: (0, -450.0, 0),
                144: (0, -540.0, 0),
                168: (0, -630.0, 0),
                192: (0, -720.0, 0)
            }
            uniform token[] xformOpOrder = ["xformOp:translate", "xformOp:rotateXYZ"]

            def Mesh "barB"
            {
                double3 xformOp:translate = (0.0, 0.42, 0.0)
                uniform token[] xformOpOrder = ["xformOp:translate"]
                uniform token subdivisionScheme = "none"
                point3f[] points = [(-0.85, -0.025, 0.025), (0.85, -0.025, 0.025), (0.85, 0.025, 0.025), (-0.85, 0.025, 0.025), (0.85, -0.025, -0.025), (-0.85, -0.025, -0.025), (-0.85, 0.025, -0.025), (0.85, 0.025, -0.025), (0.85, -0.025, 0.025), (0.85, -0.025, -0.025), (0.85, 0.025, -0.025), (0.85, 0.025, 0.025), (-0.85, -0.025, -0.025), (-0.85, -0.025, 0.025), (-0.85, 0.025, 0.025), (-0.85, 0.025, -0.025), (-0.85, 0.025, 0.025), (0.85, 0.025, 0.025), (0.85, 0.025, -0.025), (-0.85, 0.025, -0.025), (-0.85, -0.025, -0.025), (0.85, -0.025, -0.025), (0.85, -0.025, 0.025), (-0.85, -0.025, 0.025)]
                normal3f[] normals = [(0.0, 0.0, 1.0), (0.0, 0.0, 1.0), (0.0, 0.0, 1.0), (0.0, 0.0, 1.0), (0.0, 0.0, -1.0), (0.0, 0.0, -1.0), (0.0, 0.0, -1.0), (0.0, 0.0, -1.0), (1.0, 0.0, 0.0), (1.0, 0.0, 0.0), (1.0, 0.0, 0.0), (1.0, 0.0, 0.0), (-1.0, 0.0, 0.0), (-1.0, 0.0, 0.0), (-1.0, 0.0, 0.0), (-1.0, 0.0, 0.0), (0.0, 1.0, 0.0), (0.0, 1.0, 0.0), (0.0, 1.0, 0.0), (0.0, 1.0, 0.0), (0.0, -1.0, 0.0), (0.0, -1.0, 0.0), (0.0, -1.0, 0.0), (0.0, -1.0, 0.0)] (
                    interpolation = "vertex"
                )
                int[] faceVertexCounts = [4, 4, 4, 4, 4, 4]
                int[] faceVertexIndices = [0, 1, 2, 3, 4, 5, 6, 7, 8, 9, 10, 11, 12, 13, 14, 15, 16, 17, 18, 19, 20, 21, 22, 23]
                rel material:binding = </Mobile/Materials/brass>
            }

            def Xform "gem"
            {
                double3 xformOp:translate = (-0.82, 0.05, 0)
                quatf xformOp:orient.timeSamples = {
                    0: (1.0, 0.0, 0.0, 0.0),
                    24: (0.92388, 0.10836, 0.36122, 0.06502),
                    48: (0.70711, 0.20023, 0.66744, 0.12014),
                    72: (0.38268, 0.26162, 0.87205, 0.15697),
                    96: (0.0, 0.28317, 0.9439, 0.1699),
                    120: (-0.38268, 0.26162, 0.87205, 0.15697),
                    144: (-0.70711, 0.20023, 0.66744, 0.12014),
                    168: (-0.92388, 0.10836, 0.36122, 0.06502),
                    192: (-1.0, 0.0, 0.0, 0.0)
                }
                uniform token[] xformOpOrder = ["xformOp:translate", "xformOp:orient"]

                def Mesh "gemStone"
                {
                    uniform token subdivisionScheme = "none"
                    point3f[] points = [(0.0, 0.3, 0.0), (0.12, 0.0, 0.20785), (0.24, 0.0, 0.0), (0.0, -0.3, 0.0), (0.24, 0.0, 0.0), (0.12, 0.0, 0.20785), (0.0, 0.3, 0.0), (-0.12, 0.0, 0.20785), (0.12, 0.0, 0.20785), (0.0, -0.3, 0.0), (0.12, 0.0, 0.20785), (-0.12, 0.0, 0.20785), (0.0, 0.3, 0.0), (-0.24, 0.0, 0.0), (-0.12, 0.0, 0.20785), (0.0, -0.3, 0.0), (-0.12, 0.0, 0.20785), (-0.24, 0.0, 0.0), (0.0, 0.3, 0.0), (-0.12, 0.0, -0.20785), (-0.24, 0.0, 0.0), (0.0, -0.3, 0.0), (-0.24, 0.0, 0.0), (-0.12, 0.0, -0.20785), (0.0, 0.3, 0.0), (0.12, 0.0, -0.20785), (-0.12, 0.0, -0.20785), (0.0, -0.3, 0.0), (-0.12, 0.0, -0.20785), (0.12, 0.0, -0.20785), (0.0, 0.3, 0.0), (0.24, 0.0, 0.0), (0.12, 0.0, -0.20785), (0.0, -0.3, 0.0), (0.12, 0.0, -0.20785), (0.24, 0.0, 0.0)]
                    normal3f[] normals = [(0.71187, 0.56949, 0.411), (0.71187, 0.56949, 0.411), (0.71187, 0.56949, 0.411), (0.71187, -0.56949, 0.411), (0.71187, -0.56949, 0.411), (0.71187, -0.56949, 0.411), (-0.0, 0.56949, 0.82199), (-0.0, 0.56949, 0.82199), (-0.0, 0.56949, 0.82199), (-0.0, -0.56949, 0.82199), (-0.0, -0.56949, 0.82199), (-0.0, -0.56949, 0.82199), (-0.71187, 0.56949, 0.411), (-0.71187, 0.56949, 0.411), (-0.71187, 0.56949, 0.411), (-0.71187, -0.56949, 0.411), (-0.71187, -0.56949, 0.411), (-0.71187, -0.56949, 0.411), (-0.71187, 0.56949, -0.411), (-0.71187, 0.56949, -0.411), (-0.71187, 0.56949, -0.411), (-0.71187, -0.56949, -0.411), (-0.71187, -0.56949, -0.411), (-0.71187, -0.56949, -0.411), (-0.0, 0.56949, -0.82199), (-0.0, 0.56949, -0.82199), (-0.0, 0.56949, -0.82199), (-0.0, -0.56949, -0.82199), (-0.0, -0.56949, -0.82199), (-0.0, -0.56949, -0.82199), (0.71187, 0.56949, -0.411), (0.71187, 0.56949, -0.411), (0.71187, 0.56949, -0.411), (0.71187, -0.56949, -0.411), (0.71187, -0.56949, -0.411), (0.71187, -0.56949, -0.411)] (
                        interpolation = "vertex"
                    )
                    int[] faceVertexCounts = [3, 3, 3, 3, 3, 3, 3, 3, 3, 3, 3, 3]
                    int[] faceVertexIndices = [0, 1, 2, 3, 4, 5, 6, 7, 8, 9, 10, 11, 12, 13, 14, 15, 16, 17, 18, 19, 20, 21, 22, 23, 24, 25, 26, 27, 28, 29, 30, 31, 32, 33, 34, 35]
                    rel material:binding = </Mobile/Materials/amber>
                }
            }

            def Xform "swing"
            {
                double3 xformOp:translate = (0.82, -0.13, 0)
                double3 xformOp:translate:pivot = (0, 0.55, 0)
                float xformOp:rotateZ.timeSamples = {
                    0: 26.0,
                    8: 22.51666,
                    16: 13.0,
                    24: 0.0,
                    32: -13.0,
                    40: -22.51666,
                    48: -26.0,
                    56: -22.51666,
                    64: -13.0,
                    72: -0.0,
                    80: 13.0,
                    88: 22.51666,
                    96: 26.0,
                    104: 22.51666,
                    112: 13.0,
                    120: 0.0,
                    128: -13.0,
                    136: -22.51666,
                    144: -26.0,
                    152: -22.51666,
                    160: -13.0,
                    168: -0.0,
                    176: 13.0,
                    184: 22.51666,
                    192: 26.0
                }
                uniform token[] xformOpOrder = ["xformOp:translate", "xformOp:translate:pivot", "xformOp:rotateZ", "!invert!xformOp:translate:pivot"]

                def Mesh "swingRing"
                {
                    uniform token subdivisionScheme = "none"
                    point3f[] points = [(0.31, 0.0, 0.0), (0.30467, 0.0, 0.02679), (0.2895, 0.0, 0.0495), (0.26679, 0.0, 0.06467), (0.24, 0.0, 0.07), (0.21321, 0.0, 0.06467), (0.1905, 0.0, 0.0495), (0.17533, 0.0, 0.02679), (0.17, 0.0, 0.0), (0.17533, 0.0, -0.02679), (0.1905, 0.0, -0.0495), (0.21321, 0.0, -0.06467), (0.24, 0.0, -0.07), (0.26679, 0.0, -0.06467), (0.2895, 0.0, -0.0495), (0.30467, 0.0, -0.02679), (0.30404, 0.06048, 0.0), (0.29882, 0.05944, 0.02679), (0.28393, 0.05648, 0.0495), (0.26166, 0.05205, 0.06467), (0.23539, 0.04682, 0.07), (0.20912, 0.0416, 0.06467), (0.18684, 0.03717, 0.0495), (0.17196, 0.0342, 0.02679), (0.16673, 0.03317, 0.0), (0.17196, 0.0342, -0.02679), (0.18684, 0.03717, -0.0495), (0.20912, 0.0416, -0.06467), (0.23539, 0.04682, -0.07), (0.26166, 0.05205, -0.06467), (0.28393, 0.05648, -0.0495), (0.29882, 0.05944, -0.02679), (0.2864, 0.11863, 0.0), (0.28148, 0.11659, 0.02679), (0.26746, 0.11079, 0.0495), (0.24648, 0.1021, 0.06467), (0.22173, 0.09184, 0.07), (0.19698, 0.08159, 0.06467), (0.176, 0.0729, 0.0495), (0.16198, 0.0671, 0.02679), (0.15706, 0.06506, 0.0), (0.16198, 0.0671, -0.02679), (0.176, 0.0729, -0.0495), (0.19698, 0.08159, -0.06467), (0.22173, 0.09184, -0.07), (0.24648, 0.1021, -0.06467), (0.26746, 0.11079, -0.0495), (0.28148, 0.11659, -0.02679), (0.25776, 0.17223, 0.0), (0.25333, 0.16927, 0.02679), (0.24071, 0.16084, 0.0495), (0.22183, 0.14822, 0.06467), (0.19955, 0.13334, 0.07), (0.17728, 0.11845, 0.06467), (0.1584, 0.10584, 0.0495), (0.14578, 0.09741, 0.02679), (0.14135, 0.09445, 0.0), (0.14578, 0.09741, -0.02679), (0.1584, 0.10584, -0.0495), (0.17728, 0.11845, -0.06467), (0.19955, 0.13334, -0.07), (0.22183, 0.14822, -0.06467), (0.24071, 0.16084, -0.0495), (0.25333, 0.16927, -0.02679), (0.2192, 0.2192, 0.0), (0.21544, 0.21544, 0.02679), (0.20471, 0.20471, 0.0495), (0.18865, 0.18865, 0.06467), (0.16971, 0.16971, 0.07), (0.15076, 0.15076, 0.06467), (0.13471, 0.13471, 0.0495), (0.12398, 0.12398, 0.02679), (0.12021, 0.12021, 0.0), (0.12398, 0.12398, -0.02679), (0.13471, 0.13471, -0.0495), (0.15076, 0.15076, -0.06467), (0.16971, 0.16971, -0.07), (0.18865, 0.18865, -0.06467), (0.20471, 0.20471, -0.0495), (0.21544, 0.21544, -0.02679), (0.17223, 0.25776, 0.0), (0.16927, 0.25333, 0.02679), (0.16084, 0.24071, 0.0495), (0.14822, 0.22183, 0.06467), (0.13334, 0.19955, 0.07), (0.11845, 0.17728, 0.06467), (0.10584, 0.1584, 0.0495), (0.09741, 0.14578, 0.02679), (0.09445, 0.14135, 0.0), (0.09741, 0.14578, -0.02679), (0.10584, 0.1584, -0.0495), (0.11845, 0.17728, -0.06467), (0.13334, 0.19955, -0.07), (0.14822, 0.22183, -0.06467), (0.16084, 0.24071, -0.0495), (0.16927, 0.25333, -0.02679), (0.11863, 0.2864, 0.0), (0.11659, 0.28148, 0.02679), (0.11079, 0.26746, 0.0495), (0.1021, 0.24648, 0.06467), (0.09184, 0.22173, 0.07), (0.08159, 0.19698, 0.06467), (0.0729, 0.176, 0.0495), (0.0671, 0.16198, 0.02679), (0.06506, 0.15706, 0.0), (0.0671, 0.16198, -0.02679), (0.0729, 0.176, -0.0495), (0.08159, 0.19698, -0.06467), (0.09184, 0.22173, -0.07), (0.1021, 0.24648, -0.06467), (0.11079, 0.26746, -0.0495), (0.11659, 0.28148, -0.02679), (0.06048, 0.30404, 0.0), (0.05944, 0.29882, 0.02679), (0.05648, 0.28393, 0.0495), (0.05205, 0.26166, 0.06467), (0.04682, 0.23539, 0.07), (0.0416, 0.20912, 0.06467), (0.03717, 0.18684, 0.0495), (0.0342, 0.17196, 0.02679), (0.03317, 0.16673, 0.0), (0.0342, 0.17196, -0.02679), (0.03717, 0.18684, -0.0495), (0.0416, 0.20912, -0.06467), (0.04682, 0.23539, -0.07), (0.05205, 0.26166, -0.06467), (0.05648, 0.28393, -0.0495), (0.05944, 0.29882, -0.02679), (0.0, 0.31, 0.0), (0.0, 0.30467, 0.02679), (0.0, 0.2895, 0.0495), (0.0, 0.26679, 0.06467), (0.0, 0.24, 0.07), (0.0, 0.21321, 0.06467), (0.0, 0.1905, 0.0495), (0.0, 0.17533, 0.02679), (0.0, 0.17, 0.0), (0.0, 0.17533, -0.02679), (0.0, 0.1905, -0.0495), (0.0, 0.21321, -0.06467), (0.0, 0.24, -0.07), (0.0, 0.26679, -0.06467), (0.0, 0.2895, -0.0495), (0.0, 0.30467, -0.02679), (-0.06048, 0.30404, 0.0), (-0.05944, 0.29882, 0.02679), (-0.05648, 0.28393, 0.0495), (-0.05205, 0.26166, 0.06467), (-0.04682, 0.23539, 0.07), (-0.0416, 0.20912, 0.06467), (-0.03717, 0.18684, 0.0495), (-0.0342, 0.17196, 0.02679), (-0.03317, 0.16673, 0.0), (-0.0342, 0.17196, -0.02679), (-0.03717, 0.18684, -0.0495), (-0.0416, 0.20912, -0.06467), (-0.04682, 0.23539, -0.07), (-0.05205, 0.26166, -0.06467), (-0.05648, 0.28393, -0.0495), (-0.05944, 0.29882, -0.02679), (-0.11863, 0.2864, 0.0), (-0.11659, 0.28148, 0.02679), (-0.11079, 0.26746, 0.0495), (-0.1021, 0.24648, 0.06467), (-0.09184, 0.22173, 0.07), (-0.08159, 0.19698, 0.06467), (-0.0729, 0.176, 0.0495), (-0.0671, 0.16198, 0.02679), (-0.06506, 0.15706, 0.0), (-0.0671, 0.16198, -0.02679), (-0.0729, 0.176, -0.0495), (-0.08159, 0.19698, -0.06467), (-0.09184, 0.22173, -0.07), (-0.1021, 0.24648, -0.06467), (-0.11079, 0.26746, -0.0495), (-0.11659, 0.28148, -0.02679), (-0.17223, 0.25776, 0.0), (-0.16927, 0.25333, 0.02679), (-0.16084, 0.24071, 0.0495), (-0.14822, 0.22183, 0.06467), (-0.13334, 0.19955, 0.07), (-0.11845, 0.17728, 0.06467), (-0.10584, 0.1584, 0.0495), (-0.09741, 0.14578, 0.02679), (-0.09445, 0.14135, 0.0), (-0.09741, 0.14578, -0.02679), (-0.10584, 0.1584, -0.0495), (-0.11845, 0.17728, -0.06467), (-0.13334, 0.19955, -0.07), (-0.14822, 0.22183, -0.06467), (-0.16084, 0.24071, -0.0495), (-0.16927, 0.25333, -0.02679), (-0.2192, 0.2192, 0.0), (-0.21544, 0.21544, 0.02679), (-0.20471, 0.20471, 0.0495), (-0.18865, 0.18865, 0.06467), (-0.16971, 0.16971, 0.07), (-0.15076, 0.15076, 0.06467), (-0.13471, 0.13471, 0.0495), (-0.12398, 0.12398, 0.02679), (-0.12021, 0.12021, 0.0), (-0.12398, 0.12398, -0.02679), (-0.13471, 0.13471, -0.0495), (-0.15076, 0.15076, -0.06467), (-0.16971, 0.16971, -0.07), (-0.18865, 0.18865, -0.06467), (-0.20471, 0.20471, -0.0495), (-0.21544, 0.21544, -0.02679), (-0.25776, 0.17223, 0.0), (-0.25333, 0.16927, 0.02679), (-0.24071, 0.16084, 0.0495), (-0.22183, 0.14822, 0.06467), (-0.19955, 0.13334, 0.07), (-0.17728, 0.11845, 0.06467), (-0.1584, 0.10584, 0.0495), (-0.14578, 0.09741, 0.02679), (-0.14135, 0.09445, 0.0), (-0.14578, 0.09741, -0.02679), (-0.1584, 0.10584, -0.0495), (-0.17728, 0.11845, -0.06467), (-0.19955, 0.13334, -0.07), (-0.22183, 0.14822, -0.06467), (-0.24071, 0.16084, -0.0495), (-0.25333, 0.16927, -0.02679), (-0.2864, 0.11863, 0.0), (-0.28148, 0.11659, 0.02679), (-0.26746, 0.11079, 0.0495), (-0.24648, 0.1021, 0.06467), (-0.22173, 0.09184, 0.07), (-0.19698, 0.08159, 0.06467), (-0.176, 0.0729, 0.0495), (-0.16198, 0.0671, 0.02679), (-0.15706, 0.06506, 0.0), (-0.16198, 0.0671, -0.02679), (-0.176, 0.0729, -0.0495), (-0.19698, 0.08159, -0.06467), (-0.22173, 0.09184, -0.07), (-0.24648, 0.1021, -0.06467), (-0.26746, 0.11079, -0.0495), (-0.28148, 0.11659, -0.02679), (-0.30404, 0.06048, 0.0), (-0.29882, 0.05944, 0.02679), (-0.28393, 0.05648, 0.0495), (-0.26166, 0.05205, 0.06467), (-0.23539, 0.04682, 0.07), (-0.20912, 0.0416, 0.06467), (-0.18684, 0.03717, 0.0495), (-0.17196, 0.0342, 0.02679), (-0.16673, 0.03317, 0.0), (-0.17196, 0.0342, -0.02679), (-0.18684, 0.03717, -0.0495), (-0.20912, 0.0416, -0.06467), (-0.23539, 0.04682, -0.07), (-0.26166, 0.05205, -0.06467), (-0.28393, 0.05648, -0.0495), (-0.29882, 0.05944, -0.02679), (-0.31, 0.0, 0.0), (-0.30467, 0.0, 0.02679), (-0.2895, 0.0, 0.0495), (-0.26679, 0.0, 0.06467), (-0.24, 0.0, 0.07), (-0.21321, 0.0, 0.06467), (-0.1905, 0.0, 0.0495), (-0.17533, 0.0, 0.02679), (-0.17, 0.0, 0.0), (-0.17533, 0.0, -0.02679), (-0.1905, 0.0, -0.0495), (-0.21321, 0.0, -0.06467), (-0.24, 0.0, -0.07), (-0.26679, 0.0, -0.06467), (-0.2895, 0.0, -0.0495), (-0.30467, 0.0, -0.02679), (-0.30404, -0.06048, 0.0), (-0.29882, -0.05944, 0.02679), (-0.28393, -0.05648, 0.0495), (-0.26166, -0.05205, 0.06467), (-0.23539, -0.04682, 0.07), (-0.20912, -0.0416, 0.06467), (-0.18684, -0.03717, 0.0495), (-0.17196, -0.0342, 0.02679), (-0.16673, -0.03317, 0.0), (-0.17196, -0.0342, -0.02679), (-0.18684, -0.03717, -0.0495), (-0.20912, -0.0416, -0.06467), (-0.23539, -0.04682, -0.07), (-0.26166, -0.05205, -0.06467), (-0.28393, -0.05648, -0.0495), (-0.29882, -0.05944, -0.02679), (-0.2864, -0.11863, 0.0), (-0.28148, -0.11659, 0.02679), (-0.26746, -0.11079, 0.0495), (-0.24648, -0.1021, 0.06467), (-0.22173, -0.09184, 0.07), (-0.19698, -0.08159, 0.06467), (-0.176, -0.0729, 0.0495), (-0.16198, -0.0671, 0.02679), (-0.15706, -0.06506, 0.0), (-0.16198, -0.0671, -0.02679), (-0.176, -0.0729, -0.0495), (-0.19698, -0.08159, -0.06467), (-0.22173, -0.09184, -0.07), (-0.24648, -0.1021, -0.06467), (-0.26746, -0.11079, -0.0495), (-0.28148, -0.11659, -0.02679), (-0.25776, -0.17223, 0.0), (-0.25333, -0.16927, 0.02679), (-0.24071, -0.16084, 0.0495), (-0.22183, -0.14822, 0.06467), (-0.19955, -0.13334, 0.07), (-0.17728, -0.11845, 0.06467), (-0.1584, -0.10584, 0.0495), (-0.14578, -0.09741, 0.02679), (-0.14135, -0.09445, 0.0), (-0.14578, -0.09741, -0.02679), (-0.1584, -0.10584, -0.0495), (-0.17728, -0.11845, -0.06467), (-0.19955, -0.13334, -0.07), (-0.22183, -0.14822, -0.06467), (-0.24071, -0.16084, -0.0495), (-0.25333, -0.16927, -0.02679), (-0.2192, -0.2192, 0.0), (-0.21544, -0.21544, 0.02679), (-0.20471, -0.20471, 0.0495), (-0.18865, -0.18865, 0.06467), (-0.16971, -0.16971, 0.07), (-0.15076, -0.15076, 0.06467), (-0.13471, -0.13471, 0.0495), (-0.12398, -0.12398, 0.02679), (-0.12021, -0.12021, 0.0), (-0.12398, -0.12398, -0.02679), (-0.13471, -0.13471, -0.0495), (-0.15076, -0.15076, -0.06467), (-0.16971, -0.16971, -0.07), (-0.18865, -0.18865, -0.06467), (-0.20471, -0.20471, -0.0495), (-0.21544, -0.21544, -0.02679), (-0.17223, -0.25776, 0.0), (-0.16927, -0.25333, 0.02679), (-0.16084, -0.24071, 0.0495), (-0.14822, -0.22183, 0.06467), (-0.13334, -0.19955, 0.07), (-0.11845, -0.17728, 0.06467), (-0.10584, -0.1584, 0.0495), (-0.09741, -0.14578, 0.02679), (-0.09445, -0.14135, 0.0), (-0.09741, -0.14578, -0.02679), (-0.10584, -0.1584, -0.0495), (-0.11845, -0.17728, -0.06467), (-0.13334, -0.19955, -0.07), (-0.14822, -0.22183, -0.06467), (-0.16084, -0.24071, -0.0495), (-0.16927, -0.25333, -0.02679), (-0.11863, -0.2864, 0.0), (-0.11659, -0.28148, 0.02679), (-0.11079, -0.26746, 0.0495), (-0.1021, -0.24648, 0.06467), (-0.09184, -0.22173, 0.07), (-0.08159, -0.19698, 0.06467), (-0.0729, -0.176, 0.0495), (-0.0671, -0.16198, 0.02679), (-0.06506, -0.15706, 0.0), (-0.0671, -0.16198, -0.02679), (-0.0729, -0.176, -0.0495), (-0.08159, -0.19698, -0.06467), (-0.09184, -0.22173, -0.07), (-0.1021, -0.24648, -0.06467), (-0.11079, -0.26746, -0.0495), (-0.11659, -0.28148, -0.02679), (-0.06048, -0.30404, 0.0), (-0.05944, -0.29882, 0.02679), (-0.05648, -0.28393, 0.0495), (-0.05205, -0.26166, 0.06467), (-0.04682, -0.23539, 0.07), (-0.0416, -0.20912, 0.06467), (-0.03717, -0.18684, 0.0495), (-0.0342, -0.17196, 0.02679), (-0.03317, -0.16673, 0.0), (-0.0342, -0.17196, -0.02679), (-0.03717, -0.18684, -0.0495), (-0.0416, -0.20912, -0.06467), (-0.04682, -0.23539, -0.07), (-0.05205, -0.26166, -0.06467), (-0.05648, -0.28393, -0.0495), (-0.05944, -0.29882, -0.02679), (0.0, -0.31, 0.0), (0.0, -0.30467, 0.02679), (0.0, -0.2895, 0.0495), (0.0, -0.26679, 0.06467), (0.0, -0.24, 0.07), (0.0, -0.21321, 0.06467), (0.0, -0.1905, 0.0495), (0.0, -0.17533, 0.02679), (0.0, -0.17, 0.0), (0.0, -0.17533, -0.02679), (0.0, -0.1905, -0.0495), (0.0, -0.21321, -0.06467), (0.0, -0.24, -0.07), (0.0, -0.26679, -0.06467), (0.0, -0.2895, -0.0495), (0.0, -0.30467, -0.02679), (0.06048, -0.30404, 0.0), (0.05944, -0.29882, 0.02679), (0.05648, -0.28393, 0.0495), (0.05205, -0.26166, 0.06467), (0.04682, -0.23539, 0.07), (0.0416, -0.20912, 0.06467), (0.03717, -0.18684, 0.0495), (0.0342, -0.17196, 0.02679), (0.03317, -0.16673, 0.0), (0.0342, -0.17196, -0.02679), (0.03717, -0.18684, -0.0495), (0.0416, -0.20912, -0.06467), (0.04682, -0.23539, -0.07), (0.05205, -0.26166, -0.06467), (0.05648, -0.28393, -0.0495), (0.05944, -0.29882, -0.02679), (0.11863, -0.2864, 0.0), (0.11659, -0.28148, 0.02679), (0.11079, -0.26746, 0.0495), (0.1021, -0.24648, 0.06467), (0.09184, -0.22173, 0.07), (0.08159, -0.19698, 0.06467), (0.0729, -0.176, 0.0495), (0.0671, -0.16198, 0.02679), (0.06506, -0.15706, 0.0), (0.0671, -0.16198, -0.02679), (0.0729, -0.176, -0.0495), (0.08159, -0.19698, -0.06467), (0.09184, -0.22173, -0.07), (0.1021, -0.24648, -0.06467), (0.11079, -0.26746, -0.0495), (0.11659, -0.28148, -0.02679), (0.17223, -0.25776, 0.0), (0.16927, -0.25333, 0.02679), (0.16084, -0.24071, 0.0495), (0.14822, -0.22183, 0.06467), (0.13334, -0.19955, 0.07), (0.11845, -0.17728, 0.06467), (0.10584, -0.1584, 0.0495), (0.09741, -0.14578, 0.02679), (0.09445, -0.14135, 0.0), (0.09741, -0.14578, -0.02679), (0.10584, -0.1584, -0.0495), (0.11845, -0.17728, -0.06467), (0.13334, -0.19955, -0.07), (0.14822, -0.22183, -0.06467), (0.16084, -0.24071, -0.0495), (0.16927, -0.25333, -0.02679), (0.2192, -0.2192, 0.0), (0.21544, -0.21544, 0.02679), (0.20471, -0.20471, 0.0495), (0.18865, -0.18865, 0.06467), (0.16971, -0.16971, 0.07), (0.15076, -0.15076, 0.06467), (0.13471, -0.13471, 0.0495), (0.12398, -0.12398, 0.02679), (0.12021, -0.12021, 0.0), (0.12398, -0.12398, -0.02679), (0.13471, -0.13471, -0.0495), (0.15076, -0.15076, -0.06467), (0.16971, -0.16971, -0.07), (0.18865, -0.18865, -0.06467), (0.20471, -0.20471, -0.0495), (0.21544, -0.21544, -0.02679), (0.25776, -0.17223, 0.0), (0.25333, -0.16927, 0.02679), (0.24071, -0.16084, 0.0495), (0.22183, -0.14822, 0.06467), (0.19955, -0.13334, 0.07), (0.17728, -0.11845, 0.06467), (0.1584, -0.10584, 0.0495), (0.14578, -0.09741, 0.02679), (0.14135, -0.09445, 0.0), (0.14578, -0.09741, -0.02679), (0.1584, -0.10584, -0.0495), (0.17728, -0.11845, -0.06467), (0.19955, -0.13334, -0.07), (0.22183, -0.14822, -0.06467), (0.24071, -0.16084, -0.0495), (0.25333, -0.16927, -0.02679), (0.2864, -0.11863, 0.0), (0.28148, -0.11659, 0.02679), (0.26746, -0.11079, 0.0495), (0.24648, -0.1021, 0.06467), (0.22173, -0.09184, 0.07), (0.19698, -0.08159, 0.06467), (0.176, -0.0729, 0.0495), (0.16198, -0.0671, 0.02679), (0.15706, -0.06506, 0.0), (0.16198, -0.0671, -0.02679), (0.176, -0.0729, -0.0495), (0.19698, -0.08159, -0.06467), (0.22173, -0.09184, -0.07), (0.24648, -0.1021, -0.06467), (0.26746, -0.11079, -0.0495), (0.28148, -0.11659, -0.02679), (0.30404, -0.06048, 0.0), (0.29882, -0.05944, 0.02679), (0.28393, -0.05648, 0.0495), (0.26166, -0.05205, 0.06467), (0.23539, -0.04682, 0.07), (0.20912, -0.0416, 0.06467), (0.18684, -0.03717, 0.0495), (0.17196, -0.0342, 0.02679), (0.16673, -0.03317, 0.0), (0.17196, -0.0342, -0.02679), (0.18684, -0.03717, -0.0495), (0.20912, -0.0416, -0.06467), (0.23539, -0.04682, -0.07), (0.26166, -0.05205, -0.06467), (0.28393, -0.05648, -0.0495), (0.29882, -0.05944, -0.02679)]
                    normal3f[] normals = [(1.0, 0.0, 0.0), (0.92388, 0.0, 0.38268), (0.70711, 0.0, 0.70711), (0.38268, 0.0, 0.92388), (0.0, 0.0, 1.0), (-0.38268, -0.0, 0.92388), (-0.70711, -0.0, 0.70711), (-0.92388, -0.0, 0.38268), (-1.0, -0.0, 0.0), (-0.92388, -0.0, -0.38268), (-0.70711, -0.0, -0.70711), (-0.38268, -0.0, -0.92388), (0.0, 0.0, -1.0), (0.38268, 0.0, -0.92388), (0.70711, 0.0, -0.70711), (0.92388, 0.0, -0.38268), (0.98079, 0.19509, 0.0), (0.90613, 0.18024, 0.38268), (0.69352, 0.13795, 0.70711), (0.37533, 0.07466, 0.92388), (0.0, 0.0, 1.0), (-0.37533, -0.07466, 0.92388), (-0.69352, -0.13795, 0.70711), (-0.90613, -0.18024, 0.38268), (-0.98079, -0.19509, 0.0), (-0.90613, -0.18024, -0.38268), (-0.69352, -0.13795, -0.70711), (-0.37533, -0.07466, -0.92388), (0.0, 0.0, -1.0), (0.37533, 0.07466, -0.92388), (0.69352, 0.13795, -0.70711), (0.90613, 0.18024, -0.38268), (0.92388, 0.38268, 0.0), (0.85355, 0.35355, 0.38268), (0.65328, 0.2706, 0.70711), (0.35355, 0.14645, 0.92388), (0.0, 0.0, 1.0), (-0.35355, -0.14645, 0.92388), (-0.65328, -0.2706, 0.70711), (-0.85355, -0.35355, 0.38268), (-0.92388, -0.38268, 0.0), (-0.85355, -0.35355, -0.38268), (-0.65328, -0.2706, -0.70711), (-0.35355, -0.14645, -0.92388), (0.0, 0.0, -1.0), (0.35355, 0.14645, -0.92388), (0.65328, 0.2706, -0.70711), (0.85355, 0.35355, -0.38268), (0.83147, 0.55557, 0.0), (0.76818, 0.51328, 0.38268), (0.58794, 0.39285, 0.70711), (0.31819, 0.21261, 0.92388), (0.0, 0.0, 1.0), (-0.31819, -0.21261, 0.92388), (-0.58794, -0.39285, 0.70711), (-0.76818, -0.51328, 0.38268), (-0.83147, -0.55557, 0.0), (-0.76818, -0.51328, -0.38268), (-0.58794, -0.39285, -0.70711), (-0.31819, -0.21261, -0.92388), (0.0, 0.0, -1.0), (0.31819, 0.21261, -0.92388), (0.58794, 0.39285, -0.70711), (0.76818, 0.51328, -0.38268), (0.70711, 0.70711, 0.0), (0.65328, 0.65328, 0.38268), (0.5, 0.5, 0.70711), (0.2706, 0.2706, 0.92388), (0.0, 0.0, 1.0), (-0.2706, -0.2706, 0.92388), (-0.5, -0.5, 0.70711), (-0.65328, -0.65328, 0.38268), (-0.70711, -0.70711, 0.0), (-0.65328, -0.65328, -0.38268), (-0.5, -0.5, -0.70711), (-0.2706, -0.2706, -0.92388), (0.0, 0.0, -1.0), (0.2706, 0.2706, -0.92388), (0.5, 0.5, -0.70711), (0.65328, 0.65328, -0.38268), (0.55557, 0.83147, 0.0), (0.51328, 0.76818, 0.38268), (0.39285, 0.58794, 0.70711), (0.21261, 0.31819, 0.92388), (0.0, 0.0, 1.0), (-0.21261, -0.31819, 0.92388), (-0.39285, -0.58794, 0.70711), (-0.51328, -0.76818, 0.38268), (-0.55557, -0.83147, 0.0), (-0.51328, -0.76818, -0.38268), (-0.39285, -0.58794, -0.70711), (-0.21261, -0.31819, -0.92388), (0.0, 0.0, -1.0), (0.21261, 0.31819, -0.92388), (0.39285, 0.58794, -0.70711), (0.51328, 0.76818, -0.38268), (0.38268, 0.92388, 0.0), (0.35355, 0.85355, 0.38268), (0.2706, 0.65328, 0.70711), (0.14645, 0.35355, 0.92388), (0.0, 0.0, 1.0), (-0.14645, -0.35355, 0.92388), (-0.2706, -0.65328, 0.70711), (-0.35355, -0.85355, 0.38268), (-0.38268, -0.92388, 0.0), (-0.35355, -0.85355, -0.38268), (-0.2706, -0.65328, -0.70711), (-0.14645, -0.35355, -0.92388), (0.0, 0.0, -1.0), (0.14645, 0.35355, -0.92388), (0.2706, 0.65328, -0.70711), (0.35355, 0.85355, -0.38268), (0.19509, 0.98079, 0.0), (0.18024, 0.90613, 0.38268), (0.13795, 0.69352, 0.70711), (0.07466, 0.37533, 0.92388), (0.0, 0.0, 1.0), (-0.07466, -0.37533, 0.92388), (-0.13795, -0.69352, 0.70711), (-0.18024, -0.90613, 0.38268), (-0.19509, -0.98079, 0.0), (-0.18024, -0.90613, -0.38268), (-0.13795, -0.69352, -0.70711), (-0.07466, -0.37533, -0.92388), (0.0, 0.0, -1.0), (0.07466, 0.37533, -0.92388), (0.13795, 0.69352, -0.70711), (0.18024, 0.90613, -0.38268), (0.0, 1.0, 0.0), (0.0, 0.92388, 0.38268), (0.0, 0.70711, 0.70711), (0.0, 0.38268, 0.92388), (0.0, 0.0, 1.0), (-0.0, -0.38268, 0.92388), (-0.0, -0.70711, 0.70711), (-0.0, -0.92388, 0.38268), (-0.0, -1.0, 0.0), (-0.0, -0.92388, -0.38268), (-0.0, -0.70711, -0.70711), (-0.0, -0.38268, -0.92388), (0.0, 0.0, -1.0), (0.0, 0.38268, -0.92388), (0.0, 0.70711, -0.70711), (0.0, 0.92388, -0.38268), (-0.19509, 0.98079, 0.0), (-0.18024, 0.90613, 0.38268), (-0.13795, 0.69352, 0.70711), (-0.07466, 0.37533, 0.92388), (-0.0, 0.0, 1.0), (0.07466, -0.37533, 0.92388), (0.13795, -0.69352, 0.70711), (0.18024, -0.90613, 0.38268), (0.19509, -0.98079, 0.0), (0.18024, -0.90613, -0.38268), (0.13795, -0.69352, -0.70711), (0.07466, -0.37533, -0.92388), (-0.0, 0.0, -1.0), (-0.07466, 0.37533, -0.92388), (-0.13795, 0.69352, -0.70711), (-0.18024, 0.90613, -0.38268), (-0.38268, 0.92388, 0.0), (-0.35355, 0.85355, 0.38268), (-0.2706, 0.65328, 0.70711), (-0.14645, 0.35355, 0.92388), (-0.0, 0.0, 1.0), (0.14645, -0.35355, 0.92388), (0.2706, -0.65328, 0.70711), (0.35355, -0.85355, 0.38268), (0.38268, -0.92388, 0.0), (0.35355, -0.85355, -0.38268), (0.2706, -0.65328, -0.70711), (0.14645, -0.35355, -0.92388), (-0.0, 0.0, -1.0), (-0.14645, 0.35355, -0.92388), (-0.2706, 0.65328, -0.70711), (-0.35355, 0.85355, -0.38268), (-0.55557, 0.83147, 0.0), (-0.51328, 0.76818, 0.38268), (-0.39285, 0.58794, 0.70711), (-0.21261, 0.31819, 0.92388), (-0.0, 0.0, 1.0), (0.21261, -0.31819, 0.92388), (0.39285, -0.58794, 0.70711), (0.51328, -0.76818, 0.38268), (0.55557, -0.83147, 0.0), (0.51328, -0.76818, -0.38268), (0.39285, -0.58794, -0.70711), (0.21261, -0.31819, -0.92388), (-0.0, 0.0, -1.0), (-0.21261, 0.31819, -0.92388), (-0.39285, 0.58794, -0.70711), (-0.51328, 0.76818, -0.38268), (-0.70711, 0.70711, 0.0), (-0.65328, 0.65328, 0.38268), (-0.5, 0.5, 0.70711), (-0.2706, 0.2706, 0.92388), (-0.0, 0.0, 1.0), (0.2706, -0.2706, 0.92388), (0.5, -0.5, 0.70711), (0.65328, -0.65328, 0.38268), (0.70711, -0.70711, 0.0), (0.65328, -0.65328, -0.38268), (0.5, -0.5, -0.70711), (0.2706, -0.2706, -0.92388), (-0.0, 0.0, -1.0), (-0.2706, 0.2706, -0.92388), (-0.5, 0.5, -0.70711), (-0.65328, 0.65328, -0.38268), (-0.83147, 0.55557, 0.0), (-0.76818, 0.51328, 0.38268), (-0.58794, 0.39285, 0.70711), (-0.31819, 0.21261, 0.92388), (-0.0, 0.0, 1.0), (0.31819, -0.21261, 0.92388), (0.58794, -0.39285, 0.70711), (0.76818, -0.51328, 0.38268), (0.83147, -0.55557, 0.0), (0.76818, -0.51328, -0.38268), (0.58794, -0.39285, -0.70711), (0.31819, -0.21261, -0.92388), (-0.0, 0.0, -1.0), (-0.31819, 0.21261, -0.92388), (-0.58794, 0.39285, -0.70711), (-0.76818, 0.51328, -0.38268), (-0.92388, 0.38268, 0.0), (-0.85355, 0.35355, 0.38268), (-0.65328, 0.2706, 0.70711), (-0.35355, 0.14645, 0.92388), (-0.0, 0.0, 1.0), (0.35355, -0.14645, 0.92388), (0.65328, -0.2706, 0.70711), (0.85355, -0.35355, 0.38268), (0.92388, -0.38268, 0.0), (0.85355, -0.35355, -0.38268), (0.65328, -0.2706, -0.70711), (0.35355, -0.14645, -0.92388), (-0.0, 0.0, -1.0), (-0.35355, 0.14645, -0.92388), (-0.65328, 0.2706, -0.70711), (-0.85355, 0.35355, -0.38268), (-0.98079, 0.19509, 0.0), (-0.90613, 0.18024, 0.38268), (-0.69352, 0.13795, 0.70711), (-0.37533, 0.07466, 0.92388), (-0.0, 0.0, 1.0), (0.37533, -0.07466, 0.92388), (0.69352, -0.13795, 0.70711), (0.90613, -0.18024, 0.38268), (0.98079, -0.19509, 0.0), (0.90613, -0.18024, -0.38268), (0.69352, -0.13795, -0.70711), (0.37533, -0.07466, -0.92388), (-0.0, 0.0, -1.0), (-0.37533, 0.07466, -0.92388), (-0.69352, 0.13795, -0.70711), (-0.90613, 0.18024, -0.38268), (-1.0, 0.0, 0.0), (-0.92388, 0.0, 0.38268), (-0.70711, 0.0, 0.70711), (-0.38268, 0.0, 0.92388), (-0.0, 0.0, 1.0), (0.38268, -0.0, 0.92388), (0.70711, -0.0, 0.70711), (0.92388, -0.0, 0.38268), (1.0, -0.0, 0.0), (0.92388, -0.0, -0.38268), (0.70711, -0.0, -0.70711), (0.38268, -0.0, -0.92388), (-0.0, 0.0, -1.0), (-0.38268, 0.0, -0.92388), (-0.70711, 0.0, -0.70711), (-0.92388, 0.0, -0.38268), (-0.98079, -0.19509, 0.0), (-0.90613, -0.18024, 0.38268), (-0.69352, -0.13795, 0.70711), (-0.37533, -0.07466, 0.92388), (-0.0, -0.0, 1.0), (0.37533, 0.07466, 0.92388), (0.69352, 0.13795, 0.70711), (0.90613, 0.18024, 0.38268), (0.98079, 0.19509, 0.0), (0.90613, 0.18024, -0.38268), (0.69352, 0.13795, -0.70711), (0.37533, 0.07466, -0.92388), (-0.0, -0.0, -1.0), (-0.37533, -0.07466, -0.92388), (-0.69352, -0.13795, -0.70711), (-0.90613, -0.18024, -0.38268), (-0.92388, -0.38268, 0.0), (-0.85355, -0.35355, 0.38268), (-0.65328, -0.2706, 0.70711), (-0.35355, -0.14645, 0.92388), (-0.0, -0.0, 1.0), (0.35355, 0.14645, 0.92388), (0.65328, 0.2706, 0.70711), (0.85355, 0.35355, 0.38268), (0.92388, 0.38268, 0.0), (0.85355, 0.35355, -0.38268), (0.65328, 0.2706, -0.70711), (0.35355, 0.14645, -0.92388), (-0.0, -0.0, -1.0), (-0.35355, -0.14645, -0.92388), (-0.65328, -0.2706, -0.70711), (-0.85355, -0.35355, -0.38268), (-0.83147, -0.55557, 0.0), (-0.76818, -0.51328, 0.38268), (-0.58794, -0.39285, 0.70711), (-0.31819, -0.21261, 0.92388), (-0.0, -0.0, 1.0), (0.31819, 0.21261, 0.92388), (0.58794, 0.39285, 0.70711), (0.76818, 0.51328, 0.38268), (0.83147, 0.55557, 0.0), (0.76818, 0.51328, -0.38268), (0.58794, 0.39285, -0.70711), (0.31819, 0.21261, -0.92388), (-0.0, -0.0, -1.0), (-0.31819, -0.21261, -0.92388), (-0.58794, -0.39285, -0.70711), (-0.76818, -0.51328, -0.38268), (-0.70711, -0.70711, 0.0), (-0.65328, -0.65328, 0.38268), (-0.5, -0.5, 0.70711), (-0.2706, -0.2706, 0.92388), (-0.0, -0.0, 1.0), (0.2706, 0.2706, 0.92388), (0.5, 0.5, 0.70711), (0.65328, 0.65328, 0.38268), (0.70711, 0.70711, 0.0), (0.65328, 0.65328, -0.38268), (0.5, 0.5, -0.70711), (0.2706, 0.2706, -0.92388), (-0.0, -0.0, -1.0), (-0.2706, -0.2706, -0.92388), (-0.5, -0.5, -0.70711), (-0.65328, -0.65328, -0.38268), (-0.55557, -0.83147, 0.0), (-0.51328, -0.76818, 0.38268), (-0.39285, -0.58794, 0.70711), (-0.21261, -0.31819, 0.92388), (-0.0, -0.0, 1.0), (0.21261, 0.31819, 0.92388), (0.39285, 0.58794, 0.70711), (0.51328, 0.76818, 0.38268), (0.55557, 0.83147, 0.0), (0.51328, 0.76818, -0.38268), (0.39285, 0.58794, -0.70711), (0.21261, 0.31819, -0.92388), (-0.0, -0.0, -1.0), (-0.21261, -0.31819, -0.92388), (-0.39285, -0.58794, -0.70711), (-0.51328, -0.76818, -0.38268), (-0.38268, -0.92388, 0.0), (-0.35355, -0.85355, 0.38268), (-0.2706, -0.65328, 0.70711), (-0.14645, -0.35355, 0.92388), (-0.0, -0.0, 1.0), (0.14645, 0.35355, 0.92388), (0.2706, 0.65328, 0.70711), (0.35355, 0.85355, 0.38268), (0.38268, 0.92388, 0.0), (0.35355, 0.85355, -0.38268), (0.2706, 0.65328, -0.70711), (0.14645, 0.35355, -0.92388), (-0.0, -0.0, -1.0), (-0.14645, -0.35355, -0.92388), (-0.2706, -0.65328, -0.70711), (-0.35355, -0.85355, -0.38268), (-0.19509, -0.98079, 0.0), (-0.18024, -0.90613, 0.38268), (-0.13795, -0.69352, 0.70711), (-0.07466, -0.37533, 0.92388), (-0.0, -0.0, 1.0), (0.07466, 0.37533, 0.92388), (0.13795, 0.69352, 0.70711), (0.18024, 0.90613, 0.38268), (0.19509, 0.98079, 0.0), (0.18024, 0.90613, -0.38268), (0.13795, 0.69352, -0.70711), (0.07466, 0.37533, -0.92388), (-0.0, -0.0, -1.0), (-0.07466, -0.37533, -0.92388), (-0.13795, -0.69352, -0.70711), (-0.18024, -0.90613, -0.38268), (0.0, -1.0, 0.0), (0.0, -0.92388, 0.38268), (0.0, -0.70711, 0.70711), (0.0, -0.38268, 0.92388), (0.0, -0.0, 1.0), (-0.0, 0.38268, 0.92388), (-0.0, 0.70711, 0.70711), (-0.0, 0.92388, 0.38268), (-0.0, 1.0, 0.0), (-0.0, 0.92388, -0.38268), (-0.0, 0.70711, -0.70711), (-0.0, 0.38268, -0.92388), (0.0, -0.0, -1.0), (0.0, -0.38268, -0.92388), (0.0, -0.70711, -0.70711), (0.0, -0.92388, -0.38268), (0.19509, -0.98079, 0.0), (0.18024, -0.90613, 0.38268), (0.13795, -0.69352, 0.70711), (0.07466, -0.37533, 0.92388), (0.0, -0.0, 1.0), (-0.07466, 0.37533, 0.92388), (-0.13795, 0.69352, 0.70711), (-0.18024, 0.90613, 0.38268), (-0.19509, 0.98079, 0.0), (-0.18024, 0.90613, -0.38268), (-0.13795, 0.69352, -0.70711), (-0.07466, 0.37533, -0.92388), (0.0, -0.0, -1.0), (0.07466, -0.37533, -0.92388), (0.13795, -0.69352, -0.70711), (0.18024, -0.90613, -0.38268), (0.38268, -0.92388, 0.0), (0.35355, -0.85355, 0.38268), (0.2706, -0.65328, 0.70711), (0.14645, -0.35355, 0.92388), (0.0, -0.0, 1.0), (-0.14645, 0.35355, 0.92388), (-0.2706, 0.65328, 0.70711), (-0.35355, 0.85355, 0.38268), (-0.38268, 0.92388, 0.0), (-0.35355, 0.85355, -0.38268), (-0.2706, 0.65328, -0.70711), (-0.14645, 0.35355, -0.92388), (0.0, -0.0, -1.0), (0.14645, -0.35355, -0.92388), (0.2706, -0.65328, -0.70711), (0.35355, -0.85355, -0.38268), (0.55557, -0.83147, 0.0), (0.51328, -0.76818, 0.38268), (0.39285, -0.58794, 0.70711), (0.21261, -0.31819, 0.92388), (0.0, -0.0, 1.0), (-0.21261, 0.31819, 0.92388), (-0.39285, 0.58794, 0.70711), (-0.51328, 0.76818, 0.38268), (-0.55557, 0.83147, 0.0), (-0.51328, 0.76818, -0.38268), (-0.39285, 0.58794, -0.70711), (-0.21261, 0.31819, -0.92388), (0.0, -0.0, -1.0), (0.21261, -0.31819, -0.92388), (0.39285, -0.58794, -0.70711), (0.51328, -0.76818, -0.38268), (0.70711, -0.70711, 0.0), (0.65328, -0.65328, 0.38268), (0.5, -0.5, 0.70711), (0.2706, -0.2706, 0.92388), (0.0, -0.0, 1.0), (-0.2706, 0.2706, 0.92388), (-0.5, 0.5, 0.70711), (-0.65328, 0.65328, 0.38268), (-0.70711, 0.70711, 0.0), (-0.65328, 0.65328, -0.38268), (-0.5, 0.5, -0.70711), (-0.2706, 0.2706, -0.92388), (0.0, -0.0, -1.0), (0.2706, -0.2706, -0.92388), (0.5, -0.5, -0.70711), (0.65328, -0.65328, -0.38268), (0.83147, -0.55557, 0.0), (0.76818, -0.51328, 0.38268), (0.58794, -0.39285, 0.70711), (0.31819, -0.21261, 0.92388), (0.0, -0.0, 1.0), (-0.31819, 0.21261, 0.92388), (-0.58794, 0.39285, 0.70711), (-0.76818, 0.51328, 0.38268), (-0.83147, 0.55557, 0.0), (-0.76818, 0.51328, -0.38268), (-0.58794, 0.39285, -0.70711), (-0.31819, 0.21261, -0.92388), (0.0, -0.0, -1.0), (0.31819, -0.21261, -0.92388), (0.58794, -0.39285, -0.70711), (0.76818, -0.51328, -0.38268), (0.92388, -0.38268, 0.0), (0.85355, -0.35355, 0.38268), (0.65328, -0.2706, 0.70711), (0.35355, -0.14645, 0.92388), (0.0, -0.0, 1.0), (-0.35355, 0.14645, 0.92388), (-0.65328, 0.2706, 0.70711), (-0.85355, 0.35355, 0.38268), (-0.92388, 0.38268, 0.0), (-0.85355, 0.35355, -0.38268), (-0.65328, 0.2706, -0.70711), (-0.35355, 0.14645, -0.92388), (0.0, -0.0, -1.0), (0.35355, -0.14645, -0.92388), (0.65328, -0.2706, -0.70711), (0.85355, -0.35355, -0.38268), (0.98079, -0.19509, 0.0), (0.90613, -0.18024, 0.38268), (0.69352, -0.13795, 0.70711), (0.37533, -0.07466, 0.92388), (0.0, -0.0, 1.0), (-0.37533, 0.07466, 0.92388), (-0.69352, 0.13795, 0.70711), (-0.90613, 0.18024, 0.38268), (-0.98079, 0.19509, 0.0), (-0.90613, 0.18024, -0.38268), (-0.69352, 0.13795, -0.70711), (-0.37533, 0.07466, -0.92388), (0.0, -0.0, -1.0), (0.37533, -0.07466, -0.92388), (0.69352, -0.13795, -0.70711), (0.90613, -0.18024, -0.38268)] (
                        interpolation = "vertex"
                    )
                    int[] faceVertexCounts = [4, 4, 4, 4, 4, 4, 4, 4, 4, 4, 4, 4, 4, 4, 4, 4, 4, 4, 4, 4, 4, 4, 4, 4, 4, 4, 4, 4, 4, 4, 4, 4, 4, 4, 4, 4, 4, 4, 4, 4, 4, 4, 4, 4, 4, 4, 4, 4, 4, 4, 4, 4, 4, 4, 4, 4, 4, 4, 4, 4, 4, 4, 4, 4, 4, 4, 4, 4, 4, 4, 4, 4, 4, 4, 4, 4, 4, 4, 4, 4, 4, 4, 4, 4, 4, 4, 4, 4, 4, 4, 4, 4, 4, 4, 4, 4, 4, 4, 4, 4, 4, 4, 4, 4, 4, 4, 4, 4, 4, 4, 4, 4, 4, 4, 4, 4, 4, 4, 4, 4, 4, 4, 4, 4, 4, 4, 4, 4, 4, 4, 4, 4, 4, 4, 4, 4, 4, 4, 4, 4, 4, 4, 4, 4, 4, 4, 4, 4, 4, 4, 4, 4, 4, 4, 4, 4, 4, 4, 4, 4, 4, 4, 4, 4, 4, 4, 4, 4, 4, 4, 4, 4, 4, 4, 4, 4, 4, 4, 4, 4, 4, 4, 4, 4, 4, 4, 4, 4, 4, 4, 4, 4, 4, 4, 4, 4, 4, 4, 4, 4, 4, 4, 4, 4, 4, 4, 4, 4, 4, 4, 4, 4, 4, 4, 4, 4, 4, 4, 4, 4, 4, 4, 4, 4, 4, 4, 4, 4, 4, 4, 4, 4, 4, 4, 4, 4, 4, 4, 4, 4, 4, 4, 4, 4, 4, 4, 4, 4, 4, 4, 4, 4, 4, 4, 4, 4, 4, 4, 4, 4, 4, 4, 4, 4, 4, 4, 4, 4, 4, 4, 4, 4, 4, 4, 4, 4, 4, 4, 4, 4, 4, 4, 4, 4, 4, 4, 4, 4, 4, 4, 4, 4, 4, 4, 4, 4, 4, 4, 4, 4, 4, 4, 4, 4, 4, 4, 4, 4, 4, 4, 4, 4, 4, 4, 4, 4, 4, 4, 4, 4, 4, 4, 4, 4, 4, 4, 4, 4, 4, 4, 4, 4, 4, 4, 4, 4, 4, 4, 4, 4, 4, 4, 4, 4, 4, 4, 4, 4, 4, 4, 4, 4, 4, 4, 4, 4, 4, 4, 4, 4, 4, 4, 4, 4, 4, 4, 4, 4, 4, 4, 4, 4, 4, 4, 4, 4, 4, 4, 4, 4, 4, 4, 4, 4, 4, 4, 4, 4, 4, 4, 4, 4, 4, 4, 4, 4, 4, 4, 4, 4, 4, 4, 4, 4, 4, 4, 4, 4, 4, 4, 4, 4, 4, 4, 4, 4, 4, 4, 4, 4, 4, 4, 4, 4, 4, 4, 4, 4, 4, 4, 4, 4, 4, 4, 4, 4, 4, 4, 4, 4, 4, 4, 4, 4, 4, 4, 4, 4, 4, 4, 4, 4, 4, 4, 4, 4, 4, 4, 4, 4, 4, 4, 4, 4, 4, 4, 4, 4, 4, 4, 4, 4, 4, 4, 4, 4, 4, 4, 4, 4, 4, 4, 4, 4, 4, 4, 4, 4, 4, 4, 4, 4, 4, 4, 4, 4, 4, 4, 4, 4, 4, 4, 4, 4, 4, 4, 4, 4, 4, 4, 4, 4]
                    int[] faceVertexIndices = [0, 16, 17, 1, 1, 17, 18, 2, 2, 18, 19, 3, 3, 19, 20, 4, 4, 20, 21, 5, 5, 21, 22, 6, 6, 22, 23, 7, 7, 23, 24, 8, 8, 24, 25, 9, 9, 25, 26, 10, 10, 26, 27, 11, 11, 27, 28, 12, 12, 28, 29, 13, 13, 29, 30, 14, 14, 30, 31, 15, 15, 31, 16, 0, 16, 32, 33, 17, 17, 33, 34, 18, 18, 34, 35, 19, 19, 35, 36, 20, 20, 36, 37, 21, 21, 37, 38, 22, 22, 38, 39, 23, 23, 39, 40, 24, 24, 40, 41, 25, 25, 41, 42, 26, 26, 42, 43, 27, 27, 43, 44, 28, 28, 44, 45, 29, 29, 45, 46, 30, 30, 46, 47, 31, 31, 47, 32, 16, 32, 48, 49, 33, 33, 49, 50, 34, 34, 50, 51, 35, 35, 51, 52, 36, 36, 52, 53, 37, 37, 53, 54, 38, 38, 54, 55, 39, 39, 55, 56, 40, 40, 56, 57, 41, 41, 57, 58, 42, 42, 58, 59, 43, 43, 59, 60, 44, 44, 60, 61, 45, 45, 61, 62, 46, 46, 62, 63, 47, 47, 63, 48, 32, 48, 64, 65, 49, 49, 65, 66, 50, 50, 66, 67, 51, 51, 67, 68, 52, 52, 68, 69, 53, 53, 69, 70, 54, 54, 70, 71, 55, 55, 71, 72, 56, 56, 72, 73, 57, 57, 73, 74, 58, 58, 74, 75, 59, 59, 75, 76, 60, 60, 76, 77, 61, 61, 77, 78, 62, 62, 78, 79, 63, 63, 79, 64, 48, 64, 80, 81, 65, 65, 81, 82, 66, 66, 82, 83, 67, 67, 83, 84, 68, 68, 84, 85, 69, 69, 85, 86, 70, 70, 86, 87, 71, 71, 87, 88, 72, 72, 88, 89, 73, 73, 89, 90, 74, 74, 90, 91, 75, 75, 91, 92, 76, 76, 92, 93, 77, 77, 93, 94, 78, 78, 94, 95, 79, 79, 95, 80, 64, 80, 96, 97, 81, 81, 97, 98, 82, 82, 98, 99, 83, 83, 99, 100, 84, 84, 100, 101, 85, 85, 101, 102, 86, 86, 102, 103, 87, 87, 103, 104, 88, 88, 104, 105, 89, 89, 105, 106, 90, 90, 106, 107, 91, 91, 107, 108, 92, 92, 108, 109, 93, 93, 109, 110, 94, 94, 110, 111, 95, 95, 111, 96, 80, 96, 112, 113, 97, 97, 113, 114, 98, 98, 114, 115, 99, 99, 115, 116, 100, 100, 116, 117, 101, 101, 117, 118, 102, 102, 118, 119, 103, 103, 119, 120, 104, 104, 120, 121, 105, 105, 121, 122, 106, 106, 122, 123, 107, 107, 123, 124, 108, 108, 124, 125, 109, 109, 125, 126, 110, 110, 126, 127, 111, 111, 127, 112, 96, 112, 128, 129, 113, 113, 129, 130, 114, 114, 130, 131, 115, 115, 131, 132, 116, 116, 132, 133, 117, 117, 133, 134, 118, 118, 134, 135, 119, 119, 135, 136, 120, 120, 136, 137, 121, 121, 137, 138, 122, 122, 138, 139, 123, 123, 139, 140, 124, 124, 140, 141, 125, 125, 141, 142, 126, 126, 142, 143, 127, 127, 143, 128, 112, 128, 144, 145, 129, 129, 145, 146, 130, 130, 146, 147, 131, 131, 147, 148, 132, 132, 148, 149, 133, 133, 149, 150, 134, 134, 150, 151, 135, 135, 151, 152, 136, 136, 152, 153, 137, 137, 153, 154, 138, 138, 154, 155, 139, 139, 155, 156, 140, 140, 156, 157, 141, 141, 157, 158, 142, 142, 158, 159, 143, 143, 159, 144, 128, 144, 160, 161, 145, 145, 161, 162, 146, 146, 162, 163, 147, 147, 163, 164, 148, 148, 164, 165, 149, 149, 165, 166, 150, 150, 166, 167, 151, 151, 167, 168, 152, 152, 168, 169, 153, 153, 169, 170, 154, 154, 170, 171, 155, 155, 171, 172, 156, 156, 172, 173, 157, 157, 173, 174, 158, 158, 174, 175, 159, 159, 175, 160, 144, 160, 176, 177, 161, 161, 177, 178, 162, 162, 178, 179, 163, 163, 179, 180, 164, 164, 180, 181, 165, 165, 181, 182, 166, 166, 182, 183, 167, 167, 183, 184, 168, 168, 184, 185, 169, 169, 185, 186, 170, 170, 186, 187, 171, 171, 187, 188, 172, 172, 188, 189, 173, 173, 189, 190, 174, 174, 190, 191, 175, 175, 191, 176, 160, 176, 192, 193, 177, 177, 193, 194, 178, 178, 194, 195, 179, 179, 195, 196, 180, 180, 196, 197, 181, 181, 197, 198, 182, 182, 198, 199, 183, 183, 199, 200, 184, 184, 200, 201, 185, 185, 201, 202, 186, 186, 202, 203, 187, 187, 203, 204, 188, 188, 204, 205, 189, 189, 205, 206, 190, 190, 206, 207, 191, 191, 207, 192, 176, 192, 208, 209, 193, 193, 209, 210, 194, 194, 210, 211, 195, 195, 211, 212, 196, 196, 212, 213, 197, 197, 213, 214, 198, 198, 214, 215, 199, 199, 215, 216, 200, 200, 216, 217, 201, 201, 217, 218, 202, 202, 218, 219, 203, 203, 219, 220, 204, 204, 220, 221, 205, 205, 221, 222, 206, 206, 222, 223, 207, 207, 223, 208, 192, 208, 224, 225, 209, 209, 225, 226, 210, 210, 226, 227, 211, 211, 227, 228, 212, 212, 228, 229, 213, 213, 229, 230, 214, 214, 230, 231, 215, 215, 231, 232, 216, 216, 232, 233, 217, 217, 233, 234, 218, 218, 234, 235, 219, 219, 235, 236, 220, 220, 236, 237, 221, 221, 237, 238, 222, 222, 238, 239, 223, 223, 239, 224, 208, 224, 240, 241, 225, 225, 241, 242, 226, 226, 242, 243, 227, 227, 243, 244, 228, 228, 244, 245, 229, 229, 245, 246, 230, 230, 246, 247, 231, 231, 247, 248, 232, 232, 248, 249, 233, 233, 249, 250, 234, 234, 250, 251, 235, 235, 251, 252, 236, 236, 252, 253, 237, 237, 253, 254, 238, 238, 254, 255, 239, 239, 255, 240, 224, 240, 256, 257, 241, 241, 257, 258, 242, 242, 258, 259, 243, 243, 259, 260, 244, 244, 260, 261, 245, 245, 261, 262, 246, 246, 262, 263, 247, 247, 263, 264, 248, 248, 264, 265, 249, 249, 265, 266, 250, 250, 266, 267, 251, 251, 267, 268, 252, 252, 268, 269, 253, 253, 269, 270, 254, 254, 270, 271, 255, 255, 271, 256, 240, 256, 272, 273, 257, 257, 273, 274, 258, 258, 274, 275, 259, 259, 275, 276, 260, 260, 276, 277, 261, 261, 277, 278, 262, 262, 278, 279, 263, 263, 279, 280, 264, 264, 280, 281, 265, 265, 281, 282, 266, 266, 282, 283, 267, 267, 283, 284, 268, 268, 284, 285, 269, 269, 285, 286, 270, 270, 286, 287, 271, 271, 287, 272, 256, 272, 288, 289, 273, 273, 289, 290, 274, 274, 290, 291, 275, 275, 291, 292, 276, 276, 292, 293, 277, 277, 293, 294, 278, 278, 294, 295, 279, 279, 295, 296, 280, 280, 296, 297, 281, 281, 297, 298, 282, 282, 298, 299, 283, 283, 299, 300, 284, 284, 300, 301, 285, 285, 301, 302, 286, 286, 302, 303, 287, 287, 303, 288, 272, 288, 304, 305, 289, 289, 305, 306, 290, 290, 306, 307, 291, 291, 307, 308, 292, 292, 308, 309, 293, 293, 309, 310, 294, 294, 310, 311, 295, 295, 311, 312, 296, 296, 312, 313, 297, 297, 313, 314, 298, 298, 314, 315, 299, 299, 315, 316, 300, 300, 316, 317, 301, 301, 317, 318, 302, 302, 318, 319, 303, 303, 319, 304, 288, 304, 320, 321, 305, 305, 321, 322, 306, 306, 322, 323, 307, 307, 323, 324, 308, 308, 324, 325, 309, 309, 325, 326, 310, 310, 326, 327, 311, 311, 327, 328, 312, 312, 328, 329, 313, 313, 329, 330, 314, 314, 330, 331, 315, 315, 331, 332, 316, 316, 332, 333, 317, 317, 333, 334, 318, 318, 334, 335, 319, 319, 335, 320, 304, 320, 336, 337, 321, 321, 337, 338, 322, 322, 338, 339, 323, 323, 339, 340, 324, 324, 340, 341, 325, 325, 341, 342, 326, 326, 342, 343, 327, 327, 343, 344, 328, 328, 344, 345, 329, 329, 345, 346, 330, 330, 346, 347, 331, 331, 347, 348, 332, 332, 348, 349, 333, 333, 349, 350, 334, 334, 350, 351, 335, 335, 351, 336, 320, 336, 352, 353, 337, 337, 353, 354, 338, 338, 354, 355, 339, 339, 355, 356, 340, 340, 356, 357, 341, 341, 357, 358, 342, 342, 358, 359, 343, 343, 359, 360, 344, 344, 360, 361, 345, 345, 361, 362, 346, 346, 362, 363, 347, 347, 363, 364, 348, 348, 364, 365, 349, 349, 365, 366, 350, 350, 366, 367, 351, 351, 367, 352, 336, 352, 368, 369, 353, 353, 369, 370, 354, 354, 370, 371, 355, 355, 371, 372, 356, 356, 372, 373, 357, 357, 373, 374, 358, 358, 374, 375, 359, 359, 375, 376, 360, 360, 376, 377, 361, 361, 377, 378, 362, 362, 378, 379, 363, 363, 379, 380, 364, 364, 380, 381, 365, 365, 381, 382, 366, 366, 382, 383, 367, 367, 383, 368, 352, 368, 384, 385, 369, 369, 385, 386, 370, 370, 386, 387, 371, 371, 387, 388, 372, 372, 388, 389, 373, 373, 389, 390, 374, 374, 390, 391, 375, 375, 391, 392, 376, 376, 392, 393, 377, 377, 393, 394, 378, 378, 394, 395, 379, 379, 395, 396, 380, 380, 396, 397, 381, 381, 397, 398, 382, 382, 398, 399, 383, 383, 399, 384, 368, 384, 400, 401, 385, 385, 401, 402, 386, 386, 402, 403, 387, 387, 403, 404, 388, 388, 404, 405, 389, 389, 405, 406, 390, 390, 406, 407, 391, 391, 407, 408, 392, 392, 408, 409, 393, 393, 409, 410, 394, 394, 410, 411, 395, 395, 411, 412, 396, 396, 412, 413, 397, 397, 413, 414, 398, 398, 414, 415, 399, 399, 415, 400, 384, 400, 416, 417, 401, 401, 417, 418, 402, 402, 418, 419, 403, 403, 419, 420, 404, 404, 420, 421, 405, 405, 421, 422, 406, 406, 422, 423, 407, 407, 423, 424, 408, 408, 424, 425, 409, 409, 425, 426, 410, 410, 426, 427, 411, 411, 427, 428, 412, 412, 428, 429, 413, 413, 429, 430, 414, 414, 430, 431, 415, 415, 431, 416, 400, 416, 432, 433, 417, 417, 433, 434, 418, 418, 434, 435, 419, 419, 435, 436, 420, 420, 436, 437, 421, 421, 437, 438, 422, 422, 438, 439, 423, 423, 439, 440, 424, 424, 440, 441, 425, 425, 441, 442, 426, 426, 442, 443, 427, 427, 443, 444, 428, 428, 444, 445, 429, 429, 445, 446, 430, 430, 446, 447, 431, 431, 447, 432, 416, 432, 448, 449, 433, 433, 449, 450, 434, 434, 450, 451, 435, 435, 451, 452, 436, 436, 452, 453, 437, 437, 453, 454, 438, 438, 454, 455, 439, 439, 455, 456, 440, 440, 456, 457, 441, 441, 457, 458, 442, 442, 458, 459, 443, 443, 459, 460, 444, 444, 460, 461, 445, 445, 461, 462, 446, 446, 462, 463, 447, 447, 463, 448, 432, 448, 464, 465, 449, 449, 465, 466, 450, 450, 466, 467, 451, 451, 467, 468, 452, 452, 468, 469, 453, 453, 469, 470, 454, 454, 470, 471, 455, 455, 471, 472, 456, 456, 472, 473, 457, 457, 473, 474, 458, 458, 474, 475, 459, 459, 475, 476, 460, 460, 476, 477, 461, 461, 477, 478, 462, 462, 478, 479, 463, 463, 479, 464, 448, 464, 480, 481, 465, 465, 481, 482, 466, 466, 482, 483, 467, 467, 483, 484, 468, 468, 484, 485, 469, 469, 485, 486, 470, 470, 486, 487, 471, 471, 487, 488, 472, 472, 488, 489, 473, 473, 489, 490, 474, 474, 490, 491, 475, 475, 491, 492, 476, 476, 492, 493, 477, 477, 493, 494, 478, 478, 494, 495, 479, 479, 495, 480, 464, 480, 496, 497, 481, 481, 497, 498, 482, 482, 498, 499, 483, 483, 499, 500, 484, 484, 500, 501, 485, 485, 501, 502, 486, 486, 502, 503, 487, 487, 503, 504, 488, 488, 504, 505, 489, 489, 505, 506, 490, 490, 506, 507, 491, 491, 507, 508, 492, 492, 508, 509, 493, 493, 509, 510, 494, 494, 510, 511, 495, 495, 511, 496, 480, 496, 0, 1, 497, 497, 1, 2, 498, 498, 2, 3, 499, 499, 3, 4, 500, 500, 4, 5, 501, 501, 5, 6, 502, 502, 6, 7, 503, 503, 7, 8, 504, 504, 8, 9, 505, 505, 9, 10, 506, 506, 10, 11, 507, 507, 11, 12, 508, 508, 12, 13, 509, 509, 13, 14, 510, 510, 14, 15, 511, 511, 15, 0, 496]
                    rel material:binding = </Mobile/Materials/verdigris>
                }
            }
        }
    }

    def Camera "view"
    {
        double3 xformOp:translate = (0, 2.05, 7.4)
        float3 xformOp:rotateXYZ = (-7, 0, 0)
        uniform token[] xformOpOrder = ["xformOp:translate", "xformOp:rotateXYZ"]
        float focalLength = 21
        float horizontalAperture = 20.955
        float verticalAperture = 15.2908
        float2 clippingRange = (0.1, 100)
    }

    def Scope "Lights"
    {
        def DistantLight "key"
        {
            float3 xformOp:rotateXYZ = (-42, 38, 0)
            uniform token[] xformOpOrder = ["xformOp:rotateXYZ"]
            color3f inputs:color = (0.88, 0.76, 0.58)
            float inputs:intensity = 3000
            float inputs:angle = 0.53
        }

        def SphereLight "fill"
        {
            double3 xformOp:translate = (-2.6, 2.6, 3.0)
            uniform token[] xformOpOrder = ["xformOp:translate"]
            color3f inputs:color = (0.14, 0.19, 0.34)
            float inputs:intensity = 10
            float inputs:radius = 0.3
        }
    }

    def Scope "Materials"
    {
        def Material "stone"
        {
            token outputs:surface.connect = </Mobile/Materials/stone/pbr.outputs:surface>

            def Shader "pbr"
            {
                uniform token info:id = "UsdPreviewSurface"
                color3f inputs:diffuseColor = (0.6, 0.59, 0.56)
                float inputs:roughness = 0.85
                float inputs:metallic = 0.0
                token outputs:surface
            }
        }

        def Material "brass"
        {
            token outputs:surface.connect = </Mobile/Materials/brass/pbr.outputs:surface>

            def Shader "pbr"
            {
                uniform token info:id = "UsdPreviewSurface"
                color3f inputs:diffuseColor = (0.72, 0.58, 0.3)
                float inputs:roughness = 0.4
                float inputs:metallic = 0.7
                token outputs:surface
            }
        }

        def Material "silver"
        {
            token outputs:surface.connect = </Mobile/Materials/silver/pbr.outputs:surface>

            def Shader "pbr"
            {
                uniform token info:id = "UsdPreviewSurface"
                color3f inputs:diffuseColor = (0.75, 0.77, 0.8)
                float inputs:roughness = 0.3
                float inputs:metallic = 0.8
                token outputs:surface
            }
        }

        def Material "lapis"
        {
            token outputs:surface.connect = </Mobile/Materials/lapis/pbr.outputs:surface>

            def Shader "pbr"
            {
                uniform token info:id = "UsdPreviewSurface"
                color3f inputs:diffuseColor = (0.17, 0.3, 0.6)
                float inputs:roughness = 0.35
                float inputs:metallic = 0.0
                token outputs:surface
            }
        }

        def Material "amber"
        {
            token outputs:surface.connect = </Mobile/Materials/amber/pbr.outputs:surface>

            def Shader "pbr"
            {
                uniform token info:id = "UsdPreviewSurface"
                color3f inputs:diffuseColor = (0.92, 0.62, 0.18)
                float inputs:roughness = 0.25
                float inputs:metallic = 0.0
                token outputs:surface
            }
        }

        def Material "verdigris"
        {
            token outputs:surface.connect = </Mobile/Materials/verdigris/pbr.outputs:surface>

            def Shader "pbr"
            {
                uniform token info:id = "UsdPreviewSurface"
                color3f inputs:diffuseColor = (0.35, 0.62, 0.55)
                float inputs:roughness = 0.4
                float inputs:metallic = 0.6
                token outputs:surface
            }
        }
    }
}